contract_id,player,player_id,team,season_index,season_end_year,is_option_season,option_type,aav_naive_musd,option_year_mismatch,aav_realized_musd,aav_final_musd,aav_source
8,Adreian Payne,203940.0,Hawks,1,2015,False,,1.9,False,1.85532,1.85532,realized
8,Adreian Payne,203940.0,Hawks,2,2016,False,,1.9,False,1.93884,1.93884,realized
11,(James) Mike Scott,203118.0,Hawks,1,2015,False,,3.333,False,3.333333,3.333333,realized
11,(James) Mike Scott,203118.0,Hawks,2,2016,False,,3.333,False,3.333333,3.333333,realized
11,(James) Mike Scott,203118.0,Hawks,3,2017,False,,3.333,False,,3.333,estimated_flat
12,Elton Brand,1882.0,Hawks,1,2015,False,,4.0,False,2.0,2.0,realized
13,Kent Bazemore,203145.0,Hawks,1,2015,False,,2.0,False,2.0,2.0,realized
13,Kent Bazemore,203145.0,Hawks,2,2016,False,,2.0,False,2.0,2.0,realized
23,Paul Millsap,200794.0,Hawks,1,2016,False,,19.633,False,18.671659,18.671659,realized
23,Paul Millsap,200794.0,Hawks,2,2017,False,,19.633,False,20.072033,20.072033,realized
23,Paul Millsap,200794.0,Hawks,3,2018,False,,19.633,False,30.769231,30.769231,realized
35,Kent Bazemore,203145.0,Hawks,1,2017,False,,17.5,False,15.730338,15.730338,realized
35,Kent Bazemore,203145.0,Hawks,2,2018,False,,17.5,False,16.910113,16.910113,realized
35,Kent Bazemore,203145.0,Hawks,3,2019,False,,17.5,False,18.089887,18.089887,realized
35,Kent Bazemore,203145.0,Hawks,4,2020,False,,17.5,False,19.269662,19.269662,realized
36,Dwight Howard,2730.0,Hawks,1,2017,False,,23.5,False,23.180275,23.180275,realized
36,Dwight Howard,2730.0,Hawks,2,2018,False,,23.5,False,23.5,23.5,realized
36,Dwight Howard,2730.0,Hawks,3,2019,False,,23.5,False,5.337,5.337,realized
37,Kris Humphries,2743.0,Hawks,1,2017,False,,4.0,False,4.0,4.0,realized
38,DeAndre' Bembry,1627761.0,Hawks,1,2017,False,,1.5,False,1.49976,1.49976,realized
38,DeAndre' Bembry,1627761.0,Hawks,2,2018,False,,1.5,False,1.5672,1.5672,realized
41,Taurean Prince,1627752.0,Hawks,1,2017,False,,2.35,False,2.31828,2.31828,realized
41,Taurean Prince,1627752.0,Hawks,2,2018,False,,2.35,False,2.42256,2.42256,realized
48,Dennis Schröder,203471.0,Hawks,1,2017,False,,17.5,False,2.708582,2.708582,realized
48,Dennis Schröder,203471.0,Hawks,2,2018,False,,17.5,False,15.5,15.5,realized
48,Dennis Schröder,203471.0,Hawks,3,2019,False,,17.5,False,15.5,15.5,realized
48,Dennis Schröder,203471.0,Hawks,4,2020,False,,17.5,False,15.5,15.5,realized
57,John Collins (Martin),1628381.0,Hawks,1,2018,False,,2.1,False,1.93692,1.93692,realized
57,John Collins (Martin),1628381.0,Hawks,2,2019,False,,2.1,False,2.29908,2.29908,realized
58,Tyler Dorsey,1628416.0,Hawks,1,2018,False,,1.1,False,0.815615,0.815615,realized
58,Tyler Dorsey,1628416.0,Hawks,2,2019,False,,1.1,False,1.378242,1.378242,realized
59,Dewayne Dedmon,203473.0,Hawks,1,2018,False,,7.0,False,6.0,6.0,realized
59,Dewayne Dedmon,203473.0,Hawks,2,2019,False,,7.0,False,7.2,7.2,realized
60,Ersan Ilyasova,101141.0,Hawks,1,2018,False,,6.0,False,0.357454,0.357454,realized
61,Mike Muscala,203488.0,Hawks,1,2018,False,,5.0,False,5.0,5.0,realized
61,Mike Muscala,203488.0,Hawks,2,2019,False,,5.0,False,5.0,5.0,realized
70,Isaiah Taylor,1627819.0,Hawks,1,2018,False,,1.475,False,1.312611,1.312611,realized
70,Isaiah Taylor,1627819.0,Hawks,2,2019,False,,1.475,False,,1.475,estimated_flat
72,Tyler Cavanaugh,1628463.0,Hawks,1,2018,False,,0.529,False,,0.529,estimated_flat
86,Kevin Huerter,1628989.0,Hawks,1,2019,False,,2.45,False,2.25096,2.25096,realized
86,Kevin Huerter,1628989.0,Hawks,2,2020,False,,2.45,False,2.63628,2.63628,realized
86,Kevin Huerter,1628989.0,Hawks,3,2021,False,,2.45,False,2.76192,2.76192,realized
86,Kevin Huerter,1628989.0,Hawks,4,2022,False,,2.45,False,4.253357,4.253357,realized
87,Omari Spellman,1629016.0,Hawks,1,2019,False,,1.75,False,1.62048,1.62048,realized
87,Omari Spellman,1629016.0,Hawks,2,2020,False,,1.75,False,1.8978,1.8978,realized
87,Omari Spellman,1629016.0,Hawks,3,2021,False,,1.75,False,,1.75,estimated_flat
87,Omari Spellman,1629016.0,Hawks,4,2022,False,,1.75,False,,1.75,estimated_flat
88,Trae Young,1629027.0,Hawks,1,2019,False,,5.8,False,5.35644,5.35644,realized
88,Trae Young,1629027.0,Hawks,2,2020,False,,5.8,False,6.273,6.273,realized
88,Trae Young,1629027.0,Hawks,3,2021,False,,5.8,False,6.5718,6.5718,realized
88,Trae Young,1629027.0,Hawks,4,2022,False,,5.8,False,8.326471,8.326471,realized
89,Alex Len,203458.0,Hawks,1,2019,False,,4.25,False,4.35,4.35,realized
89,Alex Len,203458.0,Hawks,2,2020,False,,4.25,False,4.16,4.16,realized
92,Daniel Hamilton,1627772.0,Hawks,1,2019,False,,1.35,False,,1.35,estimated_flat
93,Vince Carter,1713.0,Hawks,1,2019,False,,2.4,False,1.512601,1.512601,realized
94,Thomas Robinson,203080.0,Hawks,1,2019,False,,1.9,False,,1.9,estimated_flat
108,Cam Reddish,1629629.0,Hawks,1,2020,False,,4.35,False,4.24572,4.24572,realized
108,Cam Reddish,1629629.0,Hawks,2,2021,False,,4.35,False,4.458,4.458,realized
110,Bruno Fernando,1628981.0,Hawks,1,2020,False,,1.567,False,1.4,1.4,realized
110,Bruno Fernando,1628981.0,Hawks,2,2021,False,,1.567,False,1.517981,1.517981,realized
110,Bruno Fernando,1628981.0,Hawks,3,2022,False,,1.567,False,1.782621,1.782621,realized
111,De'Andre Hunter,1629631.0,Hawks,1,2020,False,,7.25,False,7.06836,7.06836,realized
111,De'Andre Hunter,1629631.0,Hawks,2,2021,False,,7.25,False,7.422,7.422,realized
112,Jabari Parker,203953.0,Hawks,1,2020,False,,6.5,False,6.5,6.5,realized
112,Jabari Parker,203953.0,Hawks,2,2021,True,player,6.5,False,0.430729,0.430729,realized
118,Vince Carter,1713.0,Hawks,1,2020,False,,2.6,False,1.620564,1.620564,realized
125,Rajon Rondo,200765.0,Hawks,1,2021,False,,7.5,False,8.25,8.25,realized
125,Rajon Rondo,200765.0,Hawks,2,2022,False,,7.5,False,1.669178,1.669178,realized
127,Onyeka Okongwu,1630168.0,Hawks,1,2021,False,,5.95,False,5.81364,5.81364,realized
127,Onyeka Okongwu,1630168.0,Hawks,2,2022,False,,5.95,False,6.10428,6.10428,realized
129,Bogdan Bogdanovic,203992.0,Hawks,1,2021,False,,18.0,False,18.0,18.0,realized
129,Bogdan Bogdanovic,203992.0,Hawks,2,2022,False,,18.0,False,18.0,18.0,realized
129,Bogdan Bogdanovic,203992.0,Hawks,3,2023,False,,18.0,False,18.0,18.0,realized
129,Bogdan Bogdanovic,203992.0,Hawks,4,2024,False,,18.0,False,18.7,18.7,realized
130,Solomon Hill,203524.0,Hawks,1,2021,False,,2.2,False,1.620564,1.620564,realized
131,Kris Dunn,1627739.0,Hawks,1,2021,False,,5.0,False,4.767,4.767,realized
131,Kris Dunn,1627739.0,Hawks,2,2022,True,player,5.0,False,,5.0,estimated_flat
133,Jalen Johnson,1630552.0,Hawks,1,2022,False,,3.225,False,2.65968,2.65968,realized
133,Jalen Johnson,1630552.0,Hawks,2,2023,False,,3.225,False,2.79264,2.79264,realized
133,Jalen Johnson,1630552.0,Hawks,3,2024,False,,3.225,False,2.92536,2.92536,realized
133,Jalen Johnson,1630552.0,Hawks,4,2025,False,,3.225,False,4.510905,4.510905,realized
135,Solomon Hill,203524.0,Hawks,1,2022,False,,2.4,False,,2.4,estimated_flat
136,John Collins (Martin),1628381.0,Hawks,1,2022,False,,25.0,False,23.0,23.0,realized
136,John Collins (Martin),1628381.0,Hawks,2,2023,False,,25.0,False,23.5,23.5,realized
136,John Collins (Martin),1628381.0,Hawks,3,2024,False,,25.0,False,25.34,25.34,realized
136,John Collins (Martin),1628381.0,Hawks,4,2025,False,,25.0,False,26.58,26.58,realized
136,John Collins (Martin),1628381.0,Hawks,5,2026,False,,25.0,False,26.58,26.58,realized
137,Louis Williams / Lou Williams,101150.0,Hawks,1,2022,False,,5.0,False,5.0,5.0,realized
138,Trae Young,1629027.0,Hawks,1,2022,False,,34.52,False,8.326471,8.326471,realized
138,Trae Young,1629027.0,Hawks,2,2023,False,,34.52,False,37.0965,37.0965,realized
138,Trae Young,1629027.0,Hawks,3,2024,False,,34.52,False,40.06422,40.06422,realized
138,Trae Young,1629027.0,Hawks,4,2025,False,,34.52,False,43.03194,43.03194,realized
138,Trae Young,1629027.0,Hawks,5,2026,False,,34.52,False,46.3941,46.3941,realized
139,Gorgui Dieng,203476.0,Hawks,1,2022,False,,4.0,False,4.0,4.0,realized
143,Clint Capela,203991.0,Hawks,1,2022,False,,22.7,False,17.103448,17.103448,realized
143,Clint Capela,203991.0,Hawks,2,2023,False,,22.7,False,18.706897,18.706897,realized
148,Kevin Huerter,1628989.0,Hawks,1,2022,False,,16.25,False,4.253357,4.253357,realized
148,Kevin Huerter,1628989.0,Hawks,2,2023,False,,16.25,False,14.508929,14.508929,realized
148,Kevin Huerter,1628989.0,Hawks,3,2024,False,,16.25,False,15.669643,15.669643,realized
148,Kevin Huerter,1628989.0,Hawks,4,2025,False,,16.25,False,16.830357,16.830357,realized
160,A.J. Griffin,1631100.0,Hawks,1,2023,False,,4.275,False,3.53616,3.53616,realized
160,A.J. Griffin,1631100.0,Hawks,2,2024,False,,4.275,False,3.71292,3.71292,realized
160,A.J. Griffin,1631100.0,Hawks,3,2025,False,,4.275,False,,4.275,estimated_flat
160,A.J. Griffin,1631100.0,Hawks,4,2026,False,,4.275,False,,4.275,estimated_flat
161,Aaron Holiday,1628988.0,Hawks,1,2023,False,,2.0,False,1.83609,1.83609,realized
162,Frank Kaminsky,1626163.0,Hawks,1,2023,False,,2.5,False,1.83609,1.83609,realized
163,Tyrese Martin,1631213.0,Hawks,1,2023,False,,1.35,False,1.017781,1.017781,realized
163,Tyrese Martin,1631213.0,Hawks,2,2024,False,,1.35,False,,1.35,estimated_flat
171,De'Andre Hunter,1629631.0,Hawks,1,2023,False,,22.5,False,9.835881,9.835881,realized
171,De'Andre Hunter,1629631.0,Hawks,2,2024,False,,22.5,False,20.089286,20.089286,realized
171,De'Andre Hunter,1629631.0,Hawks,3,2025,False,,22.5,False,21.696429,21.696429,realized
171,De'Andre Hunter,1629631.0,Hawks,4,2026,False,,22.5,False,23.303571,23.303571,realized
175,Bogdan Bogdanovic,203992.0,Hawks,1,2023,False,,17.0,False,18.0,18.0,realized
175,Bogdan Bogdanovic,203992.0,Hawks,2,2024,False,,17.0,False,18.7,18.7,realized
175,Bogdan Bogdanovic,203992.0,Hawks,3,2025,False,,17.0,False,17.26,17.26,realized
175,Bogdan Bogdanovic,203992.0,Hawks,4,2026,False,,17.0,False,16.02,16.02,realized
178,Kobe Bufkin,1641723.0,Hawks,1,2024,False,,4.95,False,4.09428,4.09428,realized
178,Kobe Bufkin,1641723.0,Hawks,2,2025,False,,4.95,False,4.299,4.299,realized
178,Kobe Bufkin,1641723.0,Hawks,3,2026,False,,4.95,False,4.50372,4.50372,realized
178,Kobe Bufkin,1641723.0,Hawks,4,2027,False,,4.95,False,,4.95,estimated_flat
179,Mouhamed Gueye (a),1631243.0,Hawks,1,2024,False,,1.9,False,1.119563,1.119563,realized
179,Mouhamed Gueye (a),1631243.0,Hawks,2,2025,False,,1.9,False,1.891857,1.891857,realized
179,Mouhamed Gueye (a),1631243.0,Hawks,3,2026,False,,1.9,False,2.221677,2.221677,realized
179,Mouhamed Gueye (a),1631243.0,Hawks,4,2027,False,,1.9,False,,1.9,estimated_flat
182,Dejounte Murray,1627749.0,Hawks,1,2024,False,,28.525,False,18.214,18.214,realized
182,Dejounte Murray,1627749.0,Hawks,2,2025,False,,28.525,False,28.817135,28.817135,realized
182,Dejounte Murray,1627749.0,Hawks,3,2026,False,,28.525,False,30.801103,30.801103,realized
182,Dejounte Murray,1627749.0,Hawks,4,2027,True,player,28.525,True,,28.525,estimated_flat
183,Wesley Matthews / Wes Matthews Jr.,202083.0,Hawks,1,2024,False,,3.2,False,2.019706,2.019706,realized
190,Onyeka Okongwu,1630168.0,Hawks,1,2024,False,,15.5,False,8.109063,8.109063,realized
190,Onyeka Okongwu,1630168.0,Hawks,2,2025,False,,15.5,False,14.0,14.0,realized
190,Onyeka Okongwu,1630168.0,Hawks,3,2026,False,,15.5,False,15.0,15.0,realized
190,Onyeka Okongwu,1630168.0,Hawks,4,2027,False,,15.5,False,,15.5,estimated_flat
194,Zaccharie Risacher,1642258.0,Hawks,1,2025,False,,14.25,False,12.56904,12.56904,realized
194,Zaccharie Risacher,1642258.0,Hawks,2,2026,False,,14.25,False,13.19772,13.19772,realized
194,Zaccharie Risacher,1642258.0,Hawks,3,2027,False,,14.25,False,,14.25,estimated_flat
194,Zaccharie Risacher,1642258.0,Hawks,4,2028,False,,14.25,False,,14.25,estimated_flat
196,Vit Krejci,1630249.0,Hawks,1,2025,False,,2.5,False,2.162606,2.162606,realized
196,Vit Krejci,1630249.0,Hawks,2,2026,False,,2.5,False,2.349578,2.349578,realized
196,Vit Krejci,1630249.0,Hawks,3,2027,False,,2.5,False,,2.5,estimated_flat
196,Vit Krejci,1630249.0,Hawks,4,2028,False,,2.5,False,,2.5,estimated_flat
207,Jalen Johnson,1630552.0,Hawks,1,2025,False,,30.0,False,4.510905,4.510905,realized
207,Jalen Johnson,1630552.0,Hawks,2,2026,False,,30.0,False,30.0,30.0,realized
207,Jalen Johnson,1630552.0,Hawks,3,2027,False,,30.0,False,,30.0,estimated_flat
207,Jalen Johnson,1630552.0,Hawks,4,2028,False,,30.0,False,,30.0,estimated_flat
207,Jalen Johnson,1630552.0,Hawks,5,2029,False,,30.0,False,,30.0,estimated_flat
210,Dominick Barlow,1631230.0,Hawks,1,2025,False,,1.4,False,0.491887,0.491887,realized
210,Dominick Barlow,1631230.0,Hawks,2,2026,False,,1.4,False,0.0,0.0,realized
212,Asa Newell,1642854.0,Hawks,1,2026,False,,4.05,False,3.23748,3.23748,realized
212,Asa Newell,1642854.0,Hawks,2,2027,False,,4.05,False,,4.05,estimated_flat
212,Asa Newell,1642854.0,Hawks,3,2028,False,,4.05,False,,4.05,estimated_flat
212,Asa Newell,1642854.0,Hawks,4,2029,False,,4.05,False,,4.05,estimated_flat
214,Clint Capela,203991.0,Hawks,1,2026,False,,7.033,False,6.7,6.7,realized
214,Clint Capela,203991.0,Hawks,2,2027,False,,7.033,False,,7.033,estimated_flat
214,Clint Capela,203991.0,Hawks,3,2028,False,,7.033,False,,7.033,estimated_flat
215,Luke Kennard,1628379.0,Hawks,1,2026,False,,11.0,False,11.0,11.0,realized
220,N'Faly Dante,1642368.0,Hawks,1,2026,False,,2.25,False,2.048494,2.048494,realized
220,N'Faly Dante,1642368.0,Hawks,2,2027,False,,2.25,False,,2.25,estimated_flat
232,Keaton Wallace,1630811.0,Hawks,1,2026,False,,2.3,False,2.296274,2.296274,realized
233,Dyson Daniels,1630700.0,Hawks,1,2026,False,,25.0,False,7.707709,7.707709,realized
233,Dyson Daniels,1630700.0,Hawks,2,2027,False,,25.0,False,,25.0,estimated_flat
233,Dyson Daniels,1630700.0,Hawks,3,2028,False,,25.0,False,,25.0,estimated_flat
233,Dyson Daniels,1630700.0,Hawks,4,2029,False,,25.0,False,,25.0,estimated_flat
240,C.J. McCollum,203468.0,Hawks,1,2026,False,,21.0,False,30.666666,30.666666,realized
244,Jock Landale,1629111.0,Hawks,1,2027,False,,14.0,False,,14.0,estimated_flat
253,Marcus Smart,203935.0,Celtics,1,2015,False,,3.8,False,3.28332,3.28332,realized
253,Marcus Smart,203935.0,Celtics,2,2016,False,,3.8,False,3.43104,3.43104,realized
254,James Young,203923.0,Celtics,1,2015,False,,1.7,False,1.67448,1.67448,realized
254,James Young,203923.0,Celtics,2,2016,False,,1.7,False,1.74984,1.74984,realized
255,Avery Bradley,202340.0,Celtics,1,2015,False,,8.0,False,7.191011,7.191011,realized
255,Avery Bradley,202340.0,Celtics,2,2016,False,,8.0,False,7.730337,7.730337,realized
255,Avery Bradley,202340.0,Celtics,3,2017,False,,8.0,False,8.269663,8.269663,realized
255,Avery Bradley,202340.0,Celtics,4,2018,False,,8.0,False,8.808989,8.808989,realized
257,Kris Humphries,2743.0,Celtics,1,2015,False,,4.333,False,4.25,4.25,realized
257,Kris Humphries,2743.0,Celtics,2,2016,False,,4.333,False,0.245177,0.245177,realized
257,Kris Humphries,2743.0,Celtics,3,2017,False,,4.333,False,4.0,4.0,realized
270,Jae Crowder,203109.0,Celtics,1,2016,False,,7.0,False,6.796117,6.796117,realized
270,Jae Crowder,203109.0,Celtics,2,2017,False,,7.0,False,6.286408,6.286408,realized
270,Jae Crowder,203109.0,Celtics,3,2018,False,,7.0,False,6.796117,6.796117,realized
270,Jae Crowder,203109.0,Celtics,4,2019,False,,7.0,False,7.305825,7.305825,realized
270,Jae Crowder,203109.0,Celtics,5,2020,False,,7.0,False,7.815533,7.815533,realized
271,R.J. Hunter,1626154.0,Celtics,1,2016,False,,1.15,False,1.14864,1.14864,realized
271,R.J. Hunter,1626154.0,Celtics,2,2017,False,,1.15,False,,1.15,estimated_flat
272,Terry Rozier,1626179.0,Celtics,1,2016,False,,1.85,False,1.82436,1.82436,realized
272,Terry Rozier,1626179.0,Celtics,2,2017,False,,1.85,False,1.90644,1.90644,realized
286,Al Horford,201143.0,Celtics,1,2017,False,,28.25,False,26.5401,26.5401,realized
286,Al Horford,201143.0,Celtics,2,2018,False,,28.25,False,27.734405,27.734405,realized
286,Al Horford,201143.0,Celtics,3,2019,False,,28.25,False,28.928709,28.928709,realized
286,Al Horford,201143.0,Celtics,4,2020,False,,28.25,False,28.0,28.0,realized
288,Demetrius Jackson,1627743.0,Celtics,1,2017,False,,1.375,False,1.45,1.45,realized
288,Demetrius Jackson,1627743.0,Celtics,2,2018,False,,1.375,False,0.074159,0.074159,realized
288,Demetrius Jackson,1627743.0,Celtics,3,2019,False,,1.375,False,,1.375,estimated_flat
288,Demetrius Jackson,1627743.0,Celtics,4,2020,False,,1.375,False,,1.375,estimated_flat
290,Jaylen Brown,1627759.0,Celtics,1,2017,False,,4.85,False,4.743,4.743,realized
290,Jaylen Brown,1627759.0,Celtics,2,2018,False,,4.85,False,4.95648,4.95648,realized
291,Tyler Zeller,203092.0,Celtics,1,2017,False,,8.0,False,8.0,8.0,realized
291,Tyler Zeller,203092.0,Celtics,2,2018,False,,8.0,False,1.709538,1.709538,realized
298,Ante Zizic,1627790.0,Celtics,1,2018,False,,1.05,False,1.6452,1.6452,realized
298,Ante Zizic,1627790.0,Celtics,2,2019,False,,1.05,False,1.95276,1.95276,realized
299,Jayson Tatum,1628369.0,Celtics,1,2018,False,,6.15,False,5.6454,5.6454,realized
299,Jayson Tatum,1628369.0,Celtics,2,2019,False,,6.15,False,6.7008,6.7008,realized
300,Abdel Nader,1627846.0,Celtics,1,2018,False,,1.4,False,1.167333,1.167333,realized
300,Abdel Nader,1627846.0,Celtics,2,2019,False,,1.4,False,1.378242,1.378242,realized
300,Abdel Nader,1627846.0,Celtics,3,2020,False,,1.4,False,1.61852,1.61852,realized
301,Gordon Hayward,202330.0,Celtics,1,2018,False,,32.0,False,29.7279,29.7279,realized
301,Gordon Hayward,202330.0,Celtics,2,2019,False,,32.0,False,31.214295,31.214295,realized
301,Gordon Hayward,202330.0,Celtics,3,2020,False,,32.0,False,32.70069,32.70069,realized
301,Gordon Hayward,202330.0,Celtics,4,2021,False,,32.0,False,28.5,28.5,realized
304,Aron Baynes,203382.0,Celtics,1,2018,False,,4.3,False,4.328,4.328,realized
305,Daniel Theis,1628464.0,Celtics,1,2018,False,,1.1,False,0.815615,0.815615,realized
305,Daniel Theis,1628464.0,Celtics,2,2019,False,,1.1,False,1.378242,1.378242,realized
307,Guerschon Yabusele,1627824.0,Celtics,1,2018,False,,2.45,False,2.24748,2.24748,realized
307,Guerschon Yabusele,1627824.0,Celtics,2,2019,False,,2.45,False,2.6676,2.6676,realized
321,Greg Monroe,202328.0,Celtics,1,2018,False,,5.0,False,5.0,5.0,realized
324,Brad Wanamaker,202954.0,Celtics,1,2019,False,,0.838,False,0.838464,0.838464,realized
325,Robert Williams III,1629057.0,Celtics,1,2019,False,,1.8,False,1.65444,1.65444,realized
325,Robert Williams III,1629057.0,Celtics,2,2020,False,,1.8,False,1.93752,1.93752,realized
325,Robert Williams III,1629057.0,Celtics,3,2021,False,,1.8,False,2.02992,2.02992,realized
325,Robert Williams III,1629057.0,Celtics,4,2022,False,,1.8,False,3.661976,3.661976,realized
326,Aron Baynes,203382.0,Celtics,1,2019,False,,5.3,False,5.1936,5.1936,realized
326,Aron Baynes,203382.0,Celtics,2,2020,False,,5.3,False,5.45328,5.45328,realized
328,Marcus Smart,203935.0,Celtics,1,2019,False,,13.0,False,11.660716,11.660716,realized
328,Marcus Smart,203935.0,Celtics,2,2020,False,,13.0,False,12.553471,12.553471,realized
328,Marcus Smart,203935.0,Celtics,3,2021,False,,13.0,False,13.446428,13.446428,realized
328,Marcus Smart,203935.0,Celtics,4,2022,False,,13.0,False,13.839285,13.839285,realized
338,Terry Rozier,1626179.0,Celtics,1,2020,False,,18.9,False,19.894737,19.894737,realized
338,Terry Rozier,1626179.0,Celtics,2,2021,False,,18.9,False,18.9,18.9,realized
338,Terry Rozier,1626179.0,Celtics,3,2022,False,,18.9,False,17.905263,17.905263,realized
339,Grant Williams,1629684.0,Celtics,1,2020,False,,2.45,False,2.37984,2.37984,realized
339,Grant Williams,1629684.0,Celtics,2,2021,False,,2.45,False,2.49876,2.49876,realized
340,Romeo Langford,1629641.0,Celtics,1,2020,False,,3.55,False,3.4584,3.4584,realized
340,Romeo Langford,1629641.0,Celtics,2,2021,False,,3.55,False,3.6312,3.6312,realized
341,Carsen Edwards,1629035.0,Celtics,1,2020,False,,1.5,False,1.228026,1.228026,realized
341,Carsen Edwards,1629035.0,Celtics,2,2021,False,,1.5,False,1.517981,1.517981,realized
341,Carsen Edwards,1629035.0,Celtics,3,2022,False,,1.5,False,0.076744,0.076744,realized
341,Carsen Edwards,1629035.0,Celtics,4,2023,True,team,1.5,False,,1.5,estimated_flat
342,Vincent Poirier,1629738.0,Celtics,1,2020,False,,2.565,False,2.505793,2.505793,realized
342,Vincent Poirier,1629738.0,Celtics,2,2021,False,,2.565,False,,2.565,estimated_flat
344,Daniel Theis,1628464.0,Celtics,1,2020,False,,5.0,False,5.0,5.0,realized
344,Daniel Theis,1628464.0,Celtics,2,2021,False,,5.0,False,5.0,5.0,realized
345,Enes Kanter / Enes Freedom,202683.0,Celtics,1,2020,False,,4.9,False,4.767,4.767,realized
345,Enes Kanter / Enes Freedom,202683.0,Celtics,2,2021,False,,4.9,False,5.00535,5.00535,realized
347,Javonte Green,1629750.0,Celtics,1,2020,False,,1.2,False,0.89831,0.89831,realized
347,Javonte Green,1629750.0,Celtics,2,2021,False,,1.2,False,1.517981,1.517981,realized
356,Jaylen Brown,1627759.0,Celtics,1,2020,False,,26.75,False,6.534829,6.534829,realized
356,Jaylen Brown,1627759.0,Celtics,2,2021,False,,26.75,False,23.4375,23.4375,realized
356,Jaylen Brown,1627759.0,Celtics,3,2022,False,,26.75,False,26.758929,26.758929,realized
356,Jaylen Brown,1627759.0,Celtics,4,2023,False,,26.75,False,29.776785,29.776785,realized
360,Aaron Nesmith,1630174.0,Celtics,1,2021,False,,3.5,False,3.4584,3.4584,realized
360,Aaron Nesmith,1630174.0,Celtics,2,2022,False,,3.5,False,3.6312,3.6312,realized
361,Payton Pritchard,1630202.0,Celtics,1,2021,False,,2.1,False,2.0358,2.0358,realized
361,Payton Pritchard,1630202.0,Celtics,2,2022,False,,2.1,False,2.13744,2.13744,realized
362,Jayson Tatum,1628369.0,Celtics,1,2021,False,,32.6,False,9.89712,9.89712,realized
362,Jayson Tatum,1628369.0,Celtics,2,2022,False,,32.6,False,28.1035,28.1035,realized
362,Jayson Tatum,1628369.0,Celtics,3,2023,False,,32.6,False,30.35178,30.35178,realized
362,Jayson Tatum,1628369.0,Celtics,4,2024,False,,32.6,False,32.60006,32.60006,realized
362,Jayson Tatum,1628369.0,Celtics,5,2025,True,player,32.6,True,34.84834,34.84834,realized
363,Gordon Hayward,202330.0,Celtics,1,2021,False,,30.0,False,28.5,28.5,realized
363,Gordon Hayward,202330.0,Celtics,2,2022,False,,30.0,False,29.925,29.925,realized
363,Gordon Hayward,202330.0,Celtics,3,2023,False,,30.0,False,30.075,30.075,realized
363,Gordon Hayward,202330.0,Celtics,4,2024,False,,30.0,False,33.319397,33.319397,realized
365,Tristan Thompson,202684.0,Celtics,1,2021,False,,9.5,False,9.258,9.258,realized
365,Tristan Thompson,202684.0,Celtics,2,2022,False,,9.5,False,1.0,1.0,realized
367,Jabari Parker,203953.0,Celtics,1,2021,False,,1.35,False,0.430729,0.430729,realized
367,Jabari Parker,203953.0,Celtics,2,2022,False,,1.35,False,,1.35,estimated_flat
369,Dennis Schröder,203471.0,Celtics,1,2022,False,,5.9,False,5.89,5.89,realized
370,Enes Kanter / Enes Freedom,202683.0,Celtics,1,2022,False,,2.6,False,,2.6,estimated_flat
372,Evan Fournier,203095.0,Celtics,1,2022,False,,18.25,False,17.142857,17.142857,realized
372,Evan Fournier,203095.0,Celtics,2,2023,False,,18.25,False,18.0,18.0,realized
372,Evan Fournier,203095.0,Celtics,3,2024,False,,18.25,False,18.857143,18.857143,realized
372,Evan Fournier,203095.0,Celtics,4,2025,False,,18.25,False,,18.25,estimated_flat
374,Josh Richardson,1626196.0,Celtics,1,2022,False,,12.2,False,11.615328,11.615328,realized
375,Robert Williams III,1629057.0,Celtics,1,2022,False,,12.0,False,3.661976,3.661976,realized
375,Robert Williams III,1629057.0,Celtics,2,2023,False,,12.0,False,10.714287,10.714287,realized
375,Robert Williams III,1629057.0,Celtics,3,2024,False,,12.0,False,11.571429,11.571429,realized
375,Robert Williams III,1629057.0,Celtics,4,2025,False,,12.0,False,12.428571,12.428571,realized
391,Sam Hauser,1630573.0,Celtics,1,2022,False,,0.95,False,0.313737,0.313737,realized
391,Sam Hauser,1630573.0,Celtics,2,2023,False,,0.95,False,1.637966,1.637966,realized
402,Luke Kornet,1628436.0,Celtics,1,2023,False,,2.3,False,2.133278,2.133278,realized
402,Luke Kornet,1628436.0,Celtics,2,2024,False,,2.3,False,2.413304,2.413304,realized
404,Danilo Gallinari,201568.0,Celtics,1,2023,False,,6.65,False,,6.65,estimated_flat
404,Danilo Gallinari,201568.0,Celtics,2,2024,False,,6.65,False,0.661628,0.661628,realized
412,Blake Griffin,201933.0,Celtics,1,2023,False,,2.9,False,1.83609,1.83609,realized
418,Al Horford,201143.0,Celtics,1,2023,False,,10.0,False,26.5,26.5,realized
418,Al Horford,201143.0,Celtics,2,2024,False,,10.0,False,10.0,10.0,realized
422,Grant Williams,1629684.0,Celtics,1,2024,False,,13.325,False,12.405,12.405,realized
422,Grant Williams,1629684.0,Celtics,2,2025,False,,13.325,False,13.02525,13.02525,realized
422,Grant Williams,1629684.0,Celtics,3,2026,False,,13.325,False,13.6455,13.6455,realized
422,Grant Williams,1629684.0,Celtics,4,2027,False,,13.325,False,,13.325,estimated_flat
423,Jordan Walsh,1641775.0,Celtics,1,2024,False,,1.9,False,1.119563,1.119563,realized
423,Jordan Walsh,1641775.0,Celtics,2,2025,False,,1.9,False,1.891857,1.891857,realized
423,Jordan Walsh,1641775.0,Celtics,3,2026,False,,1.9,False,2.221677,2.221677,realized
423,Jordan Walsh,1641775.0,Celtics,4,2027,True,team,1.9,False,,1.9,estimated_flat
424,Oshae Brissett,1629052.0,Celtics,1,2024,False,,2.3,False,2.165,2.165,realized
424,Oshae Brissett,1629052.0,Celtics,2,2025,True,player,2.3,False,2.087519,2.087519,realized
426,Kristaps Porzingis,204001.0,Celtics,1,2024,False,,30.0,False,36.0162,36.0162,realized
426,Kristaps Porzingis,204001.0,Celtics,2,2025,False,,30.0,False,29.268293,29.268293,realized
428,Dalano Banton,1630625.0,Celtics,1,2024,False,,2.1,False,2.019706,2.019706,realized
428,Dalano Banton,1630625.0,Celtics,2,2025,False,,2.1,False,2.19697,2.19697,realized
429,Jaylen Brown,1627759.0,Celtics,1,2024,False,,57.66,False,31.830357,31.830357,realized
429,Jaylen Brown,1627759.0,Celtics,2,2025,False,,57.66,False,49.2058,49.2058,realized
429,Jaylen Brown,1627759.0,Celtics,3,2026,False,,57.66,False,53.142264,53.142264,realized
429,Jaylen Brown,1627759.0,Celtics,4,2027,False,,57.66,False,,57.66,estimated_flat
429,Jaylen Brown,1627759.0,Celtics,5,2028,False,,57.66,False,,57.66,estimated_flat
431,Sviatoslav Mykhailiuk / Svi Mykhailiuk,1629004.0,Celtics,1,2024,False,,2.4,False,2.019706,2.019706,realized
441,Payton Pritchard,1630202.0,Celtics,1,2024,False,,7.5,False,4.037278,4.037278,realized
441,Payton Pritchard,1630202.0,Celtics,2,2025,False,,7.5,False,6.696429,6.696429,realized
441,Payton Pritchard,1630202.0,Celtics,3,2026,False,,7.5,False,7.232143,7.232143,realized
441,Payton Pritchard,1630202.0,Celtics,4,2027,False,,7.5,False,,7.5,estimated_flat
447,Jrue Holiday,201950.0,Celtics,1,2024,False,,33.75,False,37.620347,37.620347,realized
447,Jrue Holiday,201950.0,Celtics,2,2025,False,,33.75,False,30.0,30.0,realized
447,Jrue Holiday,201950.0,Celtics,3,2026,False,,33.75,False,32.4,32.4,realized
447,Jrue Holiday,201950.0,Celtics,4,2027,True,player,33.75,True,,33.75,estimated_flat
449,Baylor Scheierman,1631248.0,Celtics,1,2025,False,,3.2,False,2.49432,2.49432,realized
449,Baylor Scheierman,1631248.0,Celtics,2,2026,False,,3.2,False,2.619,2.619,realized
449,Baylor Scheierman,1631248.0,Celtics,3,2027,False,,3.2,False,,3.2,estimated_flat
449,Baylor Scheierman,1631248.0,Celtics,4,2028,False,,3.2,False,,3.2,estimated_flat
450,Derrick White,1628401.0,Celtics,1,2025,False,,29.5,False,19.821429,19.821429,realized
450,Derrick White,1628401.0,Celtics,2,2026,False,,29.5,False,28.1,28.1,realized
450,Derrick White,1628401.0,Celtics,3,2027,False,,29.5,False,,29.5,estimated_flat
450,Derrick White,1628401.0,Celtics,4,2028,True,player,29.5,True,,29.5,estimated_flat
451,Jayson Tatum,1628369.0,Celtics,1,2025,False,,62.8,False,34.84834,34.84834,realized
451,Jayson Tatum,1628369.0,Celtics,2,2026,False,,62.8,False,54.12645,54.12645,realized
451,Jayson Tatum,1628369.0,Celtics,3,2027,False,,62.8,False,,62.8,estimated_flat
451,Jayson Tatum,1628369.0,Celtics,4,2028,False,,62.8,False,,62.8,estimated_flat
451,Jayson Tatum,1628369.0,Celtics,5,2029,True,player,62.8,True,,62.8,estimated_flat
453,Neemias Queta,1629674.0,Celtics,1,2025,False,,2.4,False,2.162606,2.162606,realized
453,Neemias Queta,1629674.0,Celtics,2,2026,False,,2.4,False,2.349578,2.349578,realized
453,Neemias Queta,1629674.0,Celtics,3,2027,False,,2.4,False,,2.4,estimated_flat
454,Xavier Tillman,1630214.0,Celtics,1,2025,False,,2.4,False,2.237691,2.237691,realized
454,Xavier Tillman,1630214.0,Celtics,2,2026,False,,2.4,False,2.546675,2.546675,realized
458,Sam Hauser,1630573.0,Celtics,1,2025,False,,11.25,False,2.092344,2.092344,realized
458,Sam Hauser,1630573.0,Celtics,2,2026,False,,11.25,False,10.044644,10.044644,realized
458,Sam Hauser,1630573.0,Celtics,3,2027,False,,11.25,False,,11.25,estimated_flat
458,Sam Hauser,1630573.0,Celtics,4,2028,False,,11.25,False,,11.25,estimated_flat
469,Hugo González,1642864.0,Celtics,1,2026,False,,3.575,False,2.78388,2.78388,realized
469,Hugo González,1642864.0,Celtics,2,2027,False,,3.575,False,,3.575,estimated_flat
469,Hugo González,1642864.0,Celtics,3,2028,False,,3.575,False,,3.575,estimated_flat
469,Hugo González,1642864.0,Celtics,4,2029,False,,3.575,False,,3.575,estimated_flat
470,Luka Garza,1630568.0,Celtics,1,2026,False,,2.65,False,2.461463,2.461463,realized
470,Luka Garza,1630568.0,Celtics,2,2027,False,,2.65,False,,2.65,estimated_flat
471,Josh Minott,1631169.0,Celtics,1,2026,False,,2.5,False,2.37887,2.37887,realized
471,Josh Minott,1631169.0,Celtics,2,2027,False,,2.5,False,,2.5,estimated_flat
475,Chris Boucher,1628449.0,Celtics,1,2026,False,,3.3,False,2.296274,2.296274,realized
486,Amari Williams,1642873.0,Celtics,1,2026,False,,1.35,False,0.0,0.0,realized
486,Amari Williams,1642873.0,Celtics,2,2027,False,,1.35,False,,1.35,estimated_flat
491,Max Shulga,1642917.0,Celtics,1,2026,False,,1.2,False,0.0,0.0,realized
491,Max Shulga,1642917.0,Celtics,2,2027,True,team,1.2,False,,1.2,estimated_flat
494,Dalano Banton,1630625.0,Celtics,1,2026,False,,1.4,False,,1.4,estimated_flat
494,Dalano Banton,1630625.0,Celtics,2,2027,False,,1.4,False,,1.4,estimated_flat
497,Mike Conley Jr.,201144.0,Celtics,1,2027,False,,3.9,False,,3.9,estimated_flat
498,Mitchell Robinson,1629011.0,Celtics,1,2027,False,,15.8,False,,15.8,estimated_flat
498,Mitchell Robinson,1629011.0,Celtics,2,2028,False,,15.8,False,,15.8,estimated_flat
498,Mitchell Robinson,1629011.0,Celtics,3,2029,True,player,15.8,False,,15.8,estimated_flat
499,Neemias Queta,1629674.0,Celtics,1,2027,False,,14.0,False,,14.0,estimated_flat
499,Neemias Queta,1629674.0,Celtics,2,2028,False,,14.0,False,,14.0,estimated_flat
499,Neemias Queta,1629674.0,Celtics,3,2029,False,,14.0,False,,14.0,estimated_flat
499,Neemias Queta,1629674.0,Celtics,4,2030,False,,14.0,False,,14.0,estimated_flat
500,Ron Harper Jr.,1631199.0,Celtics,1,2027,False,,3.425,False,,3.425,estimated_flat
500,Ron Harper Jr.,1631199.0,Celtics,2,2028,False,,3.425,False,,3.425,estimated_flat
500,Ron Harper Jr.,1631199.0,Celtics,3,2029,False,,3.425,False,,3.425,estimated_flat
500,Ron Harper Jr.,1631199.0,Celtics,4,2030,True,team,3.425,False,,3.425,estimated_flat
503,Jordan Walsh,1641775.0,Celtics,1,2027,False,,5.0,False,,5.0,estimated_flat
503,Jordan Walsh,1641775.0,Celtics,2,2028,False,,5.0,False,,5.0,estimated_flat
503,Jordan Walsh,1641775.0,Celtics,3,2029,False,,5.0,False,,5.0,estimated_flat
511,Alan Anderson,101187.0,Nets,1,2015,False,,1.5,False,1.276061,1.276061,realized
511,Alan Anderson,101187.0,Nets,2,2016,False,,1.5,False,4.0,4.0,realized
512,Bojan Bogdanovic,202711.0,Nets,1,2015,False,,3.433,False,3.278,3.278,realized
512,Bojan Bogdanovic,202711.0,Nets,2,2016,False,,3.433,False,3.42551,3.42551,realized
512,Bojan Bogdanovic,202711.0,Nets,3,2017,False,,3.433,False,3.730653,3.730653,realized
524,Chris McCullough,1626191.0,Nets,1,2016,False,,1.15,False,1.14024,1.14024,realized
524,Chris McCullough,1626191.0,Nets,2,2017,False,,1.15,False,,1.15,estimated_flat
525,Rondae Hollis-Jefferson,1626178.0,Nets,1,2016,False,,1.35,False,1.33548,1.33548,realized
525,Rondae Hollis-Jefferson,1626178.0,Nets,2,2017,False,,1.35,False,1.3956,1.3956,realized
527,Shane Larkin,203499.0,Nets,1,2016,False,,1.5,False,1.5,1.5,realized
527,Shane Larkin,203499.0,Nets,2,2017,False,,1.5,False,,1.5,estimated_flat
528,Thaddeus Young,201152.0,Nets,1,2016,False,,12.5,False,11.235955,11.235955,realized
528,Thaddeus Young,201152.0,Nets,2,2017,False,,12.5,False,14.153652,14.153652,realized
528,Thaddeus Young,201152.0,Nets,3,2018,False,,12.5,False,14.796348,14.796348,realized
528,Thaddeus Young,201152.0,Nets,4,2019,False,,12.5,False,13.764045,13.764045,realized
529,Thomas Robinson,203080.0,Nets,1,2016,False,,1.5,False,0.981348,0.981348,realized
529,Thomas Robinson,203080.0,Nets,2,2017,False,,1.5,False,0.980431,0.980431,realized
545,Jeremy Lin,202391.0,Nets,1,2017,False,,12.0,False,11.483254,11.483254,realized
545,Jeremy Lin,202391.0,Nets,2,2018,False,,12.0,False,12.0,12.0,realized
545,Jeremy Lin,202391.0,Nets,3,2019,False,,12.0,False,0.487109,0.487109,realized
547,Trevor Booker,202344.0,Nets,1,2017,False,,9.0,False,9.25,9.25,realized
547,Trevor Booker,202344.0,Nets,2,2018,False,,9.0,False,0.332516,0.332516,realized
548,Justin Hamilton (Anthony),203120.0,Nets,1,2017,False,,3.0,False,3.0,3.0,realized
548,Justin Hamilton (Anthony),203120.0,Nets,2,2018,False,,3.0,False,,3.0,estimated_flat
549,Greivis Vasquez,202349.0,Nets,1,2017,False,,5.0,False,,5.0,estimated_flat
552,Caris LeVert,1627747.0,Nets,1,2017,False,,1.6,False,1.56228,1.56228,realized
552,Caris LeVert,1627747.0,Nets,2,2018,False,,1.6,False,1.63248,1.63248,realized
570,Archie Goodwin,203462.0,Nets,1,2017,False,,0.8,False,0.075,0.075,realized
570,Archie Goodwin,203462.0,Nets,2,2018,False,,0.8,False,,0.8,estimated_flat
572,Jarrett Allen,1628386.0,Nets,1,2018,False,,1.875,False,1.71372,1.71372,realized
572,Jarrett Allen,1628386.0,Nets,2,2019,False,,1.875,False,2.03412,2.03412,realized
572,Jarrett Allen,1628386.0,Nets,3,2020,False,,1.875,False,2.37684,2.37684,realized
572,Jarrett Allen,1628386.0,Nets,4,2021,False,,1.875,False,3.909902,3.909902,realized
577,Tyler Zeller,203092.0,Nets,1,2018,False,,1.8,False,1.709538,1.709538,realized
577,Tyler Zeller,203092.0,Nets,2,2019,False,,1.8,False,0.051275,0.051275,realized
583,Dzanan Musa,1629058.0,Nets,1,2019,False,,1.75,False,1.63224,1.63224,realized
583,Dzanan Musa,1629058.0,Nets,2,2020,False,,1.75,False,1.9116,1.9116,realized
584,Rodions Kurucs,1629066.0,Nets,1,2019,False,,1.7,False,1.61832,1.61832,realized
584,Rodions Kurucs,1629066.0,Nets,2,2020,False,,1.7,False,1.699236,1.699236,realized
584,Rodions Kurucs,1629066.0,Nets,3,2021,False,,1.7,False,,1.7,estimated_flat
584,Rodions Kurucs,1629066.0,Nets,4,2022,False,,1.7,False,,1.7,estimated_flat
585,Shabazz Napier,203894.0,Nets,1,2019,False,,1.9,False,1.942422,1.942422,realized
585,Shabazz Napier,203894.0,Nets,2,2020,False,,1.9,False,1.845301,1.845301,realized
586,Joe Harris,203925.0,Nets,1,2019,False,,8.0,False,8.333333,8.333333,realized
586,Joe Harris,203925.0,Nets,2,2020,False,,8.0,False,7.666667,7.666667,realized
587,Ed Davis (Adam),202334.0,Nets,1,2019,False,,4.4,False,4.449,4.449,realized
588,Treveon Graham,1626203.0,Nets,1,2019,False,,1.6,False,1.512601,1.512601,realized
588,Treveon Graham,1626203.0,Nets,2,2020,False,,1.6,False,,1.6,estimated_flat
597,Spencer Dinwiddie,203915.0,Nets,1,2019,False,,11.333,False,1.656092,1.656092,realized
597,Spencer Dinwiddie,203915.0,Nets,2,2020,False,,11.333,False,10.6056,10.6056,realized
597,Spencer Dinwiddie,203915.0,Nets,3,2021,False,,11.333,False,11.454048,11.454048,realized
605,DeAndre Jordan,201599.0,Nets,1,2020,False,,10.0,False,9.881598,9.881598,realized
605,DeAndre Jordan,201599.0,Nets,2,2021,False,,10.0,False,10.375678,10.375678,realized
605,DeAndre Jordan,201599.0,Nets,3,2022,False,,10.0,False,0.374126,0.374126,realized
605,DeAndre Jordan,201599.0,Nets,4,2023,False,,10.0,False,1.83609,1.83609,realized
606,Kyrie Irving,202681.0,Nets,1,2020,False,,34.125,False,31.742,31.742,realized
606,Kyrie Irving,202681.0,Nets,2,2021,False,,34.125,False,33.72285,33.72285,realized
606,Kyrie Irving,202681.0,Nets,3,2022,False,,34.125,False,35.3287,35.3287,realized
606,Kyrie Irving,202681.0,Nets,4,2023,False,,34.125,False,39.060807,39.060807,realized
607,DeMarre Carroll,201960.0,Nets,1,2020,False,,10.5,False,0.512721,0.512721,realized
607,DeMarre Carroll,201960.0,Nets,2,2021,False,,10.5,False,,10.5,estimated_flat
608,Nicolas Claxton / Nic Claxton,1629651.0,Nets,1,2020,False,,1.4,False,0.89831,0.89831,realized
608,Nicolas Claxton / Nic Claxton,1629651.0,Nets,2,2021,False,,1.4,False,1.517981,1.517981,realized
608,Nicolas Claxton / Nic Claxton,1629651.0,Nets,3,2022,False,,1.4,False,1.782621,1.782621,realized
609,D'Angelo Russell,1626156.0,Nets,1,2020,False,,29.25,False,27.285,27.285,realized
609,D'Angelo Russell,1626156.0,Nets,2,2021,False,,29.25,False,28.64925,28.64925,realized
609,D'Angelo Russell,1626156.0,Nets,3,2022,False,,29.25,False,30.0135,30.0135,realized
609,D'Angelo Russell,1626156.0,Nets,4,2023,False,,29.25,False,31.37775,31.37775,realized
611,Theo Pinson,1629033.0,Nets,1,2020,False,,0.7,False,1.445697,1.445697,realized
611,Theo Pinson,1629033.0,Nets,2,2021,False,,0.7,False,,0.7,estimated_flat
612,Wilson Chandler,201163.0,Nets,1,2020,False,,2.6,False,1.620564,1.620564,realized
613,David Nwaba,1628021.0,Nets,1,2020,False,,1.75,False,0.903111,0.903111,realized
613,David Nwaba,1628021.0,Nets,2,2021,False,,1.75,False,1.824003,1.824003,realized
616,Caris LeVert,1627747.0,Nets,1,2020,False,,17.5,False,2.625718,2.625718,realized
616,Caris LeVert,1627747.0,Nets,2,2021,False,,17.5,False,16.203704,16.203704,realized
616,Caris LeVert,1627747.0,Nets,3,2022,False,,17.5,False,17.5,17.5,realized
622,Taurean Prince,1627752.0,Nets,1,2020,False,,14.5,False,3.481986,3.481986,realized
622,Taurean Prince,1627752.0,Nets,2,2021,False,,14.5,False,12.25,12.25,realized
624,Iman Shumpert,202697.0,Nets,1,2020,False,,2.0,False,,2.0,estimated_flat
639,Jeff Green,201145.0,Nets,1,2021,False,,2.6,False,1.620564,1.620564,realized
640,Joe Harris,203925.0,Nets,1,2021,False,,18.75,False,16.071429,16.071429,realized
640,Joe Harris,203925.0,Nets,2,2022,False,,18.75,False,17.357143,17.357143,realized
640,Joe Harris,203925.0,Nets,3,2023,False,,18.75,False,18.642857,18.642857,realized
640,Joe Harris,203925.0,Nets,4,2024,False,,18.75,False,,18.75,estimated_flat
642,Tyler Johnson,204020.0,Nets,1,2021,False,,2.0,False,1.620564,1.620564,realized
643,Chris Chiozza,1629185.0,Nets,1,2021,False,,1.6,False,,1.6,estimated_flat
660,Alize Johnson,1628993.0,Nets,1,2021,False,,1.367,False,0.399591,0.399591,realized
660,Alize Johnson,1628993.0,Nets,2,2022,False,,1.367,False,,1.367,estimated_flat
660,Alize Johnson,1628993.0,Nets,3,2023,False,,1.367,False,,1.367,estimated_flat
665,Cameron Thomas / Cam Thomas,1630560.0,Nets,1,2022,False,,2.625,False,2.03628,2.03628,realized
665,Cameron Thomas / Cam Thomas,1630560.0,Nets,2,2023,False,,2.625,False,2.13816,2.13816,realized
665,Cameron Thomas / Cam Thomas,1630560.0,Nets,3,2024,False,,2.625,False,2.24016,2.24016,realized
665,Cameron Thomas / Cam Thomas,1630560.0,Nets,4,2025,False,,2.625,False,4.041249,4.041249,realized
666,James Johnson,201949.0,Nets,1,2022,False,,2.6,False,,2.6,estimated_flat
668,Day'Ron Sharpe,1630549.0,Nets,1,2022,False,,2.55,False,2.00916,2.00916,realized
668,Day'Ron Sharpe,1630549.0,Nets,2,2023,False,,2.55,False,2.10948,2.10948,realized
668,Day'Ron Sharpe,1630549.0,Nets,3,2024,False,,2.55,False,2.21004,2.21004,realized
668,Day'Ron Sharpe,1630549.0,Nets,4,2025,False,,2.55,False,3.989122,3.989122,realized
669,Bruce Brown,1628971.0,Nets,1,2022,False,,4.7,False,4.736102,4.736102,realized
671,DeAndre' Bembry,1627761.0,Nets,1,2022,False,,1.9,False,,1.9,estimated_flat
672,Kevin Durant,201142.0,Nets,1,2022,False,,48.55,False,42.0189,42.0189,realized
672,Kevin Durant,201142.0,Nets,2,2023,False,,48.55,False,44.124845,44.124845,realized
672,Kevin Durant,201142.0,Nets,3,2024,False,,48.55,False,47.649433,47.649433,realized
672,Kevin Durant,201142.0,Nets,4,2025,False,,48.55,False,51.179021,51.179021,realized
673,Blake Griffin,201933.0,Nets,1,2022,False,,2.6,False,1.669178,1.669178,realized
674,Patrick Mills / Patty Mills,201988.0,Nets,1,2022,False,,6.0,False,5.89,5.89,realized
674,Patrick Mills / Patty Mills,201988.0,Nets,2,2023,False,,6.0,False,6.479,6.479,realized
676,LaMarcus Aldridge,200746.0,Nets,1,2022,False,,2.6,False,1.669178,1.669178,realized
678,Paul Millsap,200794.0,Nets,1,2022,False,,2.6,False,1.669178,1.669178,realized
693,Kessler Edwards,1630556.0,Nets,1,2023,False,,1.8,False,1.637966,1.637966,realized
693,Kessler Edwards,1630556.0,Nets,2,2024,False,,1.8,False,1.927896,1.927896,realized
694,Nicolas Claxton / Nic Claxton,1629651.0,Nets,1,2023,False,,8.6,False,9.35,9.35,realized
694,Nicolas Claxton / Nic Claxton,1629651.0,Nets,2,2024,False,,8.6,False,9.625,9.625,realized
695,T.J. Warren,203933.0,Nets,1,2023,False,,2.6,False,1.83609,1.83609,realized
696,Edmond Sumner,1628410.0,Nets,1,2023,False,,2.1,False,1.968175,1.968175,realized
696,Edmond Sumner,1628410.0,Nets,2,2024,False,,2.1,False,,2.1,estimated_flat
697,Patrick Mills / Patty Mills,201988.0,Nets,1,2023,False,,6.65,False,6.479,6.479,realized
697,Patrick Mills / Patty Mills,201988.0,Nets,2,2024,False,,6.65,False,0.4643,0.4643,realized
699,Markieff Morris,202693.0,Nets,1,2023,False,,3.0,False,1.83609,1.83609,realized
719,Cameron Johnson,1629661.0,Nets,1,2024,False,,23.625,False,24.456522,24.456522,realized
719,Cameron Johnson,1629661.0,Nets,2,2025,False,,23.625,False,23.0625,23.0625,realized
719,Cameron Johnson,1629661.0,Nets,3,2026,False,,23.625,False,21.057065,21.057065,realized
719,Cameron Johnson,1629661.0,Nets,4,2027,False,,23.625,False,,23.625,estimated_flat
720,Dennis Smith Jr.,1628372.0,Nets,1,2024,False,,2.5,False,2.019706,2.019706,realized
721,Dariq Whitehead,1641727.0,Nets,1,2024,False,,3.675,False,2.96604,2.96604,realized
721,Dariq Whitehead,1641727.0,Nets,2,2025,False,,3.675,False,3.11424,3.11424,realized
721,Dariq Whitehead,1641727.0,Nets,3,2026,False,,3.675,False,3.26256,3.26256,realized
721,Dariq Whitehead,1641727.0,Nets,4,2027,False,,3.675,False,,3.675,estimated_flat
722,Lonnie Walker IV,1629022.0,Nets,1,2024,False,,2.3,False,2.019706,2.019706,realized
723,Noah Clowney,1641730.0,Nets,1,2024,False,,3.8,False,3.08952,3.08952,realized
723,Noah Clowney,1641730.0,Nets,2,2025,False,,3.8,False,3.24408,3.24408,realized
723,Noah Clowney,1641730.0,Nets,3,2026,False,,3.8,False,3.39864,3.39864,realized
723,Noah Clowney,1641730.0,Nets,4,2027,False,,3.8,False,,3.8,estimated_flat
724,Darius Bazley,1629647.0,Nets,1,2024,False,,2.2,False,0.5,0.5,realized
726,Trendon Watford,1630570.0,Nets,1,2024,False,,2.0,False,2.019706,2.019706,realized
740,Nicolas Claxton / Nic Claxton,1629651.0,Nets,1,2024,False,,25.0,False,9.625,9.625,realized
740,Nicolas Claxton / Nic Claxton,1629651.0,Nets,2,2025,False,,25.0,False,27.556817,27.556817,realized
740,Nicolas Claxton / Nic Claxton,1629651.0,Nets,3,2026,False,,25.0,False,25.352272,25.352272,realized
740,Nicolas Claxton / Nic Claxton,1629651.0,Nets,4,2027,False,,25.0,False,,25.0,estimated_flat
743,Nicolas Claxton / Nic Claxton,1629651.0,Nets,1,2025,False,,24.25,False,27.556817,27.556817,realized
743,Nicolas Claxton / Nic Claxton,1629651.0,Nets,2,2026,False,,24.25,False,25.352272,25.352272,realized
743,Nicolas Claxton / Nic Claxton,1629651.0,Nets,3,2027,False,,24.25,False,,24.25,estimated_flat
743,Nicolas Claxton / Nic Claxton,1629651.0,Nets,4,2028,False,,24.25,False,,24.25,estimated_flat
744,Trendon Watford,1630570.0,Nets,1,2025,False,,2.0,False,2.726603,2.726603,realized
745,Keon Johnson,1630553.0,Nets,1,2025,False,,2.25,False,2.162606,2.162606,realized
745,Keon Johnson,1630553.0,Nets,2,2026,False,,2.25,False,,2.25,estimated_flat
761,Ben Saraf,1642879.0,Nets,1,2026,False,,3.7,False,2.88456,2.88456,realized
761,Ben Saraf,1642879.0,Nets,2,2027,False,,3.7,False,,3.7,estimated_flat
761,Ben Saraf,1642879.0,Nets,3,2028,False,,3.7,False,,3.7,estimated_flat
761,Ben Saraf,1642879.0,Nets,4,2029,False,,3.7,False,,3.7,estimated_flat
762,Danny Wolf,1642874.0,Nets,1,2026,False,,3.35,False,2.80128,2.80128,realized
762,Danny Wolf,1642874.0,Nets,2,2027,False,,3.35,False,,3.35,estimated_flat
762,Danny Wolf,1642874.0,Nets,3,2028,False,,3.35,False,,3.35,estimated_flat
762,Danny Wolf,1642874.0,Nets,4,2029,False,,3.35,False,,3.35,estimated_flat
763,Egor Demin,1642856.0,Nets,1,2026,False,,1.725,False,6.8892,6.8892,realized
763,Egor Demin,1642856.0,Nets,2,2027,False,,1.725,False,,1.725,estimated_flat
763,Egor Demin,1642856.0,Nets,3,2028,False,,1.725,False,,1.725,estimated_flat
763,Egor Demin,1642856.0,Nets,4,2029,False,,1.725,False,,1.725,estimated_flat
765,Nolan Traoré,1642849.0,Nets,1,2026,False,,4.625,False,3.81156,3.81156,realized
765,Nolan Traoré,1642849.0,Nets,2,2027,False,,4.625,False,,4.625,estimated_flat
765,Nolan Traoré,1642849.0,Nets,3,2028,False,,4.625,False,,4.625,estimated_flat
765,Nolan Traoré,1642849.0,Nets,4,2029,False,,4.625,False,,4.625,estimated_flat
766,Day'Ron Sharpe,1630549.0,Nets,1,2026,False,,6.0,False,6.25,6.25,realized
766,Day'Ron Sharpe,1630549.0,Nets,2,2027,False,,6.0,False,,6.0,estimated_flat
767,Drake Powell,1642962.0,Nets,1,2026,False,,4.175,False,3.37224,3.37224,realized
767,Drake Powell,1642962.0,Nets,2,2027,False,,4.175,False,,4.175,estimated_flat
767,Drake Powell,1642962.0,Nets,3,2028,False,,4.175,False,,4.175,estimated_flat
767,Drake Powell,1642962.0,Nets,4,2029,False,,4.175,False,,4.175,estimated_flat
769,Day'Ron Sharpe,1630549.0,Nets,1,2026,False,,6.25,False,6.25,6.25,realized
769,Day'Ron Sharpe,1630549.0,Nets,2,2027,True,team,6.25,False,,6.25,estimated_flat
771,Cameron Thomas / Cam Thomas,1630560.0,Nets,1,2026,False,,5.9,False,5.993172,5.993172,realized
772,Ziaire Williams,1630533.0,Nets,1,2026,False,,6.0,False,6.25,6.25,realized
772,Ziaire Williams,1630533.0,Nets,2,2027,True,team,6.0,False,,6.0,estimated_flat
775,Yuri Collins,1641879.0,Nets,1,2026,False,,2.0,False,,2.0,estimated_flat
793,Day'Ron Sharpe,1630549.0,Nets,1,2027,False,,10.0,False,,10.0,estimated_flat
793,Day'Ron Sharpe,1630549.0,Nets,2,2028,True,team,10.0,False,,10.0,estimated_flat
794,Josh Minott,1631169.0,Nets,1,2027,False,,4.5,False,,4.5,estimated_flat
794,Josh Minott,1631169.0,Nets,2,2028,True,team,4.5,False,,4.5,estimated_flat
795,Keon Ellis,1631165.0,Nets,1,2027,False,,9.0,False,,9.0,estimated_flat
795,Keon Ellis,1631165.0,Nets,2,2028,False,,9.0,False,,9.0,estimated_flat
797,Moritz Wagner / Moe Wagner,1629021.0,Nets,1,2027,False,,9.5,False,,9.5,estimated_flat
797,Moritz Wagner / Moe Wagner,1629021.0,Nets,2,2028,False,,9.5,False,,9.5,estimated_flat
799,Lance Stephenson,202362.0,Hornets,1,2015,False,,9.0,False,9.0,9.0,realized
799,Lance Stephenson,202362.0,Hornets,2,2016,False,,9.0,False,9.0,9.0,realized
799,Lance Stephenson,202362.0,Hornets,3,2017,False,,9.0,False,4.0,4.0,realized
800,Marvin Williams,101107.0,Hornets,1,2015,False,,7.0,False,7.0,7.0,realized
800,Marvin Williams,101107.0,Hornets,2,2016,False,,7.0,False,7.0,7.0,realized
801,Brian Roberts,203148.0,Hornets,1,2015,False,,2.75,False,2.732,2.732,realized
801,Brian Roberts,203148.0,Hornets,2,2016,False,,2.75,False,,2.75,estimated_flat
802,Jannero Pargo,2457.0,Hornets,1,2015,False,,1.5,False,,1.5,estimated_flat
803,Noah Vonleh,203943.0,Hornets,1,2015,False,,2.6,False,2.5242,2.5242,realized
803,Noah Vonleh,203943.0,Hornets,2,2016,False,,2.6,False,2.63772,2.63772,realized
804,P.J. Hairston,203798.0,Hornets,1,2015,False,,1.2,False,1.14972,1.14972,realized
804,P.J. Hairston,203798.0,Hornets,2,2016,False,,1.2,False,,1.2,estimated_flat
809,Kemba Walker,202689.0,Hornets,1,2015,False,,12.0,False,3.272091,3.272091,realized
809,Kemba Walker,202689.0,Hornets,2,2016,False,,12.0,False,12.0,12.0,realized
809,Kemba Walker,202689.0,Hornets,3,2017,False,,12.0,False,12.0,12.0,realized
809,Kemba Walker,202689.0,Hornets,4,2018,False,,12.0,False,12.0,12.0,realized
816,Michael Kidd-Gilchrist,203077.0,Hornets,1,2016,False,,13.0,False,6.331403,6.331403,realized
816,Michael Kidd-Gilchrist,203077.0,Hornets,2,2017,False,,13.0,False,13.0,13.0,realized
816,Michael Kidd-Gilchrist,203077.0,Hornets,3,2018,False,,13.0,False,13.0,13.0,realized
816,Michael Kidd-Gilchrist,203077.0,Hornets,4,2019,False,,13.0,False,13.0,13.0,realized
820,Jeremy Lamb,203087.0,Hornets,1,2016,False,,7.0,False,3.034356,3.034356,realized
820,Jeremy Lamb,203087.0,Hornets,2,2017,False,,7.0,False,6.511628,6.511628,realized
820,Jeremy Lamb,203087.0,Hornets,3,2018,False,,7.0,False,7.0,7.0,realized
826,Nicolas Batum,201587.0,Hornets,1,2017,False,,24.0,False,20.869565,20.869565,realized
826,Nicolas Batum,201587.0,Hornets,2,2018,False,,24.0,False,22.434783,22.434783,realized
826,Nicolas Batum,201587.0,Hornets,3,2019,False,,24.0,False,24.0,24.0,realized
826,Nicolas Batum,201587.0,Hornets,4,2020,False,,24.0,False,25.565217,25.565217,realized
826,Nicolas Batum,201587.0,Hornets,5,2021,False,,24.0,False,1.620564,1.620564,realized
827,Ramon Sessions,201196.0,Hornets,1,2017,False,,6.25,False,6.0,6.0,realized
827,Ramon Sessions,201196.0,Hornets,2,2018,False,,6.25,False,,6.25,estimated_flat
828,Roy Hibbert,201579.0,Hornets,1,2017,False,,5.0,False,5.0,5.0,realized
829,Marvin Williams,101107.0,Hornets,1,2017,False,,13.5,False,12.25,12.25,realized
829,Marvin Williams,101107.0,Hornets,2,2018,False,,13.5,False,13.16875,13.16875,realized
829,Marvin Williams,101107.0,Hornets,3,2019,False,,13.5,False,14.0875,14.0875,realized
829,Marvin Williams,101107.0,Hornets,4,2020,False,,13.5,False,0.604278,0.604278,realized
830,Troy Daniels,203584.0,Hornets,1,2017,False,,3.333,False,3.33294,3.33294,realized
830,Troy Daniels,203584.0,Hornets,2,2018,False,,3.333,False,3.40852,3.40852,realized
830,Troy Daniels,203584.0,Hornets,3,2019,False,,3.333,False,3.258549,3.258549,realized
837,Cody Zeller,203469.0,Hornets,1,2017,False,,14.0,False,5.318313,5.318313,realized
837,Cody Zeller,203469.0,Hornets,2,2018,False,,14.0,False,12.58427,12.58427,realized
837,Cody Zeller,203469.0,Hornets,3,2019,False,,14.0,False,13.52809,13.52809,realized
837,Cody Zeller,203469.0,Hornets,4,2020,False,,14.0,False,14.47191,14.47191,realized
846,Johnny O'Bryant III,203948.0,Hornets,1,2017,False,,0.85,False,,0.85,estimated_flat
846,Johnny O'Bryant III,203948.0,Hornets,2,2018,False,,0.85,False,,0.85,estimated_flat
848,Briante Weber,1627362.0,Hornets,1,2017,False,,0.8,False,,0.8,estimated_flat
848,Briante Weber,1627362.0,Hornets,2,2018,False,,0.8,False,,0.8,estimated_flat
849,Malik Monk,1628370.0,Hornets,1,2018,False,,3.2,False,2.90448,2.90448,realized
849,Malik Monk,1628370.0,Hornets,2,2019,False,,3.2,False,3.44748,3.44748,realized
850,Dwayne Bacon,1628407.0,Hornets,1,2018,False,,1.267,False,0.815615,0.815615,realized
850,Dwayne Bacon,1628407.0,Hornets,2,2019,False,,1.267,False,1.378242,1.378242,realized
850,Dwayne Bacon,1628407.0,Hornets,3,2020,False,,1.267,False,1.61852,1.61852,realized
851,Michael Carter-Williams,203487.0,Hornets,1,2018,False,,2.7,False,2.7,2.7,realized
860,Julyan Stone,202933.0,Hornets,1,2018,False,,1.5,False,1.524305,1.524305,realized
865,Miles Bridges,1628970.0,Hornets,1,2019,False,,3.5,False,3.20664,3.20664,realized
865,Miles Bridges,1628970.0,Hornets,2,2020,False,,3.5,False,3.7554,3.7554,realized
865,Miles Bridges,1628970.0,Hornets,3,2021,False,,3.5,False,3.93432,3.93432,realized
865,Miles Bridges,1628970.0,Hornets,4,2022,False,,3.5,False,5.421493,5.421493,realized
866,Devonte' Graham,1628984.0,Hornets,1,2019,False,,1.367,False,0.988464,0.988464,realized
866,Devonte' Graham,1628984.0,Hornets,2,2020,False,,1.367,False,1.416852,1.416852,realized
866,Devonte' Graham,1628984.0,Hornets,3,2021,False,,1.367,False,1.663861,1.663861,realized
867,(William) Tony Parker,2225.0,Hornets,1,2019,False,,5.0,False,5.0,5.0,realized
867,(William) Tony Parker,2225.0,Hornets,2,2020,False,,5.0,False,,5.0,estimated_flat
872,P.J. Washington,1629023.0,Hornets,1,2020,False,,3.95,False,3.83184,3.83184,realized
872,P.J. Washington,1629023.0,Hornets,2,2021,False,,3.95,False,4.0236,4.0236,realized
873,Kemba Walker,202689.0,Hornets,1,2020,False,,35.2,False,32.742,32.742,realized
873,Kemba Walker,202689.0,Hornets,2,2021,False,,35.2,False,34.3791,34.3791,realized
873,Kemba Walker,202689.0,Hornets,3,2022,False,,35.2,False,8.72902,8.72902,realized
873,Kemba Walker,202689.0,Hornets,4,2023,False,,35.2,False,,35.2,estimated_flat
876,Cody Martin,1628998.0,Hornets,1,2020,False,,1.5,False,1.17331,1.17331,realized
876,Cody Martin,1628998.0,Hornets,2,2021,False,,1.5,False,1.517981,1.517981,realized
876,Cody Martin,1628998.0,Hornets,3,2022,False,,1.5,False,1.782621,1.782621,realized
880,Kobi Simmons,1628424.0,Hornets,1,2020,False,,1.6,False,,1.6,estimated_flat
886,Bismack Biyombo,202687.0,Hornets,1,2021,False,,3.5,False,3.5,3.5,realized
891,LaMelo Ball,1630163.0,Hornets,1,2021,False,,8.05,False,7.83996,7.83996,realized
891,LaMelo Ball,1630163.0,Hornets,2,2022,False,,8.05,False,8.23176,8.23176,realized
893,Nick Richards,1630208.0,Hornets,1,2021,False,,1.433,False,1.0,1.0,realized
893,Nick Richards,1630208.0,Hornets,2,2022,False,,1.433,False,1.517981,1.517981,realized
893,Nick Richards,1630208.0,Hornets,3,2023,False,,1.433,False,1.782621,1.782621,realized
894,Vernon Carey Jr.,1630176.0,Hornets,1,2021,False,,2.2,False,1.35,1.35,realized
894,Vernon Carey Jr.,1630176.0,Hornets,2,2022,False,,2.2,False,1.517981,1.517981,realized
894,Vernon Carey Jr.,1630176.0,Hornets,3,2023,False,,2.2,False,0.1,0.1,realized
894,Vernon Carey Jr.,1630176.0,Hornets,4,2024,True,team,2.2,False,,2.2,estimated_flat
897,James Bouknight,1630547.0,Hornets,1,2022,False,,4.787,False,4.1544,4.1544,realized
897,James Bouknight,1630547.0,Hornets,2,2023,False,,4.787,False,4.36224,4.36224,realized
897,James Bouknight,1630547.0,Hornets,3,2024,False,,4.787,False,,4.787,estimated_flat
897,James Bouknight,1630547.0,Hornets,4,2025,False,,4.787,False,,4.787,estimated_flat
898,Kai Jones,1630539.0,Hornets,1,2022,False,,3.35,False,2.77056,2.77056,realized
898,Kai Jones,1630539.0,Hornets,2,2023,False,,3.35,False,2.90904,2.90904,realized
898,Kai Jones,1630539.0,Hornets,3,2024,False,,3.35,False,,3.35,estimated_flat
898,Kai Jones,1630539.0,Hornets,4,2025,False,,3.35,False,0.0,0.0,realized
900,Devonte' Graham,1628984.0,Hornets,1,2022,False,,11.825,False,11.0,11.0,realized
900,Devonte' Graham,1628984.0,Hornets,2,2023,False,,11.825,False,11.55,11.55,realized
900,Devonte' Graham,1628984.0,Hornets,3,2024,False,,11.825,False,12.1,12.1,realized
900,Devonte' Graham,1628984.0,Hornets,4,2025,False,,11.825,False,,11.825,estimated_flat
901,J.T. Thor,1630550.0,Hornets,1,2022,False,,1.65,False,1.25,1.25,realized
901,J.T. Thor,1630550.0,Hornets,2,2023,False,,1.65,False,1.563518,1.563518,realized
901,J.T. Thor,1630550.0,Hornets,3,2024,False,,1.65,False,1.836096,1.836096,realized
901,J.T. Thor,1630550.0,Hornets,4,2025,False,,1.65,False,0.0,0.0,realized
903,Ishmael Smith / Ish Smith,202397.0,Hornets,1,2022,False,,4.6,False,4.5,4.5,realized
903,Ishmael Smith / Ish Smith,202397.0,Hornets,2,2023,False,,4.6,False,4.725,4.725,realized
905,Kelly Oubre Jr.,1626162.0,Hornets,1,2022,False,,12.5,False,12.0,12.0,realized
905,Kelly Oubre Jr.,1626162.0,Hornets,2,2023,False,,12.5,False,12.6,12.6,realized
906,Terry Rozier,1626179.0,Hornets,1,2022,False,,24.075,False,17.905263,17.905263,realized
906,Terry Rozier,1626179.0,Hornets,2,2023,False,,24.075,False,21.486316,21.486316,realized
906,Terry Rozier,1626179.0,Hornets,3,2024,False,,24.075,False,23.205221,23.205221,realized
906,Terry Rozier,1626179.0,Hornets,4,2025,False,,24.075,False,24.924126,24.924126,realized
917,Mark Williams,1631109.0,Hornets,1,2023,False,,4.5,False,3.72204,3.72204,realized
917,Mark Williams,1631109.0,Hornets,2,2024,False,,4.5,False,3.90816,3.90816,realized
917,Mark Williams,1631109.0,Hornets,3,2025,False,,4.5,False,4.09428,4.09428,realized
917,Mark Williams,1631109.0,Hornets,4,2026,False,,4.5,False,6.276531,6.276531,realized
918,Cody Martin,1628998.0,Hornets,1,2023,False,,7.85,False,7.0,7.0,realized
918,Cody Martin,1628998.0,Hornets,2,2024,False,,7.85,False,7.56,7.56,realized
918,Cody Martin,1628998.0,Hornets,3,2025,False,,7.85,False,8.12,8.12,realized
918,Cody Martin,1628998.0,Hornets,4,2026,False,,7.85,False,8.68,8.68,realized
928,Bryce McGowens,1631121.0,Hornets,1,2023,False,,1.75,False,1.075,1.075,realized
928,Bryce McGowens,1631121.0,Hornets,2,2024,False,,1.75,False,1.719864,1.719864,realized
928,Bryce McGowens,1631121.0,Hornets,3,2025,False,,1.75,False,0.0,0.0,realized
928,Bryce McGowens,1631121.0,Hornets,4,2026,False,,1.75,False,0.0,0.0,realized
929,Nick Richards,1630208.0,Hornets,1,2023,False,,5.0,False,1.782621,1.782621,realized
929,Nick Richards,1630208.0,Hornets,2,2024,False,,5.0,False,5.0,5.0,realized
929,Nick Richards,1630208.0,Hornets,3,2025,False,,5.0,False,5.0,5.0,realized
932,Kobi Simmons,1628424.0,Hornets,1,2023,False,,1.05,False,0.032795,0.032795,realized
932,Kobi Simmons,1628424.0,Hornets,2,2024,False,,1.05,False,,1.05,estimated_flat
936,Brandon Miller,1641706.0,Hornets,1,2024,False,,12.35,False,10.8804,10.8804,realized
936,Brandon Miller,1641706.0,Hornets,2,2025,False,,12.35,False,11.4246,11.4246,realized
936,Brandon Miller,1641706.0,Hornets,3,2026,False,,12.35,False,11.9688,11.9688,realized
936,Brandon Miller,1641706.0,Hornets,4,2027,False,,12.35,False,,12.35,estimated_flat
937,Miles Bridges,1628970.0,Hornets,1,2024,False,,7.9,False,7.9213,7.9213,realized
938,Nick Smith Jr.,1641733.0,Hornets,1,2024,False,,3.15,False,2.46396,2.46396,realized
938,Nick Smith Jr.,1641733.0,Hornets,2,2025,False,,3.15,False,2.5872,2.5872,realized
938,Nick Smith Jr.,1641733.0,Hornets,3,2026,False,,3.15,False,0.0,0.0,realized
938,Nick Smith Jr.,1641733.0,Hornets,4,2027,False,,3.15,False,,3.15,estimated_flat
939,LaMelo Ball,1630163.0,Hornets,1,2024,False,,41.18,False,10.900635,10.900635,realized
939,LaMelo Ball,1630163.0,Hornets,2,2025,False,,41.18,False,35.147,35.147,realized
939,LaMelo Ball,1630163.0,Hornets,3,2026,False,,41.18,False,37.95876,37.95876,realized
939,LaMelo Ball,1630163.0,Hornets,4,2027,False,,41.18,False,,41.18,estimated_flat
939,LaMelo Ball,1630163.0,Hornets,5,2028,False,,41.18,False,,41.18,estimated_flat
942,Frank Ntilikina,1628373.0,Hornets,1,2024,False,,2.5,False,,2.5,estimated_flat
944,P.J. Washington,1629023.0,Hornets,1,2024,False,,15.5,False,16.847826,16.847826,realized
944,P.J. Washington,1629023.0,Hornets,2,2025,False,,15.5,False,15.5,15.5,realized
944,P.J. Washington,1629023.0,Hornets,3,2026,False,,15.5,False,14.152174,14.152174,realized
953,Ishmael Smith / Ish Smith,202397.0,Hornets,1,2024,False,,3.2,False,,3.2,estimated_flat
960,Tidjane Salaun,1642275.0,Hornets,1,2025,False,,8.5,False,7.48872,7.48872,realized
960,Tidjane Salaun,1642275.0,Hornets,2,2026,False,,8.5,False,7.86324,7.86324,realized
960,Tidjane Salaun,1642275.0,Hornets,3,2027,False,,8.5,False,,8.5,estimated_flat
960,Tidjane Salaun,1642275.0,Hornets,4,2028,False,,8.5,False,,8.5,estimated_flat
962,Taj Gibson,201959.0,Hornets,1,2025,False,,3.3,False,2.087519,2.087519,realized
963,Miles Bridges,1628970.0,Hornets,1,2025,False,,25.0,False,27.173913,27.173913,realized
963,Miles Bridges,1628970.0,Hornets,2,2026,False,,25.0,False,25.0,25.0,realized
963,Miles Bridges,1628970.0,Hornets,3,2027,False,,25.0,False,,25.0,estimated_flat
964,Seth Curry,203552.0,Hornets,1,2025,False,,3.3,False,2.087519,2.087519,realized
984,Kon Knueppel,1642851.0,Hornets,1,2026,False,,11.375,False,10.01568,10.01568,realized
984,Kon Knueppel,1642851.0,Hornets,2,2027,False,,11.375,False,,11.375,estimated_flat
984,Kon Knueppel,1642851.0,Hornets,3,2028,False,,11.375,False,,11.375,estimated_flat
984,Kon Knueppel,1642851.0,Hornets,4,2029,False,,11.375,False,,11.375,estimated_flat
985,Liam McNeeley,1642862.0,Hornets,1,2026,False,,3.55,False,2.76396,2.76396,realized
985,Liam McNeeley,1642862.0,Hornets,2,2027,False,,3.55,False,,3.55,estimated_flat
985,Liam McNeeley,1642862.0,Hornets,3,2028,False,,3.55,False,,3.55,estimated_flat
985,Liam McNeeley,1642862.0,Hornets,4,2029,False,,3.55,False,,3.55,estimated_flat
986,Ryan Kalkbrenner,1641750.0,Hornets,1,2026,False,,2.5,False,2.296274,2.296274,realized
986,Ryan Kalkbrenner,1641750.0,Hornets,2,2027,False,,2.5,False,,2.5,estimated_flat
986,Ryan Kalkbrenner,1641750.0,Hornets,3,2028,False,,2.5,False,,2.5,estimated_flat
986,Ryan Kalkbrenner,1641750.0,Hornets,4,2029,False,,2.5,False,,2.5,estimated_flat
987,Sion James,1642883.0,Hornets,1,2026,False,,2.5,False,2.296274,2.296274,realized
987,Sion James,1642883.0,Hornets,2,2027,False,,2.5,False,,2.5,estimated_flat
987,Sion James,1642883.0,Hornets,3,2028,False,,2.5,False,,2.5,estimated_flat
987,Sion James,1642883.0,Hornets,4,2029,False,,2.5,False,,2.5,estimated_flat
988,Mason Plumlee,203486.0,Hornets,1,2026,False,,3.6,False,2.296274,2.296274,realized
989,Spencer Dinwiddie,203915.0,Hornets,1,2026,False,,3.6,False,,3.6,estimated_flat
990,Tre Mann,1630544.0,Hornets,1,2026,False,,8.0,False,8.0,8.0,realized
990,Tre Mann,1630544.0,Hornets,2,2027,False,,8.0,False,,8.0,estimated_flat
990,Tre Mann,1630544.0,Hornets,3,2028,False,,8.0,False,,8.0,estimated_flat
1009,Coby White,1629632.0,Hornets,1,2027,False,,24.667,False,,24.667,estimated_flat
1009,Coby White,1629632.0,Hornets,2,2028,False,,24.667,False,,24.667,estimated_flat
1009,Coby White,1629632.0,Hornets,3,2029,False,,24.667,False,,24.667,estimated_flat
1022,Nikola Mirotic,202703.0,Bulls,1,2015,False,,1.3,False,5.305,5.305,realized
1022,Nikola Mirotic,202703.0,Bulls,2,2016,False,,1.3,False,5.543725,5.543725,realized
1023,Pau Gasol,2200.0,Bulls,1,2015,False,,7.333,False,7.128,7.128,realized
1023,Pau Gasol,2200.0,Bulls,2,2016,False,,7.333,False,7.44876,7.44876,realized
1023,Pau Gasol,2200.0,Bulls,3,2017,False,,7.333,False,15.5,15.5,realized
1025,Kirk Hinrich,2550.0,Bulls,1,2015,False,,2.75,False,2.732,2.732,realized
1025,Kirk Hinrich,2550.0,Bulls,2,2016,False,,2.75,False,,2.75,estimated_flat
1026,Aaron Brooks,201166.0,Bulls,1,2015,False,,1.5,False,0.915243,0.915243,realized
1027,Doug McDermott,203926.0,Bulls,1,2015,False,,2.35,False,2.27796,2.27796,realized
1027,Doug McDermott,203926.0,Bulls,2,2016,False,,2.35,False,2.38044,2.38044,realized
1034,Bobby Portis,1626171.0,Bulls,1,2016,False,,1.4,False,1.39116,1.39116,realized
1034,Bobby Portis,1626171.0,Bulls,2,2017,False,,1.4,False,1.45368,1.45368,realized
1035,Jimmy Butler,202710.0,Bulls,1,2016,False,,18.6,False,16.4075,16.4075,realized
1035,Jimmy Butler,202710.0,Bulls,2,2017,False,,18.6,False,18.156361,18.156361,realized
1035,Jimmy Butler,202710.0,Bulls,3,2018,False,,18.6,False,19.30107,19.30107,realized
1035,Jimmy Butler,202710.0,Bulls,4,2019,False,,18.6,False,20.445779,20.445779,realized
1035,Jimmy Butler,202710.0,Bulls,5,2020,False,,18.6,False,32.742,32.742,realized
1038,Mike Dunleavy Jr.,2399.0,Bulls,1,2016,False,,4.8,False,4.5,4.5,realized
1038,Mike Dunleavy Jr.,2399.0,Bulls,2,2017,False,,4.8,False,,4.8,estimated_flat
1038,Mike Dunleavy Jr.,2399.0,Bulls,3,2018,False,,4.8,False,,4.8,estimated_flat
1044,Rajon Rondo,200765.0,Bulls,1,2017,False,,14.0,False,14.0,14.0,realized
1044,Rajon Rondo,200765.0,Bulls,2,2018,False,,14.0,False,3.3,3.3,realized
1045,Dwyane Wade,2548.0,Bulls,1,2017,False,,23.5,False,23.2,23.2,realized
1045,Dwyane Wade,2548.0,Bulls,2,2018,False,,23.5,False,1.471382,1.471382,realized
1047,Denzel Valentine,1627756.0,Bulls,1,2017,False,,2.15,False,2.0922,2.0922,realized
1047,Denzel Valentine,1627756.0,Bulls,2,2018,False,,2.15,False,2.1864,2.1864,realized
1056,Lauri Markkanen,1628374.0,Bulls,1,2018,False,,4.2,False,3.82164,3.82164,realized
1056,Lauri Markkanen,1628374.0,Bulls,2,2019,False,,4.2,False,4.53612,4.53612,realized
1057,Cristiano Felicio,1626245.0,Bulls,1,2018,False,,8.0,False,7.8435,7.8435,realized
1057,Cristiano Felicio,1626245.0,Bulls,2,2019,False,,8.0,False,8.47098,8.47098,realized
1057,Cristiano Felicio,1626245.0,Bulls,3,2020,False,,8.0,False,8.1565,8.1565,realized
1057,Cristiano Felicio,1626245.0,Bulls,4,2021,False,,8.0,False,7.52902,7.52902,realized
1058,Justin Holiday,203200.0,Bulls,1,2018,False,,4.5,False,4.615385,4.615385,realized
1058,Justin Holiday,203200.0,Bulls,2,2019,False,,4.5,False,4.384615,4.384615,realized
1061,Diamond Stone,1627754.0,Bulls,1,2018,False,,1.45,False,,1.45,estimated_flat
1061,Diamond Stone,1627754.0,Bulls,2,2019,False,,1.45,False,,1.45,estimated_flat
1064,Nikola Mirotic,202703.0,Bulls,1,2018,False,,13.5,False,12.5,12.5,realized
1064,Nikola Mirotic,202703.0,Bulls,2,2019,False,,13.5,False,,13.5,estimated_flat
1070,Sean Kilpatrick,203930.0,Bulls,1,2018,False,,2.067,False,2.163006,2.163006,realized
1070,Sean Kilpatrick,203930.0,Bulls,2,2019,False,,2.067,False,,2.067,estimated_flat
1070,Sean Kilpatrick,203930.0,Bulls,3,2020,False,,2.067,False,,2.067,estimated_flat
1071,Chandler Hutchison,1628990.0,Bulls,1,2019,False,,2.15,False,1.99152,1.99152,realized
1071,Chandler Hutchison,1628990.0,Bulls,2,2020,False,,2.15,False,2.33232,2.33232,realized
1071,Chandler Hutchison,1628990.0,Bulls,3,2021,False,,2.15,False,2.44344,2.44344,realized
1071,Chandler Hutchison,1628990.0,Bulls,4,2022,False,,2.15,False,,2.15,estimated_flat
1072,Wendell Carter Jr.,1628976.0,Bulls,1,2019,False,,4.8,False,4.4412,4.4412,realized
1072,Wendell Carter Jr.,1628976.0,Bulls,2,2020,False,,4.8,False,5.2014,5.2014,realized
1072,Wendell Carter Jr.,1628976.0,Bulls,3,2021,False,,4.8,False,5.44884,5.44884,realized
1072,Wendell Carter Jr.,1628976.0,Bulls,4,2022,False,,4.8,False,6.920027,6.920027,realized
1073,Zach LaVine,203897.0,Bulls,1,2019,False,,19.5,False,19.5,19.5,realized
1073,Zach LaVine,203897.0,Bulls,2,2020,False,,19.5,False,19.5,19.5,realized
1073,Zach LaVine,203897.0,Bulls,3,2021,False,,19.5,False,19.5,19.5,realized
1073,Zach LaVine,203897.0,Bulls,4,2022,False,,19.5,False,19.5,19.5,realized
1074,Jabari Parker,203953.0,Bulls,1,2019,False,,20.0,False,20.0,20.0,realized
1074,Jabari Parker,203953.0,Bulls,2,2020,False,,20.0,False,6.5,6.5,realized
1075,Antonio Blakeney,1628469.0,Bulls,1,2019,False,,1.45,False,1.349383,1.349383,realized
1075,Antonio Blakeney,1628469.0,Bulls,2,2020,False,,1.45,False,,1.45,estimated_flat
1081,Shaquille Harrison,1627885.0,Bulls,1,2019,False,,1.45,False,1.311264,1.311264,realized
1081,Shaquille Harrison,1627885.0,Bulls,2,2020,False,,1.45,False,,1.45,estimated_flat
1087,Coby White,1629632.0,Bulls,1,2020,False,,5.45,False,5.30712,5.30712,realized
1087,Coby White,1629632.0,Bulls,2,2021,False,,5.45,False,5.57268,5.57268,realized
1089,Thaddeus Young,201152.0,Bulls,1,2020,False,,13.667,False,12.9,12.9,realized
1089,Thaddeus Young,201152.0,Bulls,2,2021,False,,13.667,False,13.545,13.545,realized
1089,Thaddeus Young,201152.0,Bulls,3,2022,False,,13.667,False,14.19,14.19,realized
1090,Daniel Gafford,1629655.0,Bulls,1,2020,False,,1.525,False,0.89831,0.89831,realized
1090,Daniel Gafford,1629655.0,Bulls,2,2021,False,,1.525,False,1.517981,1.517981,realized
1090,Daniel Gafford,1629655.0,Bulls,3,2022,False,,1.525,False,1.782621,1.782621,realized
1090,Daniel Gafford,1629655.0,Bulls,4,2023,False,,1.525,False,1.930681,1.930681,realized
1091,Ryan Arcidiacono,1627853.0,Bulls,1,2020,False,,3.0,False,3.0,3.0,realized
1091,Ryan Arcidiacono,1627853.0,Bulls,2,2021,False,,3.0,False,3.0,3.0,realized
1091,Ryan Arcidiacono,1627853.0,Bulls,3,2022,True,team,3.0,False,,3.0,estimated_flat
1092,Luke Kornet,1628436.0,Bulls,1,2020,False,,2.25,False,2.25,2.25,realized
1092,Luke Kornet,1628436.0,Bulls,2,2021,False,,2.25,False,2.25,2.25,realized
1102,Denzel Valentine,1627756.0,Bulls,1,2021,False,,4.7,False,4.6428,4.6428,realized
1104,Patrick Williams,1630172.0,Bulls,1,2021,False,,7.25,False,7.06836,7.06836,realized
1104,Patrick Williams,1630172.0,Bulls,2,2022,False,,7.25,False,7.422,7.422,realized
1107,Garrett Temple,202066.0,Bulls,1,2021,False,,4.8,False,4.767,4.767,realized
1108,Noah Vonleh,203943.0,Bulls,1,2021,False,,2.0,False,,2.0,estimated_flat
1110,Daniel Theis,1628464.0,Bulls,1,2022,False,,9.0,False,8.280351,8.280351,realized
1110,Daniel Theis,1628464.0,Bulls,2,2023,False,,9.0,False,8.694369,8.694369,realized
1110,Daniel Theis,1628464.0,Bulls,3,2024,False,,9.0,False,1.741126,1.741126,realized
1110,Daniel Theis,1628464.0,Bulls,4,2025,False,,9.0,False,2.087519,2.087519,realized
1111,Garrett Temple,202066.0,Bulls,1,2022,False,,5.167,False,4.91,4.91,realized
1111,Garrett Temple,202066.0,Bulls,2,2023,False,,5.167,False,5.1555,5.1555,realized
1111,Garrett Temple,202066.0,Bulls,3,2024,False,,5.167,False,2.019706,2.019706,realized
1112,Alex Caruso,1627936.0,Bulls,1,2022,False,,9.25,False,8.6,8.6,realized
1112,Alex Caruso,1627936.0,Bulls,2,2023,False,,9.25,False,9.03,9.03,realized
1112,Alex Caruso,1627936.0,Bulls,3,2024,False,,9.25,False,9.46,9.46,realized
1112,Alex Caruso,1627936.0,Bulls,4,2025,False,,9.25,False,9.89,9.89,realized
1113,Ayo Dosunmu,1630245.0,Bulls,1,2022,False,,1.25,False,0.925258,0.925258,realized
1113,Ayo Dosunmu,1630245.0,Bulls,2,2023,False,,1.25,False,1.563518,1.563518,realized
1114,Marko Simonovic,1630250.0,Bulls,1,2022,False,,1.433,False,0.925258,0.925258,realized
1114,Marko Simonovic,1630250.0,Bulls,2,2023,False,,1.433,False,1.563518,1.563518,realized
1114,Marko Simonovic,1630250.0,Bulls,3,2024,False,,1.433,False,,1.433,estimated_flat
1116,Javonte Green,1629750.0,Bulls,1,2022,False,,1.75,False,1.669178,1.669178,realized
1116,Javonte Green,1629750.0,Bulls,2,2023,False,,1.75,False,1.815677,1.815677,realized
1117,Tony Bradley,1628396.0,Bulls,1,2022,False,,1.9,False,1.789256,1.789256,realized
1117,Tony Bradley,1628396.0,Bulls,2,2023,True,player,1.9,False,,1.9,estimated_flat
1118,Lauri Markkanen,1628374.0,Bulls,1,2022,False,,16.875,False,15.690909,15.690909,realized
1118,Lauri Markkanen,1628374.0,Bulls,2,2023,False,,16.875,False,16.475454,16.475454,realized
1118,Lauri Markkanen,1628374.0,Bulls,3,2024,False,,16.875,False,17.259999,17.259999,realized
1118,Lauri Markkanen,1628374.0,Bulls,4,2025,False,,16.875,False,42.1764,42.1764,realized
1120,Matt Thomas,1629744.0,Bulls,1,2022,False,,1.7,False,1.669178,1.669178,realized
1122,Alize Johnson,1628993.0,Bulls,1,2022,False,,1.8,False,,1.8,estimated_flat
1122,Alize Johnson,1628993.0,Bulls,2,2023,False,,1.8,False,,1.8,estimated_flat
1124,Daniel Oturu,1630187.0,Bulls,1,2022,False,,1.5,False,,1.5,estimated_flat
1132,Alfonzo McKinnie,1628035.0,Bulls,1,2022,False,,1.55,False,,1.55,estimated_flat
1132,Alfonzo McKinnie,1628035.0,Bulls,2,2023,False,,1.55,False,,1.55,estimated_flat
1138,Andre Drummond,203083.0,Bulls,1,2023,False,,3.3,False,3.2,3.2,realized
1138,Andre Drummond,203083.0,Bulls,2,2024,False,,3.3,False,3.36,3.36,realized
1139,Derrick Jones Jr.,1627884.0,Bulls,1,2023,False,,3.3,False,3.2,3.2,realized
1139,Derrick Jones Jr.,1627884.0,Bulls,2,2024,False,,3.3,False,2.019706,2.019706,realized
1140,Dalen Terry,1631207.0,Bulls,1,2023,False,,3.85,False,3.1914,3.1914,realized
1140,Dalen Terry,1631207.0,Bulls,2,2024,False,,3.85,False,3.35076,3.35076,realized
1140,Dalen Terry,1631207.0,Bulls,3,2025,False,,3.85,False,3.51048,3.51048,realized
1140,Dalen Terry,1631207.0,Bulls,4,2026,False,,3.85,False,5.399118,5.399118,realized
1142,Zach LaVine,203897.0,Bulls,1,2023,False,,43.04,False,37.0965,37.0965,realized
1142,Zach LaVine,203897.0,Bulls,2,2024,False,,43.04,False,40.06422,40.06422,realized
1142,Zach LaVine,203897.0,Bulls,3,2025,False,,43.04,False,44.53194,44.53194,realized
1142,Zach LaVine,203897.0,Bulls,4,2026,False,,43.04,False,47.49966,47.49966,realized
1142,Zach LaVine,203897.0,Bulls,5,2027,False,,43.04,False,,43.04,estimated_flat
1143,Javon Freeman-Liberty,1631241.0,Bulls,1,2023,False,,1.0,False,,1.0,estimated_flat
1144,Goran Dragic,201609.0,Bulls,1,2023,False,,2.9,False,0.390433,0.390433,realized
1155,Carlik Jones,1630637.0,Bulls,1,2023,False,,1.467,False,0.357717,0.357717,realized
1155,Carlik Jones,1630637.0,Bulls,2,2024,False,,1.467,False,,1.467,estimated_flat
1155,Carlik Jones,1630637.0,Bulls,3,2025,False,,1.467,False,,1.467,estimated_flat
1157,Nikola Vucevic,202696.0,Bulls,1,2023,False,,20.0,False,22.0,22.0,realized
1157,Nikola Vucevic,202696.0,Bulls,2,2024,False,,20.0,False,18.518519,18.518519,realized
1157,Nikola Vucevic,202696.0,Bulls,3,2025,False,,20.0,False,20.0,20.0,realized
1158,Coby White,1629632.0,Bulls,1,2024,False,,12.0,False,11.111111,11.111111,realized
1158,Coby White,1629632.0,Bulls,2,2025,False,,12.0,False,12.0,12.0,realized
1158,Coby White,1629632.0,Bulls,3,2026,False,,12.0,False,12.888889,12.888889,realized
1160,Jevon Carter,1628975.0,Bulls,1,2024,False,,6.5,False,6.190476,6.190476,realized
1160,Jevon Carter,1628975.0,Bulls,2,2025,False,,6.5,False,6.5,6.5,realized
1160,Jevon Carter,1628975.0,Bulls,3,2026,True,player,6.5,False,6.809524,6.809524,realized
1161,Julian Phillips,1641763.0,Bulls,1,2024,False,,2.025,False,1.6,1.6,realized
1161,Julian Phillips,1641763.0,Bulls,2,2025,False,,2.025,False,1.891857,1.891857,realized
1161,Julian Phillips,1641763.0,Bulls,3,2026,False,,2.025,False,2.221677,2.221677,realized
1161,Julian Phillips,1641763.0,Bulls,4,2027,True,team,2.025,False,,2.025,estimated_flat
1162,Torrey Craig,1628470.0,Bulls,1,2024,False,,2.7,False,2.528233,2.528233,realized
1162,Torrey Craig,1628470.0,Bulls,2,2025,True,player,2.7,False,0.77982,0.77982,realized
1163,Ayo Dosunmu,1630245.0,Bulls,1,2024,False,,7.0,False,6.481482,6.481482,realized
1163,Ayo Dosunmu,1630245.0,Bulls,2,2025,False,,7.0,False,7.0,7.0,realized
1163,Ayo Dosunmu,1630245.0,Bulls,3,2026,False,,7.0,False,7.518518,7.518518,realized
1165,Terry Taylor,1630678.0,Bulls,1,2024,False,,2.1,False,,2.1,estimated_flat
1165,Terry Taylor,1630678.0,Bulls,2,2025,False,,2.1,False,,2.1,estimated_flat
1173,Onuralp Bitim,1641931.0,Bulls,1,2024,False,,1.533,False,0.5,0.5,realized
1173,Onuralp Bitim,1641931.0,Bulls,2,2025,False,,1.533,False,,1.533,estimated_flat
1173,Onuralp Bitim,1641931.0,Bulls,3,2026,False,,1.533,False,,1.533,estimated_flat
1176,Matas Buzelis,1641824.0,Bulls,1,2025,False,,6.0,False,5.19552,5.19552,realized
1176,Matas Buzelis,1641824.0,Bulls,2,2026,False,,6.0,False,5.45556,5.45556,realized
1176,Matas Buzelis,1641824.0,Bulls,3,2027,False,,6.0,False,,6.0,estimated_flat
1176,Matas Buzelis,1641824.0,Bulls,4,2028,False,,6.0,False,,6.0,estimated_flat
1178,Patrick Williams,1630172.0,Bulls,1,2025,False,,18.0,False,18.0,18.0,realized
1178,Patrick Williams,1630172.0,Bulls,2,2026,False,,18.0,False,18.0,18.0,realized
1178,Patrick Williams,1630172.0,Bulls,3,2027,False,,18.0,False,,18.0,estimated_flat
1178,Patrick Williams,1630172.0,Bulls,4,2028,False,,18.0,False,,18.0,estimated_flat
1178,Patrick Williams,1630172.0,Bulls,5,2029,False,,18.0,False,,18.0,estimated_flat
1179,Jalen Smith,1630188.0,Bulls,1,2025,False,,9.0,False,8.571429,8.571429,realized
1179,Jalen Smith,1630188.0,Bulls,2,2026,False,,9.0,False,9.0,9.0,realized
1179,Jalen Smith,1630188.0,Bulls,3,2027,False,,9.0,False,,9.0,estimated_flat
1180,DeMar DeRozan,201942.0,Bulls,1,2025,False,,24.667,False,23.4,23.4,realized
1180,DeMar DeRozan,201942.0,Bulls,2,2026,False,,24.667,False,24.75,24.75,realized
1180,DeMar DeRozan,201942.0,Bulls,3,2027,False,,24.667,False,,24.667,estimated_flat
1181,Chris Duarte,1630537.0,Bulls,1,2025,False,,4.425,False,5.893768,5.893768,realized
1181,Chris Duarte,1630537.0,Bulls,2,2026,False,,4.425,False,,4.425,estimated_flat
1181,Chris Duarte,1630537.0,Bulls,3,2027,False,,4.425,False,,4.425,estimated_flat
1181,Chris Duarte,1630537.0,Bulls,4,2028,False,,4.425,False,,4.425,estimated_flat
1191,Lonzo Ball,1628366.0,Bulls,1,2025,False,,10.0,False,21.395348,21.395348,realized
1191,Lonzo Ball,1628366.0,Bulls,2,2026,False,,10.0,False,10.0,10.0,realized
1195,Noa Essengue,1642855.0,Bulls,1,2026,False,,6.325,False,5.42952,5.42952,realized
1195,Noa Essengue,1642855.0,Bulls,2,2027,False,,6.325,False,,6.325,estimated_flat
1195,Noa Essengue,1642855.0,Bulls,3,2028,False,,6.325,False,,6.325,estimated_flat
1195,Noa Essengue,1642855.0,Bulls,4,2029,False,,6.325,False,,6.325,estimated_flat
1202,Josh Giddey,1630581.0,Bulls,1,2026,False,,25.0,False,25.0,25.0,realized
1202,Josh Giddey,1630581.0,Bulls,2,2027,False,,25.0,False,,25.0,estimated_flat
1202,Josh Giddey,1630581.0,Bulls,3,2028,False,,25.0,False,,25.0,estimated_flat
1202,Josh Giddey,1630581.0,Bulls,4,2029,False,,25.0,False,,25.0,estimated_flat
1209,Mouhamadou Gueye,1631338.0,Bulls,1,2026,False,,1.25,False,,1.25,estimated_flat
1209,Mouhamadou Gueye,1631338.0,Bulls,2,2027,False,,1.25,False,,1.25,estimated_flat
1212,Zach Collins,1628380.0,Bulls,1,2026,False,,8.5,False,18.080496,18.080496,realized
1212,Zach Collins,1628380.0,Bulls,2,2027,False,,8.5,False,,8.5,estimated_flat
1217,Norman Powell,1626181.0,Bulls,1,2027,False,,22.05,False,,22.05,estimated_flat
1217,Norman Powell,1626181.0,Bulls,2,2028,False,,22.05,False,,22.05,estimated_flat
1224,Kyrie Irving,202681.0,Cavaliers,1,2015,False,,18.0,False,7.07073,7.07073,realized
1224,Kyrie Irving,202681.0,Cavaliers,2,2016,False,,18.0,False,16.4075,16.4075,realized
1224,Kyrie Irving,202681.0,Cavaliers,3,2017,False,,18.0,False,17.638063,17.638063,realized
1224,Kyrie Irving,202681.0,Cavaliers,4,2018,False,,18.0,False,18.868625,18.868625,realized
1224,Kyrie Irving,202681.0,Cavaliers,5,2019,False,,18.0,False,20.099188,20.099188,realized
1225,LeBron James,2544.0,Cavaliers,1,2015,False,,21.05,False,20.6444,20.6444,realized
1225,LeBron James,2544.0,Cavaliers,2,2016,False,,21.05,False,22.9705,22.9705,realized
1227,Andrew Wiggins,203952.0,Cavaliers,1,2015,False,,5.65,False,5.51064,5.51064,realized
1227,Andrew Wiggins,203952.0,Cavaliers,2,2016,False,,5.65,False,5.75868,5.75868,realized
1229,Mike Miller,2034.0,Cavaliers,1,2015,False,,2.75,False,2.732,2.732,realized
1229,Mike Miller,2034.0,Cavaliers,2,2016,False,,2.75,False,0.947276,0.947276,realized
1242,Anderson Varejao,2760.0,Cavaliers,1,2015,False,,10.0,False,9.704545,9.704545,realized
1242,Anderson Varejao,2760.0,Cavaliers,2,2016,False,,10.0,False,0.289755,0.289755,realized
1242,Anderson Varejao,2760.0,Cavaliers,3,2017,False,,10.0,False,,10.0,estimated_flat
1245,Iman Shumpert,202697.0,Cavaliers,1,2016,False,,10.0,False,8.988764,8.988764,realized
1245,Iman Shumpert,202697.0,Cavaliers,2,2017,False,,10.0,False,9.662921,9.662921,realized
1245,Iman Shumpert,202697.0,Cavaliers,3,2018,False,,10.0,False,,10.0,estimated_flat
1245,Iman Shumpert,202697.0,Cavaliers,4,2019,False,,10.0,False,,10.0,estimated_flat
1246,Kevin Love,201567.0,Cavaliers,1,2016,False,,22.0,False,19.689,19.689,realized
1246,Kevin Love,201567.0,Cavaliers,2,2017,False,,22.0,False,21.165675,21.165675,realized
1246,Kevin Love,201567.0,Cavaliers,3,2018,False,,22.0,False,22.64235,22.64235,realized
1246,Kevin Love,201567.0,Cavaliers,4,2019,False,,22.0,False,24.119025,24.119025,realized
1246,Kevin Love,201567.0,Cavaliers,5,2020,False,,22.0,False,28.94283,28.94283,realized
1247,LeBron James,2544.0,Cavaliers,1,2016,False,,23.0,False,22.9705,22.9705,realized
1247,LeBron James,2544.0,Cavaliers,2,2017,False,,23.0,False,30.96345,30.96345,realized
1248,Maurice Williams / Mo Williams,2590.0,Cavaliers,1,2016,False,,2.15,False,2.1,2.1,realized
1248,Maurice Williams / Mo Williams,2590.0,Cavaliers,2,2017,False,,2.15,False,,2.15,estimated_flat
1250,Matthew Dellavedova,203521.0,Cavaliers,1,2016,False,,1.2,False,1.147276,1.147276,realized
1252,J.R. Smith,2747.0,Cavaliers,1,2016,False,,5.2,False,5.0,5.0,realized
1252,J.R. Smith,2747.0,Cavaliers,2,2017,False,,5.2,False,12.8,12.8,realized
1253,Sasha Kaun,201619.0,Cavaliers,1,2016,False,,1.3,False,1.276,1.276,realized
1253,Sasha Kaun,201619.0,Cavaliers,2,2017,False,,1.3,False,,1.3,estimated_flat
1263,Tristan Thompson,202684.0,Cavaliers,1,2016,False,,16.4,False,14.26087,14.26087,realized
1263,Tristan Thompson,202684.0,Cavaliers,2,2017,False,,16.4,False,15.330435,15.330435,realized
1263,Tristan Thompson,202684.0,Cavaliers,3,2018,False,,16.4,False,16.4,16.4,realized
1263,Tristan Thompson,202684.0,Cavaliers,4,2019,False,,16.4,False,17.469565,17.469565,realized
1263,Tristan Thompson,202684.0,Cavaliers,5,2020,False,,16.4,False,18.53913,18.53913,realized
1267,Matthew Dellavedova,203521.0,Cavaliers,1,2017,False,,9.5,False,9.6075,9.6075,realized
1267,Matthew Dellavedova,203521.0,Cavaliers,2,2018,False,,9.5,False,9.6075,9.6075,realized
1267,Matthew Dellavedova,203521.0,Cavaliers,3,2019,False,,9.5,False,9.6075,9.6075,realized
1267,Matthew Dellavedova,203521.0,Cavaliers,4,2020,False,,9.5,False,9.6075,9.6075,realized
1270,Richard Jefferson,2210.0,Cavaliers,1,2017,False,,2.5,False,2.5,2.5,realized
1270,Richard Jefferson,2210.0,Cavaliers,2,2018,False,,2.5,False,1.454756,1.454756,realized
1273,Kahlil Felder / Kay Felder,1627770.0,Cavaliers,1,2017,False,,0.8,False,0.543471,0.543471,realized
1273,Kahlil Felder / Kay Felder,1627770.0,Cavaliers,2,2018,False,,0.8,False,,0.8,estimated_flat
1273,Kahlil Felder / Kay Felder,1627770.0,Cavaliers,3,2019,False,,0.8,False,,0.8,estimated_flat
1274,LeBron James,2544.0,Cavaliers,1,2017,False,,33.333,False,30.96345,30.96345,realized
1274,LeBron James,2544.0,Cavaliers,2,2018,False,,33.333,False,33.285709,33.285709,realized
1274,LeBron James,2544.0,Cavaliers,3,2019,False,,33.333,False,35.65415,35.65415,realized
1286,J.R. Smith,2747.0,Cavaliers,1,2017,False,,14.25,False,12.8,12.8,realized
1286,J.R. Smith,2747.0,Cavaliers,2,2018,False,,14.25,False,13.76,13.76,realized
1286,J.R. Smith,2747.0,Cavaliers,3,2019,False,,14.25,False,14.72,14.72,realized
1286,J.R. Smith,2747.0,Cavaliers,4,2020,False,,14.25,False,0.0,0.0,realized
1292,Larry Sanders (b. 1988-11-21),202336.0,Cavaliers,1,2017,False,,0.208,False,,0.208,estimated_flat
1292,Larry Sanders (b. 1988-11-21),202336.0,Cavaliers,2,2018,True,team,0.208,False,,0.208,estimated_flat
1295,Jose Calderon,101181.0,Cavaliers,1,2018,False,,2.3,False,1.471382,1.471382,realized
1296,Jeff Green,201145.0,Cavaliers,1,2018,False,,2.3,False,1.471382,1.471382,realized
1297,Kyle Korver,2594.0,Cavaliers,1,2018,False,,7.0,False,7.0,7.0,realized
1297,Kyle Korver,2594.0,Cavaliers,2,2019,False,,7.0,False,,7.0,estimated_flat
1297,Kyle Korver,2594.0,Cavaliers,3,2020,False,,7.0,False,1.620564,1.620564,realized
1298,Cedi Osman,1626224.0,Cavaliers,1,2018,False,,2.767,False,2.634921,2.634921,realized
1298,Cedi Osman,1626224.0,Cavaliers,2,2019,False,,2.767,False,2.775,2.775,realized
1298,Cedi Osman,1626224.0,Cavaliers,3,2020,False,,2.767,False,2.907143,2.907143,realized
1299,Derrick Rose,201565.0,Cavaliers,1,2018,False,,2.1,False,0.290951,0.290951,realized
1303,Dwyane Wade,2548.0,Cavaliers,1,2018,False,,2.3,False,1.471382,1.471382,realized
1310,Collin Sexton,1629012.0,Cavaliers,1,2019,False,,4.4,False,4.0686,4.0686,realized
1310,Collin Sexton,1629012.0,Cavaliers,2,2020,False,,4.4,False,4.76496,4.76496,realized
1310,Collin Sexton,1629012.0,Cavaliers,3,2021,False,,4.4,False,4.99188,4.99188,realized
1310,Collin Sexton,1629012.0,Cavaliers,4,2022,False,,4.4,False,6.349671,6.349671,realized
1312,Channing Frye,101112.0,Cavaliers,1,2019,False,,2.4,False,1.512601,1.512601,realized
1313,Kevin Love,201567.0,Cavaliers,1,2019,False,,30.1,False,24.119025,24.119025,realized
1313,Kevin Love,201567.0,Cavaliers,2,2020,False,,30.1,False,28.94283,28.94283,realized
1313,Kevin Love,201567.0,Cavaliers,3,2021,False,,30.1,False,31.258256,31.258256,realized
1313,Kevin Love,201567.0,Cavaliers,4,2022,False,,30.1,False,31.258256,31.258256,realized
1315,David Nwaba,1628021.0,Cavaliers,1,2019,False,,1.5,False,1.512601,1.512601,realized
1316,Rodney Hood,203918.0,Cavaliers,1,2019,False,,3.4,False,3.472887,3.472887,realized
1324,Larry Nance Jr.,1626204.0,Cavaliers,1,2019,False,,11.2,False,2.272391,2.272391,realized
1324,Larry Nance Jr.,1626204.0,Cavaliers,2,2020,False,,11.2,False,12.727273,12.727273,realized
1324,Larry Nance Jr.,1626204.0,Cavaliers,3,2021,False,,11.2,False,11.709091,11.709091,realized
1324,Larry Nance Jr.,1626204.0,Cavaliers,4,2022,False,,11.2,False,10.690909,10.690909,realized
1329,Patrick McCaw,1627775.0,Cavaliers,1,2019,False,,3.0,False,0.786211,0.786211,realized
1329,Patrick McCaw,1627775.0,Cavaliers,2,2020,False,,3.0,False,4.0,4.0,realized
1337,Darius Garland,1629636.0,Cavaliers,1,2020,False,,6.55,False,6.40092,6.40092,realized
1337,Darius Garland,1629636.0,Cavaliers,2,2021,False,,6.55,False,6.72072,6.72072,realized
1338,Dylan Windler,1629685.0,Cavaliers,1,2020,False,,1.0,False,,1.0,estimated_flat
1338,Dylan Windler,1629685.0,Cavaliers,2,2021,False,,1.0,False,2.13744,2.13744,realized
1340,Kevin Porter Jr.,1629645.0,Cavaliers,1,2020,False,,1.65,False,1.29096,1.29096,realized
1340,Kevin Porter Jr.,1629645.0,Cavaliers,2,2021,False,,1.65,False,1.717981,1.717981,realized
1342,Sindarius Thornwell,1628414.0,Cavaliers,1,2020,False,,1.6,False,0.0,0.0,realized
1345,Jarell Martin,1626185.0,Cavaliers,1,2020,False,,1.7,False,,1.7,estimated_flat
1353,Cedi Osman,1626224.0,Cavaliers,1,2020,False,,7.775,False,2.907143,2.907143,realized
1353,Cedi Osman,1626224.0,Cavaliers,2,2021,False,,7.775,False,8.84058,8.84058,realized
1353,Cedi Osman,1626224.0,Cavaliers,3,2022,False,,7.775,False,8.133334,8.133334,realized
1353,Cedi Osman,1626224.0,Cavaliers,4,2023,False,,7.775,False,7.426088,7.426088,realized
1363,Alfonzo McKinnie,1628035.0,Cavaliers,1,2020,False,,1.825,False,1.5,1.5,realized
1363,Alfonzo McKinnie,1628035.0,Cavaliers,2,2021,False,,1.825,False,1.762796,1.762796,realized
1363,Alfonzo McKinnie,1628035.0,Cavaliers,3,2022,False,,1.825,False,,1.825,estimated_flat
1363,Alfonzo McKinnie,1628035.0,Cavaliers,4,2023,False,,1.825,False,,1.825,estimated_flat
1373,Isaac Okoro,1630171.0,Cavaliers,1,2021,False,,6.55,False,6.40092,6.40092,realized
1373,Isaac Okoro,1630171.0,Cavaliers,2,2022,False,,6.55,False,6.72072,6.72072,realized
1374,Damyean Dotson,1628422.0,Cavaliers,1,2021,False,,2.0,False,2.0,2.0,realized
1374,Damyean Dotson,1628422.0,Cavaliers,2,2022,False,,2.0,False,,2.0,estimated_flat
1375,Matthew Dellavedova,203521.0,Cavaliers,1,2021,False,,2.2,False,1.620564,1.620564,realized
1387,Lamar Stevens,1630205.0,Cavaliers,1,2021,False,,1.3,False,0.652366,0.652366,realized
1387,Lamar Stevens,1630205.0,Cavaliers,2,2022,False,,1.3,False,1.517981,1.517981,realized
1387,Lamar Stevens,1630205.0,Cavaliers,3,2023,False,,1.3,False,1.782621,1.782621,realized
1387,Lamar Stevens,1630205.0,Cavaliers,4,2024,True,team,1.3,False,2.019706,2.019706,realized
1390,Mfiondu Kabengele,1629662.0,Cavaliers,1,2021,False,,1.233,False,0.158433,0.158433,realized
1390,Mfiondu Kabengele,1629662.0,Cavaliers,2,2022,False,,1.233,False,,1.233,estimated_flat
1390,Mfiondu Kabengele,1629662.0,Cavaliers,3,2023,False,,1.233,False,,1.233,estimated_flat
1394,Evan Mobley,1630596.0,Cavaliers,1,2022,False,,9.175,False,8.07516,8.07516,realized
1394,Evan Mobley,1630596.0,Cavaliers,2,2023,False,,9.175,False,8.47872,8.47872,realized
1394,Evan Mobley,1630596.0,Cavaliers,3,2024,False,,9.175,False,8.88264,8.88264,realized
1394,Evan Mobley,1630596.0,Cavaliers,4,2025,False,,9.175,False,11.227657,11.227657,realized
1395,Jarrett Allen,1628386.0,Cavaliers,1,2022,False,,20.0,False,20.0,20.0,realized
1395,Jarrett Allen,1628386.0,Cavaliers,2,2023,False,,20.0,False,20.0,20.0,realized
1395,Jarrett Allen,1628386.0,Cavaliers,3,2024,False,,20.0,False,20.0,20.0,realized
1395,Jarrett Allen,1628386.0,Cavaliers,4,2025,False,,20.0,False,20.0,20.0,realized
1395,Jarrett Allen,1628386.0,Cavaliers,5,2026,False,,20.0,False,20.0,20.0,realized
1401,Kevin Pangos,1630698.0,Cavaliers,1,2022,False,,1.5,False,,1.5,estimated_flat
1401,Kevin Pangos,1630698.0,Cavaliers,2,2023,False,,1.5,False,,1.5,estimated_flat
1402,Denzel Valentine,1627756.0,Cavaliers,1,2022,False,,2.05,False,,2.05,estimated_flat
1402,Denzel Valentine,1627756.0,Cavaliers,2,2023,False,,2.05,False,,2.05,estimated_flat
1404,Tacko Fall,1629605.0,Cavaliers,1,2022,False,,1.7,False,,1.7,estimated_flat
1423,Ochai Agbaji,1630534.0,Cavaliers,1,2023,False,,4.675,False,3.91836,3.91836,realized
1423,Ochai Agbaji,1630534.0,Cavaliers,2,2024,False,,4.675,False,4.1142,4.1142,realized
1423,Ochai Agbaji,1630534.0,Cavaliers,3,2025,False,,4.675,False,4.31028,4.31028,realized
1423,Ochai Agbaji,1630534.0,Cavaliers,4,2026,False,,4.675,False,6.383525,6.383525,realized
1425,Raulzinho Neto / Raul Neto,203526.0,Cavaliers,1,2023,False,,2.2,False,1.83609,1.83609,realized
1426,Ricky Rubio,201937.0,Cavaliers,1,2023,False,,6.133,False,5.853659,5.853659,realized
1426,Ricky Rubio,201937.0,Cavaliers,2,2024,False,,6.133,False,,6.133,estimated_flat
1426,Ricky Rubio,201937.0,Cavaliers,3,2025,False,,6.133,False,,6.133,estimated_flat
1427,Robin Lopez,201577.0,Cavaliers,1,2023,False,,2.9,False,1.83609,1.83609,realized
1428,Darius Garland,1629636.0,Cavaliers,1,2023,False,,38.6,False,8.920795,8.920795,realized
1428,Darius Garland,1629636.0,Cavaliers,2,2024,False,,38.6,False,34.00525,34.00525,realized
1428,Darius Garland,1629636.0,Cavaliers,3,2025,False,,38.6,False,36.72567,36.72567,realized
1428,Darius Garland,1629636.0,Cavaliers,4,2026,False,,38.6,False,39.44609,39.44609,realized
1428,Darius Garland,1629636.0,Cavaliers,5,2027,False,,38.6,False,,38.6,estimated_flat
1429,Collin Sexton,1629012.0,Cavaliers,1,2023,False,,17.75,False,16.5,16.5,realized
1429,Collin Sexton,1629012.0,Cavaliers,2,2024,False,,17.75,False,17.525,17.525,realized
1429,Collin Sexton,1629012.0,Cavaliers,3,2025,False,,17.75,False,18.15,18.15,realized
1429,Collin Sexton,1629012.0,Cavaliers,4,2026,False,,17.75,False,18.975,18.975,realized
1435,Dean Wade,1629731.0,Cavaliers,1,2023,False,,6.167,False,1.930681,1.930681,realized
1435,Dean Wade,1629731.0,Cavaliers,2,2024,False,,6.167,False,5.709877,5.709877,realized
1435,Dean Wade,1629731.0,Cavaliers,3,2025,False,,6.167,False,6.166667,6.166667,realized
1440,Sam Merrill,1630241.0,Cavaliers,1,2023,False,,1.667,False,0.85,0.85,realized
1440,Sam Merrill,1630241.0,Cavaliers,2,2024,False,,1.667,False,1.997238,1.997238,realized
1440,Sam Merrill,1630241.0,Cavaliers,3,2025,False,,1.667,False,2.164993,2.164993,realized
1445,Caris LeVert,1627747.0,Cavaliers,1,2024,False,,16.0,False,15.384616,15.384616,realized
1445,Caris LeVert,1627747.0,Cavaliers,2,2025,False,,16.0,False,16.615384,16.615384,realized
1446,Georges Niang,1627777.0,Cavaliers,1,2024,False,,8.5,False,8.8,8.8,realized
1446,Georges Niang,1627777.0,Cavaliers,2,2025,False,,8.5,False,8.5,8.5,realized
1446,Georges Niang,1627777.0,Cavaliers,3,2026,False,,8.5,False,,8.5,estimated_flat
1447,Ty Jerome,1629660.0,Cavaliers,1,2024,False,,2.3,False,2.439025,2.439025,realized
1447,Ty Jerome,1629660.0,Cavaliers,2,2025,False,,2.3,False,2.560975,2.560975,realized
1450,Tristan Thompson,202684.0,Cavaliers,1,2024,False,,3.2,False,2.019706,2.019706,realized
1465,Jaylon Tyson,1642281.0,Cavaliers,1,2025,False,,4.025,False,3.32616,3.32616,realized
1465,Jaylon Tyson,1642281.0,Cavaliers,2,2026,False,,4.025,False,3.49248,3.49248,realized
1465,Jaylon Tyson,1642281.0,Cavaliers,3,2027,False,,4.025,False,,4.025,estimated_flat
1465,Jaylon Tyson,1642281.0,Cavaliers,4,2028,False,,4.025,False,,4.025,estimated_flat
1466,Donovan Mitchell,1628378.0,Cavaliers,1,2025,False,,50.1,False,35.41031,35.41031,realized
1466,Donovan Mitchell,1628378.0,Cavaliers,2,2026,False,,50.1,False,46.3941,46.3941,realized
1466,Donovan Mitchell,1628378.0,Cavaliers,3,2027,True,player,50.1,True,,50.1,estimated_flat
1467,Evan Mobley,1630596.0,Cavaliers,1,2025,False,,44.8,False,11.227657,11.227657,realized
1467,Evan Mobley,1630596.0,Cavaliers,2,2026,False,,44.8,False,46.3941,46.3941,realized
1467,Evan Mobley,1630596.0,Cavaliers,3,2027,False,,44.8,False,,44.8,estimated_flat
1467,Evan Mobley,1630596.0,Cavaliers,4,2028,False,,44.8,False,,44.8,estimated_flat
1467,Evan Mobley,1630596.0,Cavaliers,5,2029,False,,44.8,False,,44.8,estimated_flat
1468,Jarrett Allen,1628386.0,Cavaliers,1,2025,False,,30.333,False,20.0,20.0,realized
1468,Jarrett Allen,1628386.0,Cavaliers,2,2026,False,,30.333,False,20.0,20.0,realized
1468,Jarrett Allen,1628386.0,Cavaliers,3,2027,False,,30.333,False,,30.333,estimated_flat
1473,Isaac Okoro,1630171.0,Cavaliers,1,2025,False,,11.0,False,10.185186,10.185186,realized
1473,Isaac Okoro,1630171.0,Cavaliers,2,2026,False,,11.0,False,11.0,11.0,realized
1473,Isaac Okoro,1630171.0,Cavaliers,3,2027,False,,11.0,False,,11.0,estimated_flat
1487,Tyrese Proctor,1642878.0,Cavaliers,1,2026,False,,2.175,False,1.27287,1.27287,realized
1487,Tyrese Proctor,1642878.0,Cavaliers,2,2027,False,,2.175,False,,2.175,estimated_flat
1487,Tyrese Proctor,1642878.0,Cavaliers,3,2028,False,,2.175,False,,2.175,estimated_flat
1487,Tyrese Proctor,1642878.0,Cavaliers,4,2029,False,,2.175,False,,2.175,estimated_flat
1488,Larry Nance Jr.,1626204.0,Cavaliers,1,2026,False,,3.6,False,2.296274,2.296274,realized
1489,Sam Merrill,1630241.0,Cavaliers,1,2026,False,,9.5,False,8.482144,8.482144,realized
1489,Sam Merrill,1630241.0,Cavaliers,2,2027,False,,9.5,False,,9.5,estimated_flat
1489,Sam Merrill,1630241.0,Cavaliers,3,2028,False,,9.5,False,,9.5,estimated_flat
1489,Sam Merrill,1630241.0,Cavaliers,4,2029,False,,9.5,False,,9.5,estimated_flat
1492,Thomas Bryant,1628418.0,Cavaliers,1,2026,False,,3.3,False,2.296274,2.296274,realized
1503,Nae'Qwan Tomlin,1641772.0,Cavaliers,1,2026,False,,1.55,False,0.0,0.0,realized
1503,Nae'Qwan Tomlin,1641772.0,Cavaliers,2,2027,False,,1.55,False,,1.55,estimated_flat
1509,Thomas Bryant,1628418.0,Cavaliers,1,2027,False,,3.5,False,,3.5,estimated_flat
1510,Donovan Mitchell,1628378.0,Cavaliers,1,2027,False,,68.25,False,,68.25,estimated_flat
1510,Donovan Mitchell,1628378.0,Cavaliers,2,2028,False,,68.25,False,,68.25,estimated_flat
1510,Donovan Mitchell,1628378.0,Cavaliers,3,2029,False,,68.25,False,,68.25,estimated_flat
1510,Donovan Mitchell,1628378.0,Cavaliers,4,2030,True,player,68.25,True,,68.25,estimated_flat
1511,Mario Hezonja,1626209.0,Cavaliers,1,2027,False,,2.8,False,,2.8,estimated_flat
1512,Chandler Parsons,202718.0,Mavericks,1,2015,False,,15.333,False,14.7,14.7,realized
1512,Chandler Parsons,202718.0,Mavericks,2,2016,False,,15.333,False,15.3615,15.3615,realized
1512,Chandler Parsons,202718.0,Mavericks,3,2017,False,,15.333,False,22.11675,22.11675,realized
1513,Dirk Nowitzki,1717.0,Mavericks,1,2015,False,,10.0,False,7.974482,7.974482,realized
1513,Dirk Nowitzki,1717.0,Mavericks,2,2016,False,,10.0,False,8.333334,8.333334,realized
1513,Dirk Nowitzki,1717.0,Mavericks,3,2017,False,,10.0,False,25.0,25.0,realized
1514,DeJuan Blair,201971.0,Mavericks,1,2015,False,,2.0,False,2.0,2.0,realized
1514,DeJuan Blair,201971.0,Mavericks,2,2016,False,,2.0,False,,2.0,estimated_flat
1514,DeJuan Blair,201971.0,Mavericks,3,2017,False,,2.0,False,,2.0,estimated_flat
1515,Devin Harris,2734.0,Mavericks,1,2015,False,,3.0,False,3.878896,3.878896,realized
1515,Devin Harris,2734.0,Mavericks,2,2016,False,,3.0,False,4.053446,4.053446,realized
1515,Devin Harris,2734.0,Mavericks,3,2017,False,,3.0,False,4.227996,4.227996,realized
1519,Jameer Nelson (Sr.),2749.0,Mavericks,1,2015,False,,3.0,False,2.732,2.732,realized
1519,Jameer Nelson (Sr.),2749.0,Mavericks,2,2016,False,,3.0,False,4.345,4.345,realized
1532,Wesley Matthews / Wes Matthews Jr.,202083.0,Mavericks,1,2016,False,,17.5,False,16.4075,16.4075,realized
1532,Wesley Matthews / Wes Matthews Jr.,202083.0,Mavericks,2,2017,False,,17.5,False,17.145838,17.145838,realized
1532,Wesley Matthews / Wes Matthews Jr.,202083.0,Mavericks,3,2018,False,,17.5,False,17.884175,17.884175,realized
1532,Wesley Matthews / Wes Matthews Jr.,202083.0,Mavericks,4,2019,False,,17.5,False,0.512746,0.512746,realized
1533,Deron Williams,101114.0,Mavericks,1,2016,False,,5.0,False,5.378974,5.378974,realized
1533,Deron Williams,101114.0,Mavericks,2,2017,False,,5.0,False,0.259526,0.259526,realized
1534,Jose Juan Barea / Jose Barea / J.J. Barea,200826.0,Mavericks,1,2016,False,,4.0,False,4.29,4.29,realized
1534,Jose Juan Barea / Jose Barea / J.J. Barea,200826.0,Mavericks,2,2017,False,,4.0,False,4.09695,4.09695,realized
1534,Jose Juan Barea / Jose Barea / J.J. Barea,200826.0,Mavericks,3,2018,False,,4.0,False,3.9039,3.9039,realized
1534,Jose Juan Barea / Jose Barea / J.J. Barea,200826.0,Mavericks,4,2019,False,,4.0,False,3.71085,3.71085,realized
1543,Justin Anderson,1626147.0,Mavericks,1,2016,False,,1.5,False,1.449,1.449,realized
1543,Justin Anderson,1626147.0,Mavericks,2,2017,False,,1.5,False,1.51416,1.51416,realized
1554,Harrison Barnes,203084.0,Mavericks,1,2017,False,,23.5,False,22.11675,22.11675,realized
1554,Harrison Barnes,203084.0,Mavericks,2,2018,False,,23.5,False,23.112004,23.112004,realized
1554,Harrison Barnes,203084.0,Mavericks,3,2019,False,,23.5,False,24.793702,24.793702,realized
1554,Harrison Barnes,203084.0,Mavericks,4,2020,False,,23.5,False,24.147727,24.147727,realized
1556,Deron Williams,101114.0,Mavericks,1,2017,False,,10.0,False,0.259526,0.259526,realized
1558,Dwight Powell,203939.0,Mavericks,1,2017,False,,9.25,False,8.375,8.375,realized
1558,Dwight Powell,203939.0,Mavericks,2,2018,False,,9.25,False,9.003125,9.003125,realized
1558,Dwight Powell,203939.0,Mavericks,3,2019,False,,9.25,False,9.63125,9.63125,realized
1558,Dwight Powell,203939.0,Mavericks,4,2020,False,,9.25,False,10.259375,10.259375,realized
1561,Seth Curry,203552.0,Mavericks,1,2017,False,,3.0,False,2.898,2.898,realized
1561,Seth Curry,203552.0,Mavericks,2,2018,False,,3.0,False,,3.0,estimated_flat
1564,Dirk Nowitzki,1717.0,Mavericks,1,2017,False,,25.0,False,25.0,25.0,realized
1564,Dirk Nowitzki,1717.0,Mavericks,2,2018,False,,25.0,False,5.0,5.0,realized
1575,Yogi Ferrell,1627812.0,Mavericks,1,2017,False,,0.75,False,,0.75,estimated_flat
1575,Yogi Ferrell,1627812.0,Mavericks,2,2018,False,,0.75,False,,0.75,estimated_flat
1584,Dennis Smith Jr.,1628372.0,Mavericks,1,2018,False,,3.5,False,3.21828,3.21828,realized
1584,Dennis Smith Jr.,1628372.0,Mavericks,2,2019,False,,3.5,False,3.81996,3.81996,realized
1585,Dirk Nowitzki,1717.0,Mavericks,1,2018,False,,5.0,False,5.0,5.0,realized
1586,Maximilian Kleber / Maxi Kleber,1628467.0,Mavericks,1,2018,False,,0.816,False,0.815615,0.815615,realized
1590,Maalik Wayns,203146.0,Mavericks,1,2018,False,,1.5,False,,1.5,estimated_flat
1591,Jeff Withey,203481.0,Mavericks,1,2018,False,,3.4,False,,3.4,estimated_flat
1592,Nerlens Noel,203457.0,Mavericks,1,2018,False,,4.2,False,4.187598,4.187598,realized
1594,Maalik Wayns,203146.0,Mavericks,1,2018,False,,1.5,False,,1.5,estimated_flat
1602,Kyle Collinsworth,1627858.0,Mavericks,1,2018,False,,1.1,False,0.290304,0.290304,realized
1602,Kyle Collinsworth,1627858.0,Mavericks,2,2019,False,,1.1,False,,1.1,estimated_flat
1602,Kyle Collinsworth,1627858.0,Mavericks,3,2020,False,,1.1,False,,1.1,estimated_flat
1607,Salah Mejri,1626257.0,Mavericks,1,2019,False,,1.6,False,0.512746,0.512746,realized
1608,DeAndre Jordan,201599.0,Mavericks,1,2019,False,,22.9,False,22.8972,22.8972,realized
1609,Luka Doncic,1629029.0,Mavericks,1,2019,False,,7.1,False,6.56064,6.56064,realized
1609,Luka Doncic,1629029.0,Mavericks,2,2020,False,,7.1,False,7.68336,7.68336,realized
1609,Luka Doncic,1629029.0,Mavericks,3,2021,False,,7.1,False,8.04936,8.04936,realized
1609,Luka Doncic,1629029.0,Mavericks,4,2022,False,,7.1,False,10.174391,10.174391,realized
1612,Raymond Spalding / Ray Spalding,1629034.0,Mavericks,1,2019,False,,1.425,False,0.184746,0.184746,realized
1612,Raymond Spalding / Ray Spalding,1629034.0,Mavericks,2,2020,False,,1.425,False,,1.425,estimated_flat
1612,Raymond Spalding / Ray Spalding,1629034.0,Mavericks,3,2021,False,,1.425,False,,1.425,estimated_flat
1612,Raymond Spalding / Ray Spalding,1629034.0,Mavericks,4,2022,False,,1.425,False,,1.425,estimated_flat
1614,Dirk Nowitzki,1717.0,Mavericks,1,2019,False,,5.0,False,5.0,5.0,realized
1618,Salah Mejri,1626257.0,Mavericks,1,2019,False,,1.6,False,0.512746,0.512746,realized
1619,Ryan Broekhoff,1629151.0,Mavericks,1,2019,False,,1.15,False,0.838464,0.838464,realized
1619,Ryan Broekhoff,1629151.0,Mavericks,2,2020,False,,1.15,False,0.163356,0.163356,realized
1620,Devin Harris,2734.0,Mavericks,1,2019,False,,2.4,False,1.512601,1.512601,realized
1626,Dwight Powell,203939.0,Mavericks,1,2020,False,,11.0,False,10.259375,10.259375,realized
1626,Dwight Powell,203939.0,Mavericks,2,2021,False,,11.0,False,11.080125,11.080125,realized
1626,Dwight Powell,203939.0,Mavericks,3,2022,False,,11.0,False,11.080125,11.080125,realized
1627,Maximilian Kleber / Maxi Kleber,1628467.0,Mavericks,1,2020,False,,8.975,False,8.0,8.0,realized
1627,Maximilian Kleber / Maxi Kleber,1628467.0,Mavericks,2,2021,False,,8.975,False,8.475,8.475,realized
1627,Maximilian Kleber / Maxi Kleber,1628467.0,Mavericks,3,2022,False,,8.975,False,8.75,8.75,realized
1627,Maximilian Kleber / Maxi Kleber,1628467.0,Mavericks,4,2023,False,,8.975,False,9.0,9.0,realized
1628,Seth Curry,203552.0,Mavericks,1,2020,False,,8.0,False,7.46138,7.46138,realized
1628,Seth Curry,203552.0,Mavericks,2,2021,False,,8.0,False,7.834449,7.834449,realized
1628,Seth Curry,203552.0,Mavericks,3,2022,False,,8.0,False,8.207518,8.207518,realized
1628,Seth Curry,203552.0,Mavericks,4,2023,False,,8.0,False,8.496653,8.496653,realized
1629,Dorian Finney-Smith,1627827.0,Mavericks,1,2020,False,,4.0,False,4.0,4.0,realized
1629,Dorian Finney-Smith,1627827.0,Mavericks,2,2021,False,,4.0,False,4.0,4.0,realized
1629,Dorian Finney-Smith,1627827.0,Mavericks,3,2022,False,,4.0,False,4.0,4.0,realized
1630,Kristaps Porzingis,204001.0,Mavericks,1,2020,False,,31.65,False,27.285,27.285,realized
1630,Kristaps Porzingis,204001.0,Mavericks,2,2021,False,,31.65,False,29.4678,29.4678,realized
1630,Kristaps Porzingis,204001.0,Mavericks,3,2022,False,,31.65,False,31.6506,31.6506,realized
1630,Kristaps Porzingis,204001.0,Mavericks,4,2023,False,,31.65,False,33.8334,33.8334,realized
1630,Kristaps Porzingis,204001.0,Mavericks,5,2024,False,,31.65,False,36.0162,36.0162,realized
1630,Kristaps Porzingis,204001.0,Mavericks,6,2025,True,player,31.65,True,29.268293,29.268293,realized
1631,Boban Marjanovic,1626246.0,Mavericks,1,2020,False,,3.5,False,3.5,3.5,realized
1631,Boban Marjanovic,1626246.0,Mavericks,2,2021,False,,3.5,False,3.5,3.5,realized
1635,Isaiah Roby,1629676.0,Mavericks,1,2020,False,,1.6,False,1.5,1.5,realized
1635,Isaiah Roby,1629676.0,Mavericks,2,2021,False,,1.6,False,1.517981,1.517981,realized
1635,Isaiah Roby,1629676.0,Mavericks,3,2022,False,,1.6,False,1.782621,1.782621,realized
1635,Isaiah Roby,1629676.0,Mavericks,4,2023,True,team,1.6,False,0.4,0.4,realized
1636,Jose Juan Barea / Jose Barea / J.J. Barea,200826.0,Mavericks,1,2020,False,,2.6,False,1.620564,1.620564,realized
1642,Josh Green,1630182.0,Mavericks,1,2021,False,,2.9,False,2.81676,2.81676,realized
1642,Josh Green,1630182.0,Mavericks,2,2022,False,,2.9,False,2.95752,2.95752,realized
1646,Jose Juan Barea / Jose Barea / J.J. Barea,200826.0,Mavericks,1,2021,False,,2.6,False,,2.6,estimated_flat
1648,Trey Burke,203504.0,Mavericks,1,2021,False,,3.15,False,3.0,3.0,realized
1648,Trey Burke,203504.0,Mavericks,2,2022,False,,3.15,False,3.15,3.15,realized
1648,Trey Burke,203504.0,Mavericks,3,2023,False,,3.15,False,,3.15,estimated_flat
1649,Tyrell Terry,1630179.0,Mavericks,1,2021,False,,1.625,False,1.289846,1.289846,realized
1649,Tyrell Terry,1630179.0,Mavericks,2,2022,False,,1.625,False,,1.625,estimated_flat
1649,Tyrell Terry,1630179.0,Mavericks,3,2023,False,,1.625,False,,1.625,estimated_flat
1649,Tyrell Terry,1630179.0,Mavericks,4,2024,False,,1.625,False,,1.625,estimated_flat
1650,Wesley Iwundu / Wes Iwundu,1628411.0,Mavericks,1,2021,False,,1.75,False,1.678854,1.678854,realized
1650,Wesley Iwundu / Wes Iwundu,1628411.0,Mavericks,2,2022,False,,1.75,False,,1.75,estimated_flat
1651,Willie Cauley-Stein,1626161.0,Mavericks,1,2021,False,,4.1,False,4.1,4.1,realized
1651,Willie Cauley-Stein,1626161.0,Mavericks,2,2022,False,,4.1,False,,4.1,estimated_flat
1656,Reggie Bullock,203493.0,Mavericks,1,2022,False,,10.167,False,9.536,9.536,realized
1656,Reggie Bullock,203493.0,Mavericks,2,2023,False,,10.167,False,10.0128,10.0128,realized
1656,Reggie Bullock,203493.0,Mavericks,3,2024,False,,10.167,False,2.019706,2.019706,realized
1657,Boban Marjanovic,1626246.0,Mavericks,1,2022,False,,3.5,False,3.5,3.5,realized
1657,Boban Marjanovic,1626246.0,Mavericks,2,2023,False,,3.5,False,0.601478,0.601478,realized
1658,Sterling Brown,1628425.0,Mavericks,1,2022,False,,3.1,False,3.0,3.0,realized
1658,Sterling Brown,1628425.0,Mavericks,2,2023,False,,3.1,False,,3.1,estimated_flat
1659,Tim Hardaway Jr.,203501.0,Mavericks,1,2022,False,,18.5,False,21.306816,21.306816,realized
1659,Tim Hardaway Jr.,203501.0,Mavericks,2,2023,False,,18.5,False,19.602273,19.602273,realized
1659,Tim Hardaway Jr.,203501.0,Mavericks,3,2024,False,,18.5,False,17.897728,17.897728,realized
1659,Tim Hardaway Jr.,203501.0,Mavericks,4,2025,False,,18.5,False,16.193183,16.193183,realized
1660,Luka Doncic,1629029.0,Mavericks,1,2022,False,,41.4,False,10.174391,10.174391,realized
1660,Luka Doncic,1629029.0,Mavericks,2,2023,False,,41.4,False,37.0965,37.0965,realized
1660,Luka Doncic,1629029.0,Mavericks,3,2024,False,,41.4,False,40.06422,40.06422,realized
1660,Luka Doncic,1629029.0,Mavericks,4,2025,False,,41.4,False,43.03194,43.03194,realized
1660,Luka Doncic,1629029.0,Mavericks,5,2026,False,,41.4,False,45.99966,45.99966,realized
1666,Frank Ntilikina,1628373.0,Mavericks,1,2022,False,,1.9,False,1.789256,1.789256,realized
1666,Frank Ntilikina,1628373.0,Mavericks,2,2023,False,,1.9,False,2.036318,2.036318,realized
1681,Dorian Finney-Smith,1627827.0,Mavericks,1,2022,False,,13.0,False,4.0,4.0,realized
1681,Dorian Finney-Smith,1627827.0,Mavericks,2,2023,False,,13.0,False,12.939848,12.939848,realized
1681,Dorian Finney-Smith,1627827.0,Mavericks,3,2024,False,,13.0,False,13.932008,13.932008,realized
1681,Dorian Finney-Smith,1627827.0,Mavericks,4,2025,False,,13.0,False,14.924167,14.924167,realized
1684,Jaden Hardy,1630702.0,Mavericks,1,2023,False,,1.6,False,1.017781,1.017781,realized
1684,Jaden Hardy,1630702.0,Mavericks,2,2024,False,,1.6,False,1.719864,1.719864,realized
1684,Jaden Hardy,1630702.0,Mavericks,3,2025,False,,1.6,False,2.019699,2.019699,realized
1685,Theo Pinson,1629033.0,Mavericks,1,2023,False,,2.0,False,1.83609,1.83609,realized
1686,JaVale McGee,201580.0,Mavericks,1,2023,False,,5.733,False,5.461219,5.461219,realized
1686,JaVale McGee,201580.0,Mavericks,2,2024,False,,5.733,False,2.019706,2.019706,realized
1686,JaVale McGee,201580.0,Mavericks,3,2025,False,,5.733,False,,5.733,estimated_flat
1690,Maximilian Kleber / Maxi Kleber,1628467.0,Mavericks,1,2023,False,,11.0,False,9.0,9.0,realized
1690,Maximilian Kleber / Maxi Kleber,1628467.0,Mavericks,2,2024,False,,11.0,False,11.0,11.0,realized
1690,Maximilian Kleber / Maxi Kleber,1628467.0,Mavericks,3,2025,False,,11.0,False,11.0,11.0,realized
1695,Facundo Campazzo,1630267.0,Mavericks,1,2023,False,,1.8,False,,1.8,estimated_flat
1702,Kyrie Irving,202681.0,Mavericks,1,2024,False,,42.0,False,38.037037,38.037037,realized
1702,Kyrie Irving,202681.0,Mavericks,2,2025,False,,42.0,False,40.0,40.0,realized
1702,Kyrie Irving,202681.0,Mavericks,3,2026,True,player,42.0,False,,42.0,estimated_flat
1703,Dereck Lively II,1641726.0,Mavericks,1,2024,False,,5.575,False,4.77564,4.77564,realized
1703,Dereck Lively II,1641726.0,Mavericks,2,2025,False,,5.575,False,5.01456,5.01456,realized
1703,Dereck Lively II,1641726.0,Mavericks,3,2026,False,,5.575,False,5.25336,5.25336,realized
1703,Dereck Lively II,1641726.0,Mavericks,4,2027,False,,5.575,False,,5.575,estimated_flat
1704,Dwight Powell,203939.0,Mavericks,1,2024,False,,4.0,False,4.0,4.0,realized
1704,Dwight Powell,203939.0,Mavericks,2,2025,False,,4.0,False,4.0,4.0,realized
1704,Dwight Powell,203939.0,Mavericks,3,2026,False,,4.0,False,4.0,4.0,realized
1705,Dante Exum,203957.0,Mavericks,1,2024,False,,3.1,False,3.0,3.0,realized
1705,Dante Exum,203957.0,Mavericks,2,2025,False,,3.1,False,3.15,3.15,realized
1707,Seth Curry,203552.0,Mavericks,1,2024,False,,4.0,False,4.0,4.0,realized
1707,Seth Curry,203552.0,Mavericks,2,2025,False,,4.0,False,2.087519,2.087519,realized
1708,Olivier-Maxence Prosper,1641765.0,Mavericks,1,2024,False,,3.475,False,2.73372,2.73372,realized
1708,Olivier-Maxence Prosper,1641765.0,Mavericks,2,2025,False,,3.475,False,2.8704,2.8704,realized
1708,Olivier-Maxence Prosper,1641765.0,Mavericks,3,2026,False,,3.475,False,0.0,0.0,realized
1708,Olivier-Maxence Prosper,1641765.0,Mavericks,4,2027,False,,3.475,False,,3.475,estimated_flat
1712,Derrick Jones Jr.,1627884.0,Mavericks,1,2024,False,,2.7,False,2.019706,2.019706,realized
1713,Markieff Morris,202693.0,Mavericks,1,2024,False,,3.2,False,2.019706,2.019706,realized
1719,Josh Green,1630182.0,Mavericks,1,2024,False,,13.667,False,4.765339,4.765339,realized
1719,Josh Green,1630182.0,Mavericks,2,2025,False,,13.667,False,12.654321,12.654321,realized
1719,Josh Green,1630182.0,Mavericks,3,2026,False,,13.667,False,13.666667,13.666667,realized
1727,Naji Marshall,1630230.0,Mavericks,1,2025,False,,9.0,False,8.571429,8.571429,realized
1727,Naji Marshall,1630230.0,Mavericks,2,2026,False,,9.0,False,9.0,9.0,realized
1727,Naji Marshall,1630230.0,Mavericks,3,2027,False,,9.0,False,,9.0,estimated_flat
1731,Spencer Dinwiddie,203915.0,Mavericks,1,2025,False,,3.0,False,2.087519,2.087519,realized
1738,Jaden Hardy,1630702.0,Mavericks,1,2025,False,,6.0,False,2.019699,2.019699,realized
1738,Jaden Hardy,1630702.0,Mavericks,2,2026,False,,6.0,False,6.0,6.0,realized
1738,Jaden Hardy,1630702.0,Mavericks,3,2027,False,,6.0,False,,6.0,estimated_flat
1738,Jaden Hardy,1630702.0,Mavericks,4,2028,True,team,6.0,False,,6.0,estimated_flat
1743,Cooper Flagg,1642843.0,Mavericks,1,2026,False,,15.675,False,13.82592,13.82592,realized
1743,Cooper Flagg,1642843.0,Mavericks,2,2027,False,,15.675,False,,15.675,estimated_flat
1743,Cooper Flagg,1642843.0,Mavericks,3,2028,False,,15.675,False,,15.675,estimated_flat
1743,Cooper Flagg,1642843.0,Mavericks,4,2029,False,,15.675,False,,15.675,estimated_flat
1746,D'Angelo Russell,1626156.0,Mavericks,1,2026,False,,5.8,False,5.685,5.685,realized
1746,D'Angelo Russell,1626156.0,Mavericks,2,2027,False,,5.8,False,,5.8,estimated_flat
1747,Dante Exum,203957.0,Mavericks,1,2026,False,,3.3,False,,3.3,estimated_flat
1748,Kyrie Irving,202681.0,Mavericks,1,2026,False,,39.667,False,,39.667,estimated_flat
1748,Kyrie Irving,202681.0,Mavericks,2,2027,False,,39.667,False,,39.667,estimated_flat
1748,Kyrie Irving,202681.0,Mavericks,3,2028,False,,39.667,False,,39.667,estimated_flat
1751,Daniel Gafford,1629655.0,Mavericks,1,2026,False,,18.133,False,14.38632,14.38632,realized
1751,Daniel Gafford,1629655.0,Mavericks,2,2027,False,,18.133,False,,18.133,estimated_flat
1751,Daniel Gafford,1629655.0,Mavericks,3,2028,False,,18.133,False,,18.133,estimated_flat
1752,Dante Exum,203957.0,Mavericks,1,2026,False,,3.3,False,,3.3,estimated_flat
1753,P.J. Washington,1629023.0,Mavericks,1,2026,False,,22.2,False,14.152174,14.152174,realized
1753,P.J. Washington,1629023.0,Mavericks,2,2027,False,,22.2,False,,22.2,estimated_flat
1753,P.J. Washington,1629023.0,Mavericks,3,2028,False,,22.2,False,,22.2,estimated_flat
1753,P.J. Washington,1629023.0,Mavericks,4,2029,False,,22.2,False,,22.2,estimated_flat
1766,Ryan Nembhard,1642948.0,Mavericks,1,2026,False,,1.25,False,0.0,0.0,realized
1766,Ryan Nembhard,1642948.0,Mavericks,2,2027,True,team,1.25,False,,1.25,estimated_flat
1773,Moussa Cisse,1630619.0,Mavericks,1,2027,False,,2.35,False,,2.35,estimated_flat
1773,Moussa Cisse,1630619.0,Mavericks,2,2028,False,,2.35,False,,2.35,estimated_flat
1775,Gary Harris,203914.0,Nuggets,1,2015,False,,1.55,False,1.5192,1.5192,realized
1775,Gary Harris,203914.0,Nuggets,2,2016,False,,1.55,False,1.58748,1.58748,realized
1776,Jusuf Nurkic,203994.0,Nuggets,1,2015,False,,1.8,False,1.76268,1.76268,realized
1776,Jusuf Nurkic,203994.0,Nuggets,2,2016,False,,1.8,False,1.842,1.842,realized
1783,Kenneth Faried,202702.0,Nuggets,1,2015,False,,12.5,False,2.249768,2.249768,realized
1783,Kenneth Faried,202702.0,Nuggets,2,2016,False,,12.5,False,11.235955,11.235955,realized
1783,Kenneth Faried,202702.0,Nuggets,3,2017,False,,12.5,False,12.078652,12.078652,realized
1783,Kenneth Faried,202702.0,Nuggets,4,2018,False,,12.5,False,12.921348,12.921348,realized
1788,Wilson Chandler,201163.0,Nuggets,1,2016,False,,11.5,False,,11.5,estimated_flat
1788,Wilson Chandler,201163.0,Nuggets,2,2017,False,,11.5,False,11.233146,11.233146,realized
1788,Wilson Chandler,201163.0,Nuggets,3,2018,False,,11.5,False,12.016854,12.016854,realized
1788,Wilson Chandler,201163.0,Nuggets,4,2019,False,,11.5,False,12.800562,12.800562,realized
1789,Danilo Gallinari,201568.0,Nuggets,1,2016,False,,17.0,False,14.0,14.0,realized
1789,Danilo Gallinari,201568.0,Nuggets,2,2017,False,,17.0,False,15.05,15.05,realized
1791,Emmanuel Mudiay,1626144.0,Nuggets,1,2016,False,,3.15,False,3.10224,3.10224,realized
1791,Emmanuel Mudiay,1626144.0,Nuggets,2,2017,False,,3.15,False,3.2418,3.2418,realized
1792,Nikola Jokic,203999.0,Nuggets,1,2016,False,,1.375,False,1.3,1.3,realized
1792,Nikola Jokic,203999.0,Nuggets,2,2017,False,,1.375,False,1.3585,1.3585,realized
1792,Nikola Jokic,203999.0,Nuggets,3,2018,False,,1.375,False,1.471382,1.471382,realized
1792,Nikola Jokic,203999.0,Nuggets,4,2019,False,,1.375,False,25.46725,25.46725,realized
1796,Jameer Nelson (Sr.),2749.0,Nuggets,1,2016,False,,4.5,False,4.345,4.345,realized
1796,Jameer Nelson (Sr.),2749.0,Nuggets,2,2017,False,,4.5,False,4.540525,4.540525,realized
1796,Jameer Nelson (Sr.),2749.0,Nuggets,3,2018,False,,4.5,False,1.429818,1.429818,realized
1797,Will Barton,203115.0,Nuggets,1,2016,False,,3.533,False,3.533333,3.533333,realized
1797,Will Barton,203115.0,Nuggets,2,2017,False,,3.533,False,3.533333,3.533333,realized
1797,Will Barton,203115.0,Nuggets,3,2018,False,,3.533,False,3.533333,3.533333,realized
1816,Darrell Arthur,201589.0,Nuggets,1,2017,False,,7.667,False,8.070175,8.070175,realized
1816,Darrell Arthur,201589.0,Nuggets,2,2018,False,,7.667,False,7.464912,7.464912,realized
1816,Darrell Arthur,201589.0,Nuggets,3,2019,False,,7.667,False,,7.667,estimated_flat
1817,Malik Beasley,1627736.0,Nuggets,1,2017,False,,1.65,False,1.62732,1.62732,realized
1817,Malik Beasley,1627736.0,Nuggets,2,2018,False,,1.65,False,1.70064,1.70064,realized
1818,Jamal Murray,1627750.0,Nuggets,1,2017,False,,3.3,False,3.21084,3.21084,realized
1818,Jamal Murray,1627750.0,Nuggets,2,2018,False,,3.3,False,3.35532,3.35532,realized
1819,Mike Miller,2034.0,Nuggets,1,2017,False,,2.5,False,3.5,3.5,realized
1819,Mike Miller,2034.0,Nuggets,2,2018,False,,2.5,False,,2.5,estimated_flat
1820,Juancho Hernangomez / Juan Hernangomez,1627823.0,Nuggets,1,2017,False,,2.0,False,1.98744,1.98744,realized
1820,Juancho Hernangomez / Juan Hernangomez,1627823.0,Nuggets,2,2018,False,,2.0,False,2.07684,2.07684,realized
1830,Tyler Lydon,1628399.0,Nuggets,1,2018,False,,1.75,False,1.57944,1.57944,realized
1830,Tyler Lydon,1628399.0,Nuggets,2,2019,False,,1.75,False,1.87464,1.87464,realized
1831,Danilo Gallinari,201568.0,Nuggets,1,2018,False,,21.6,False,20.559599,20.559599,realized
1831,Danilo Gallinari,201568.0,Nuggets,2,2019,False,,21.6,False,21.587579,21.587579,realized
1831,Danilo Gallinari,201568.0,Nuggets,3,2020,False,,21.6,False,22.615559,22.615559,realized
1832,Paul Millsap,200794.0,Nuggets,1,2018,False,,30.5,False,30.769231,30.769231,realized
1832,Paul Millsap,200794.0,Nuggets,2,2019,False,,30.5,False,29.230769,29.230769,realized
1835,Josh Childress,2735.0,Nuggets,1,2018,False,,2.1,False,,2.1,estimated_flat
1836,Mason Plumlee,203486.0,Nuggets,1,2018,False,,13.667,False,14.041096,14.041096,realized
1836,Mason Plumlee,203486.0,Nuggets,2,2019,False,,13.667,False,12.917808,12.917808,realized
1836,Mason Plumlee,203486.0,Nuggets,3,2020,False,,13.667,False,14.041096,14.041096,realized
1837,Gary Harris,203914.0,Nuggets,1,2018,False,,21.0,False,2.550055,2.550055,realized
1837,Gary Harris,203914.0,Nuggets,2,2019,False,,21.0,False,16.517857,16.517857,realized
1837,Gary Harris,203914.0,Nuggets,3,2020,False,,21.0,False,18.289286,18.289286,realized
1837,Gary Harris,203914.0,Nuggets,4,2021,False,,21.0,False,19.160714,19.160714,realized
1838,Richard Jefferson,2210.0,Nuggets,1,2018,False,,2.3,False,1.454756,1.454756,realized
1839,Michael Porter Jr.,1629008.0,Nuggets,1,2019,False,,3.15,False,,3.15,estimated_flat
1839,Michael Porter Jr.,1629008.0,Nuggets,2,2020,False,,3.15,False,3.3894,3.3894,realized
1839,Michael Porter Jr.,1629008.0,Nuggets,3,2021,False,,3.15,False,3.5508,3.5508,realized
1839,Michael Porter Jr.,1629008.0,Nuggets,4,2022,False,,3.15,False,5.258735,5.258735,realized
1840,Nikola Jokic,203999.0,Nuggets,1,2019,False,,29.54,False,25.46725,25.46725,realized
1840,Nikola Jokic,203999.0,Nuggets,2,2020,False,,29.54,False,27.50463,27.50463,realized
1840,Nikola Jokic,203999.0,Nuggets,3,2021,False,,29.54,False,29.54201,29.54201,realized
1840,Nikola Jokic,203999.0,Nuggets,4,2022,False,,29.54,False,31.044906,31.044906,realized
1840,Nikola Jokic,203999.0,Nuggets,5,2023,False,,29.54,False,33.61677,33.61677,realized
1841,Torrey Craig,1628470.0,Nuggets,1,2019,False,,2.05,False,2.0,2.0,realized
1841,Torrey Craig,1628470.0,Nuggets,2,2020,False,,2.05,False,2.0,2.0,realized
1842,Will Barton,203115.0,Nuggets,1,2019,False,,13.25,False,11.830358,11.830358,realized
1842,Will Barton,203115.0,Nuggets,2,2020,False,,13.25,False,12.776786,12.776786,realized
1842,Will Barton,203115.0,Nuggets,3,2021,False,,13.25,False,13.723214,13.723214,realized
1842,Will Barton,203115.0,Nuggets,4,2022,False,,13.25,False,15.625,15.625,realized
1843,Jarred Vanderbilt,1629020.0,Nuggets,1,2019,False,,1.3,False,0.838464,0.838464,realized
1843,Jarred Vanderbilt,1629020.0,Nuggets,2,2020,False,,1.3,False,1.416852,1.416852,realized
1843,Jarred Vanderbilt,1629020.0,Nuggets,3,2021,False,,1.3,False,1.663861,1.663861,realized
1844,Isaiah Thomas,202738.0,Nuggets,1,2019,False,,2.0,False,1.512601,1.512601,realized
1846,Monte Morris,1628420.0,Nuggets,1,2019,False,,1.567,False,1.349383,1.349383,realized
1846,Monte Morris,1628420.0,Nuggets,2,2020,False,,1.567,False,1.588231,1.588231,realized
1846,Monte Morris,1628420.0,Nuggets,3,2021,False,,1.567,False,1.723707,1.723707,realized
1856,Jamal Murray,1627750.0,Nuggets,1,2020,False,,39.13,False,4.444746,4.444746,realized
1856,Jamal Murray,1627750.0,Nuggets,2,2021,False,,39.13,False,27.285,27.285,realized
1856,Jamal Murray,1627750.0,Nuggets,3,2022,False,,39.13,False,,39.13,estimated_flat
1856,Jamal Murray,1627750.0,Nuggets,4,2023,False,,39.13,False,31.6506,31.6506,realized
1856,Jamal Murray,1627750.0,Nuggets,5,2024,False,,39.13,False,33.8334,33.8334,realized
1857,Vlatko Cancar,1628427.0,Nuggets,1,2020,False,,1.4,False,0.89831,0.89831,realized
1857,Vlatko Cancar,1628427.0,Nuggets,2,2021,False,,1.4,False,1.517981,1.517981,realized
1857,Vlatko Cancar,1628427.0,Nuggets,3,2022,False,,1.4,False,1.782621,1.782621,realized
1869,Jerami Grant,203924.0,Nuggets,1,2021,False,,20.0,False,19.05,19.05,realized
1869,Jerami Grant,203924.0,Nuggets,2,2022,False,,20.0,False,20.0025,20.0025,realized
1869,Jerami Grant,203924.0,Nuggets,3,2023,False,,20.0,False,20.955,20.955,realized
1870,Bol Bol,1629626.0,Nuggets,1,2021,False,,2.1,False,2.05824,2.05824,realized
1870,Bol Bol,1629626.0,Nuggets,2,2022,False,,2.1,False,2.161152,2.161152,realized
1872,Isaiah Hartenstein,1628392.0,Nuggets,1,2021,False,,1.7,False,1.620564,1.620564,realized
1872,Isaiah Hartenstein,1628392.0,Nuggets,2,2022,False,,1.7,False,1.669178,1.669178,realized
1873,Facundo Campazzo,1630267.0,Nuggets,1,2021,False,,3.7,False,3.2,3.2,realized
1873,Facundo Campazzo,1630267.0,Nuggets,2,2022,False,,3.7,False,3.1,3.1,realized
1874,JaMychal Green,203210.0,Nuggets,1,2021,False,,7.4,False,7.19976,7.19976,realized
1874,JaMychal Green,203210.0,Nuggets,2,2022,False,,7.4,False,8.2,8.2,realized
1876,R.J. Hampton,1630181.0,Nuggets,1,2021,False,,2.25,False,2.19348,2.19348,realized
1876,R.J. Hampton,1630181.0,Nuggets,2,2022,False,,2.25,False,2.30304,2.30304,realized
1878,Paul Millsap,200794.0,Nuggets,1,2021,False,,10.0,False,10.0,10.0,realized
1879,Monte Morris,1628420.0,Nuggets,1,2021,False,,9.267,False,1.723707,1.723707,realized
1879,Monte Morris,1628420.0,Nuggets,2,2022,False,,9.267,False,8.849071,8.849071,realized
1879,Monte Morris,1628420.0,Nuggets,3,2023,False,,9.267,False,9.125,9.125,realized
1883,Nah'Shon Hyland / Bones Hyland,1630538.0,Nuggets,1,2022,False,,2.7,False,2.09688,2.09688,realized
1883,Nah'Shon Hyland / Bones Hyland,1630538.0,Nuggets,2,2023,False,,2.7,False,2.20152,2.20152,realized
1883,Nah'Shon Hyland / Bones Hyland,1630538.0,Nuggets,3,2024,False,,2.7,False,2.3064,2.3064,realized
1883,Nah'Shon Hyland / Bones Hyland,1630538.0,Nuggets,4,2025,False,,2.7,False,4.15844,4.15844,realized
1884,Jeff Green,201145.0,Nuggets,1,2022,False,,4.5,False,4.5,4.5,realized
1884,Jeff Green,201145.0,Nuggets,2,2023,False,,4.5,False,4.5,4.5,realized
1885,Will Barton,203115.0,Nuggets,1,2022,False,,15.0,False,15.625,15.625,realized
1885,Will Barton,203115.0,Nuggets,2,2023,False,,15.0,False,0.432642,0.432642,realized
1887,JaMychal Green,203210.0,Nuggets,1,2022,False,,8.2,False,8.2,8.2,realized
1887,JaMychal Green,203210.0,Nuggets,2,2023,False,,8.2,False,1.83609,1.83609,realized
1888,Austin Rivers,203085.0,Nuggets,1,2022,False,,2.4,False,1.669178,1.669178,realized
1892,Aaron Gordon,203932.0,Nuggets,1,2022,False,,21.65,False,16.409091,16.409091,realized
1892,Aaron Gordon,203932.0,Nuggets,2,2023,False,,21.65,False,20.690909,20.690909,realized
1892,Aaron Gordon,203932.0,Nuggets,3,2024,False,,21.65,False,21.266182,21.266182,realized
1892,Aaron Gordon,203932.0,Nuggets,4,2025,True,player,21.65,True,22.841455,22.841455,realized
1895,Michael Porter Jr.,1629008.0,Nuggets,1,2022,False,,34.51,False,5.258735,5.258735,realized
1895,Michael Porter Jr.,1629008.0,Nuggets,2,2023,False,,34.51,False,30.91375,30.91375,realized
1895,Michael Porter Jr.,1629008.0,Nuggets,3,2024,False,,34.51,False,33.38685,33.38685,realized
1895,Michael Porter Jr.,1629008.0,Nuggets,4,2025,False,,34.51,False,35.85995,35.85995,realized
1895,Michael Porter Jr.,1629008.0,Nuggets,5,2026,False,,34.51,False,38.33305,38.33305,realized
1911,Christian Braun,1631128.0,Nuggets,1,2023,False,,3.45,False,2.8086,2.8086,realized
1911,Christian Braun,1631128.0,Nuggets,2,2024,False,,3.45,False,2.94912,2.94912,realized
1911,Christian Braun,1631128.0,Nuggets,3,2025,False,,3.45,False,3.08964,3.08964,realized
1911,Christian Braun,1631128.0,Nuggets,4,2026,False,,3.45,False,4.921797,4.921797,realized
1913,Peyton Watson,1631212.0,Nuggets,1,2023,False,,2.825,False,2.19396,2.19396,realized
1913,Peyton Watson,1631212.0,Nuggets,2,2024,False,,2.825,False,2.30352,2.30352,realized
1913,Peyton Watson,1631212.0,Nuggets,3,2025,False,,2.825,False,2.41356,2.41356,realized
1913,Peyton Watson,1631212.0,Nuggets,4,2026,False,,2.825,False,4.356476,4.356476,realized
1914,Bruce Brown,1628971.0,Nuggets,1,2023,False,,6.5,False,6.479,6.479,realized
1914,Bruce Brown,1628971.0,Nuggets,2,2024,False,,6.5,False,22.0,22.0,realized
1915,Vlatko Cancar,1628427.0,Nuggets,1,2023,False,,2.267,False,2.234359,2.234359,realized
1915,Vlatko Cancar,1628427.0,Nuggets,2,2024,False,,2.267,False,,2.267,estimated_flat
1915,Vlatko Cancar,1628427.0,Nuggets,3,2025,False,,2.267,False,2.087519,2.087519,realized
1918,Davon Reed,1628432.0,Nuggets,1,2023,False,,2.0,False,,2.0,estimated_flat
1918,Davon Reed,1628432.0,Nuggets,2,2024,False,,2.0,False,,2.0,estimated_flat
1920,DeAndre Jordan,201599.0,Nuggets,1,2023,False,,2.9,False,1.83609,1.83609,realized
1921,Kentavious Caldwell-Pope,203484.0,Nuggets,1,2023,False,,15.0,False,14.004703,14.004703,realized
1921,Kentavious Caldwell-Pope,203484.0,Nuggets,2,2024,False,,15.0,False,14.704938,14.704938,realized
1931,Hunter Tyson,1641816.0,Nuggets,1,2024,False,,1.925,False,1.119563,1.119563,realized
1931,Hunter Tyson,1641816.0,Nuggets,2,2025,False,,1.925,False,1.891857,1.891857,realized
1931,Hunter Tyson,1641816.0,Nuggets,3,2026,False,,1.925,False,2.221677,2.221677,realized
1931,Hunter Tyson,1641816.0,Nuggets,4,2027,False,,1.925,False,,1.925,estimated_flat
1932,Jalen Pickett,1629618.0,Nuggets,1,2024,False,,2.05,False,1.708143,1.708143,realized
1932,Jalen Pickett,1629618.0,Nuggets,2,2025,False,,2.05,False,1.891857,1.891857,realized
1932,Jalen Pickett,1629618.0,Nuggets,3,2026,False,,2.05,False,2.221677,2.221677,realized
1932,Jalen Pickett,1629618.0,Nuggets,4,2027,False,,2.05,False,,2.05,estimated_flat
1933,Julian Strawther,1631124.0,Nuggets,1,2024,False,,3.125,False,2.43108,2.43108,realized
1933,Julian Strawther,1631124.0,Nuggets,2,2025,False,,3.125,False,2.55252,2.55252,realized
1933,Julian Strawther,1631124.0,Nuggets,3,2026,False,,3.125,False,2.6742,2.6742,realized
1933,Julian Strawther,1631124.0,Nuggets,4,2027,False,,3.125,False,,3.125,estimated_flat
1934,Justin Holiday,203200.0,Nuggets,1,2024,False,,3.2,False,2.019706,2.019706,realized
1935,Reggie Jackson (Shon),202704.0,Nuggets,1,2024,False,,5.1,False,5.0,5.0,realized
1935,Reggie Jackson (Shon),202704.0,Nuggets,2,2025,True,player,5.1,False,2.087519,2.087519,realized
1941,DeAndre Jordan,201599.0,Nuggets,1,2024,False,,3.2,False,2.019706,2.019706,realized
1950,Zeke Nnaji,1630192.0,Nuggets,1,2024,False,,8.0,False,4.306281,4.306281,realized
1950,Zeke Nnaji,1630192.0,Nuggets,2,2025,False,,8.0,False,8.888889,8.888889,realized
1950,Zeke Nnaji,1630192.0,Nuggets,3,2026,False,,8.0,False,8.177778,8.177778,realized
1950,Zeke Nnaji,1630192.0,Nuggets,4,2027,False,,8.0,False,,8.0,estimated_flat
1950,Zeke Nnaji,1630192.0,Nuggets,5,2028,False,,8.0,False,,8.0,estimated_flat
1955,DaRon Holmes II,1641747.0,Nuggets,1,2025,False,,3.8,False,,3.8,estimated_flat
1955,DaRon Holmes II,1641747.0,Nuggets,2,2026,False,,3.8,False,3.21876,3.21876,realized
1955,DaRon Holmes II,1641747.0,Nuggets,3,2027,False,,3.8,False,,3.8,estimated_flat
1955,DaRon Holmes II,1641747.0,Nuggets,4,2028,False,,3.8,False,,3.8,estimated_flat
1957,Dario Saric,203967.0,Nuggets,1,2025,False,,5.3,False,5.168,5.168,realized
1957,Dario Saric,203967.0,Nuggets,2,2026,False,,5.3,False,5.4264,5.4264,realized
1958,DeAndre Jordan,201599.0,Nuggets,1,2025,False,,3.3,False,2.087519,2.087519,realized
1960,Russell Westbrook,201566.0,Nuggets,1,2025,False,,3.4,False,3.303771,3.303771,realized
1960,Russell Westbrook,201566.0,Nuggets,2,2026,True,player,3.4,False,2.296274,2.296274,realized
1963,Jamal Murray,1627750.0,Nuggets,1,2025,False,,52.0,False,36.0162,36.0162,realized
1963,Jamal Murray,1627750.0,Nuggets,2,2026,False,,52.0,False,46.3941,46.3941,realized
1963,Jamal Murray,1627750.0,Nuggets,3,2027,False,,52.0,False,,52.0,estimated_flat
1963,Jamal Murray,1627750.0,Nuggets,4,2028,False,,52.0,False,,52.0,estimated_flat
1967,Aaron Gordon,203932.0,Nuggets,1,2025,False,,25.9,False,22.841455,22.841455,realized
1967,Aaron Gordon,203932.0,Nuggets,2,2026,False,,25.9,False,22.841455,22.841455,realized
1967,Aaron Gordon,203932.0,Nuggets,3,2027,False,,25.9,False,,25.9,estimated_flat
1967,Aaron Gordon,203932.0,Nuggets,4,2028,True,player,25.9,True,,25.9,estimated_flat
1970,Bruce Brown,1628971.0,Nuggets,1,2026,False,,3.0,False,2.296274,2.296274,realized
1971,Tim Hardaway Jr.,203501.0,Nuggets,1,2026,False,,1.8,False,2.296274,2.296274,realized
1971,Tim Hardaway Jr.,203501.0,Nuggets,2,2027,False,,1.8,False,,1.8,estimated_flat
1982,Christian Braun,1631128.0,Nuggets,1,2026,False,,25.0,False,4.921797,4.921797,realized
1982,Christian Braun,1631128.0,Nuggets,2,2027,False,,25.0,False,,25.0,estimated_flat
1982,Christian Braun,1631128.0,Nuggets,3,2028,False,,25.0,False,,25.0,estimated_flat
1982,Christian Braun,1631128.0,Nuggets,4,2029,False,,25.0,False,,25.0,estimated_flat
1982,Christian Braun,1631128.0,Nuggets,5,2030,False,,25.0,False,,25.0,estimated_flat
1989,Tyus Jones,1626145.0,Nuggets,1,2027,False,,3.9,False,,3.9,estimated_flat
1990,Marvin Bagley III,1628963.0,Nuggets,1,2027,False,,3.5,False,,3.5,estimated_flat
1991,Spencer Jones,1642461.0,Nuggets,1,2027,False,,6.0,False,,6.0,estimated_flat
1991,Spencer Jones,1642461.0,Nuggets,2,2028,False,,6.0,False,,6.0,estimated_flat
1995,Caron Butler,2406.0,Pistons,1,2015,False,,4.5,False,4.5,4.5,realized
1995,Caron Butler,2406.0,Pistons,2,2016,False,,4.5,False,1.499187,1.499187,realized
1997,Jodie Meeks,201975.0,Pistons,1,2015,False,,6.5,False,6.0,6.0,realized
1997,Jodie Meeks,201975.0,Pistons,2,2016,False,,6.5,False,6.27,6.27,realized
1997,Jodie Meeks,201975.0,Pistons,3,2017,False,,6.5,False,6.54,6.54,realized
2015,Joel Anthony,201202.0,Pistons,1,2016,False,,2.5,False,2.5,2.5,realized
2015,Joel Anthony,201202.0,Pistons,2,2017,False,,2.5,False,,2.5,estimated_flat
2016,Reggie Jackson (Shon),202704.0,Pistons,1,2016,False,,16.0,False,13.913043,13.913043,realized
2016,Reggie Jackson (Shon),202704.0,Pistons,2,2017,False,,16.0,False,14.956522,14.956522,realized
2016,Reggie Jackson (Shon),202704.0,Pistons,3,2018,False,,16.0,False,16.0,16.0,realized
2016,Reggie Jackson (Shon),202704.0,Pistons,4,2019,False,,16.0,False,17.043478,17.043478,realized
2016,Reggie Jackson (Shon),202704.0,Pistons,5,2020,False,,16.0,False,0.512721,0.512721,realized
2017,Stanley Johnson,1626169.0,Pistons,1,2016,False,,2.9,False,2.84196,2.84196,realized
2017,Stanley Johnson,1626169.0,Pistons,2,2017,False,,2.9,False,2.96988,2.96988,realized
2031,Ishmael Smith / Ish Smith,202397.0,Pistons,1,2017,False,,6.0,False,6.0,6.0,realized
2031,Ishmael Smith / Ish Smith,202397.0,Pistons,2,2018,False,,6.0,False,6.0,6.0,realized
2031,Ishmael Smith / Ish Smith,202397.0,Pistons,3,2019,False,,6.0,False,6.0,6.0,realized
2032,Jon Leuer,202720.0,Pistons,1,2017,False,,10.5,False,10.991957,10.991957,realized
2032,Jon Leuer,202720.0,Pistons,2,2018,False,,10.5,False,10.497319,10.497319,realized
2032,Jon Leuer,202720.0,Pistons,3,2019,False,,10.5,False,10.002681,10.002681,realized
2032,Jon Leuer,202720.0,Pistons,4,2020,False,,10.5,False,,10.5,estimated_flat
2033,Boban Marjanovic,1626246.0,Pistons,1,2017,False,,7.0,False,7.0,7.0,realized
2033,Boban Marjanovic,1626246.0,Pistons,2,2018,False,,7.0,False,7.0,7.0,realized
2033,Boban Marjanovic,1626246.0,Pistons,3,2019,False,,7.0,False,7.0,7.0,realized
2035,Andre Drummond,203083.0,Pistons,1,2017,False,,26.0,False,22.11675,22.11675,realized
2035,Andre Drummond,203083.0,Pistons,2,2018,False,,26.0,False,23.775506,23.775506,realized
2035,Andre Drummond,203083.0,Pistons,3,2019,False,,26.0,False,25.434263,25.434263,realized
2035,Andre Drummond,203083.0,Pistons,4,2020,False,,26.0,False,27.950199,27.950199,realized
2035,Andre Drummond,203083.0,Pistons,5,2021,False,,26.0,False,0.554988,0.554988,realized
2036,Henry Ellenson,1627740.0,Pistons,1,2017,False,,1.75,False,1.70412,1.70412,realized
2036,Henry Ellenson,1627740.0,Pistons,2,2018,False,,1.75,False,1.7808,1.7808,realized
2042,Luke Kennard,1628379.0,Pistons,1,2018,False,,3.0,False,2.75928,2.75928,realized
2042,Luke Kennard,1628379.0,Pistons,2,2019,False,,3.0,False,3.27528,3.27528,realized
2043,Eric Moreland,203961.0,Pistons,1,2018,False,,1.833,False,1.739333,1.739333,realized
2043,Eric Moreland,203961.0,Pistons,2,2019,False,,1.833,False,,1.833,estimated_flat
2043,Eric Moreland,203961.0,Pistons,3,2020,False,,1.833,False,,1.833,estimated_flat
2044,Langston Galloway,204038.0,Pistons,1,2018,False,,7.0,False,6.666667,6.666667,realized
2044,Langston Galloway,204038.0,Pistons,2,2019,False,,7.0,False,7.0,7.0,realized
2044,Langston Galloway,204038.0,Pistons,3,2020,False,,7.0,False,7.333333,7.333333,realized
2045,Anthony Tolliver,201229.0,Pistons,1,2018,False,,3.3,False,3.29,3.29,realized
2046,Reggie Bullock,203493.0,Pistons,1,2018,False,,2.5,False,2.5,2.5,realized
2046,Reggie Bullock,203493.0,Pistons,2,2019,False,,2.5,False,2.5,2.5,realized
2058,Glenn Robinson III,203922.0,Pistons,1,2019,False,,4.1,False,4.075,4.075,realized
2058,Glenn Robinson III,203922.0,Pistons,2,2020,False,,4.1,False,1.620564,1.620564,realized
2059,Jose Calderon,101181.0,Pistons,1,2019,False,,2.4,False,1.512601,1.512601,realized
2060,Zaur Pachulia / Zaza Pachulia,2585.0,Pistons,1,2019,False,,2.4,False,1.512601,1.512601,realized
2062,Khyri Thomas,1629017.0,Pistons,1,2019,False,,1.133,False,0.838464,0.838464,realized
2062,Khyri Thomas,1629017.0,Pistons,2,2020,False,,1.133,False,1.416852,1.416852,realized
2062,Khyri Thomas,1629017.0,Pistons,3,2021,False,,1.133,False,0.25,0.25,realized
2069,Wayne Ellington,201961.0,Pistons,1,2019,False,,2.4,False,2.383076,2.383076,realized
2071,Sekou Doumbouya,1629635.0,Pistons,1,2020,False,,3.35,False,3.28512,3.28512,realized
2071,Sekou Doumbouya,1629635.0,Pistons,2,2021,False,,3.35,False,3.4494,3.4494,realized
2072,Derrick Rose,201565.0,Pistons,1,2020,False,,7.5,False,7.317073,7.317073,realized
2072,Derrick Rose,201565.0,Pistons,2,2021,False,,7.5,False,7.682927,7.682927,realized
2073,Markieff Morris,202693.0,Pistons,1,2020,False,,3.3,False,1.75,1.75,realized
2073,Markieff Morris,202693.0,Pistons,2,2021,False,,3.3,False,1.620564,1.620564,realized
2078,Joe Johnson,2207.0,Pistons,1,2020,False,,2.6,False,,2.6,estimated_flat
2089,Christian Wood,1626174.0,Pistons,1,2021,False,,13.667,False,13.015874,13.015874,realized
2089,Christian Wood,1626174.0,Pistons,2,2022,False,,13.667,False,13.666667,13.666667,realized
2089,Christian Wood,1626174.0,Pistons,3,2023,False,,13.667,False,14.317459,14.317459,realized
2090,Isaiah Stewart,1630191.0,Pistons,1,2021,False,,3.2,False,3.12108,3.12108,realized
2090,Isaiah Stewart,1630191.0,Pistons,2,2022,False,,3.2,False,3.27708,3.27708,realized
2091,Killian Hayes,1630165.0,Pistons,1,2021,False,,5.45,False,5.30712,5.30712,realized
2091,Killian Hayes,1630165.0,Pistons,2,2022,False,,5.45,False,5.57268,5.57268,realized
2093,Saddiq Bey,1630180.0,Pistons,1,2021,False,,2.75,False,2.68992,2.68992,realized
2093,Saddiq Bey,1630180.0,Pistons,2,2022,False,,2.75,False,2.82432,2.82432,realized
2094,Deividas Sirvydis,1629686.0,Pistons,1,2021,False,,1.4,False,0.89831,0.89831,realized
2094,Deividas Sirvydis,1629686.0,Pistons,2,2022,False,,1.4,False,,1.4,estimated_flat
2094,Deividas Sirvydis,1629686.0,Pistons,3,2023,False,,1.4,False,,1.4,estimated_flat
2095,Jahlil Okafor,1626143.0,Pistons,1,2021,False,,2.0,False,1.882867,1.882867,realized
2095,Jahlil Okafor,1626143.0,Pistons,2,2022,False,,2.0,False,,2.0,estimated_flat
2096,Josh Jackson,1628367.0,Pistons,1,2021,False,,4.9,False,4.767,4.767,realized
2096,Josh Jackson,1628367.0,Pistons,2,2022,False,,4.9,False,5.00535,5.00535,realized
2097,Mason Plumlee,203486.0,Pistons,1,2021,False,,8.233,False,8.0,8.0,realized
2097,Mason Plumlee,203486.0,Pistons,2,2022,False,,8.233,False,9.248333,9.248333,realized
2097,Mason Plumlee,203486.0,Pistons,3,2023,False,,8.233,False,9.080417,9.080417,realized
2098,Wayne Ellington,201961.0,Pistons,1,2021,False,,2.6,False,1.620564,1.620564,realized
2105,Tyler Cook,1629076.0,Pistons,1,2021,False,,1.05,False,,1.05,estimated_flat
2105,Tyler Cook,1629076.0,Pistons,2,2022,False,,1.05,False,,1.05,estimated_flat
2107,Isaiah Livers,1630587.0,Pistons,1,2022,False,,1.5,False,1.05726,1.05726,realized
2107,Isaiah Livers,1630587.0,Pistons,2,2023,False,,1.5,False,1.563518,1.563518,realized
2107,Isaiah Livers,1630587.0,Pistons,3,2024,False,,1.5,False,,1.5,estimated_flat
2108,Kelly Olynyk,203482.0,Pistons,1,2022,False,,12.333,False,12.195122,12.195122,realized
2108,Kelly Olynyk,203482.0,Pistons,2,2023,False,,12.333,False,12.804878,12.804878,realized
2108,Kelly Olynyk,203482.0,Pistons,3,2024,False,,12.333,False,12.195122,12.195122,realized
2109,Saben Lee,1630240.0,Pistons,1,2022,False,,1.7,False,1.489065,1.489065,realized
2109,Saben Lee,1630240.0,Pistons,2,2023,False,,1.7,False,,1.7,estimated_flat
2109,Saben Lee,1630240.0,Pistons,3,2024,False,,1.7,False,,1.7,estimated_flat
2110,Trey Lyles,1626168.0,Pistons,1,2022,False,,2.5,False,2.5,2.5,realized
2110,Trey Lyles,1626168.0,Pistons,2,2023,False,,2.5,False,2.625,2.625,realized
2111,Cade Cunningham,1630595.0,Pistons,1,2022,False,,11.15,False,10.05012,10.05012,realized
2111,Cade Cunningham,1630595.0,Pistons,2,2023,False,,11.15,False,10.5528,10.5528,realized
2111,Cade Cunningham,1630595.0,Pistons,3,2024,False,,11.15,False,11.05536,11.05536,realized
2111,Cade Cunningham,1630595.0,Pistons,4,2025,False,,11.15,False,13.940809,13.940809,realized
2112,Cory Joseph,202709.0,Pistons,1,2022,False,,5.0,False,4.91,4.91,realized
2112,Cory Joseph,202709.0,Pistons,2,2023,False,,5.0,False,5.1555,5.1555,realized
2113,Frank Jackson,1628402.0,Pistons,1,2022,False,,3.075,False,3.0,3.0,realized
2113,Frank Jackson,1628402.0,Pistons,2,2023,False,,3.075,False,3.9,3.9,realized
2114,Rodney McGruder,203585.0,Pistons,1,2022,False,,1.9,False,1.669178,1.669178,realized
2118,Hamidou Diallo,1628977.0,Pistons,1,2022,False,,5.2,False,5.2,5.2,realized
2118,Hamidou Diallo,1628977.0,Pistons,2,2023,True,team,5.2,False,5.2,5.2,realized
2121,Luka Garza,1630568.0,Pistons,1,2022,False,,1.25,False,0.925258,0.925258,realized
2121,Luka Garza,1630568.0,Pistons,2,2023,True,team,1.25,False,,1.25,estimated_flat
2141,Jaden Ivey,1631093.0,Pistons,1,2023,False,,8.25,False,7.2522,7.2522,realized
2141,Jaden Ivey,1631093.0,Pistons,2,2024,False,,8.25,False,7.61448,7.61448,realized
2141,Jaden Ivey,1631093.0,Pistons,3,2025,False,,8.25,False,7.97724,7.97724,realized
2141,Jaden Ivey,1631093.0,Pistons,4,2026,False,,8.25,False,10.107163,10.107163,realized
2142,Marvin Bagley III,1628963.0,Pistons,1,2023,False,,12.5,False,12.5,12.5,realized
2142,Marvin Bagley III,1628963.0,Pistons,2,2024,False,,12.5,False,12.5,12.5,realized
2142,Marvin Bagley III,1628963.0,Pistons,3,2025,False,,12.5,False,12.5,12.5,realized
2143,Jalen Duren,1631105.0,Pistons,1,2023,False,,4.875,False,4.12428,4.12428,realized
2143,Jalen Duren,1631105.0,Pistons,2,2024,False,,4.875,False,4.33068,4.33068,realized
2143,Jalen Duren,1631105.0,Pistons,3,2025,False,,4.875,False,4.53684,4.53684,realized
2143,Jalen Duren,1631105.0,Pistons,4,2026,False,,4.875,False,6.483144,6.483144,realized
2144,Kevin Knox II,1628995.0,Pistons,1,2023,False,,3.0,False,3.0,3.0,realized
2144,Kevin Knox II,1628995.0,Pistons,2,2024,True,team,3.0,False,,3.0,estimated_flat
2151,Bojan Bogdanovic,202711.0,Pistons,1,2023,False,,19.5,False,19.55,19.55,realized
2151,Bojan Bogdanovic,202711.0,Pistons,2,2024,False,,19.5,False,20.0,20.0,realized
2154,R.J. Hampton,1630181.0,Pistons,1,2023,False,,1.25,False,0.485403,0.485403,realized
2154,R.J. Hampton,1630181.0,Pistons,2,2024,False,,1.25,False,,1.25,estimated_flat
2157,Eugene Omoruyi,1630647.0,Pistons,1,2023,False,,1.1,False,0.269445,0.269445,realized
2157,Eugene Omoruyi,1630647.0,Pistons,2,2024,False,,1.1,False,0.9,0.9,realized
2161,Ausar Thompson,1641709.0,Pistons,1,2024,False,,9.05,False,7.97748,7.97748,realized
2161,Ausar Thompson,1641709.0,Pistons,2,2025,False,,9.05,False,8.376,8.376,realized
2161,Ausar Thompson,1641709.0,Pistons,3,2026,False,,9.05,False,8.775,8.775,realized
2161,Ausar Thompson,1641709.0,Pistons,4,2027,False,,9.05,False,,9.05,estimated_flat
2164,Marcus Sasser,1631204.0,Pistons,1,2024,False,,3.375,False,2.62404,2.62404,realized
2164,Marcus Sasser,1631204.0,Pistons,2,2025,False,,3.375,False,2.75508,2.75508,realized
2164,Marcus Sasser,1631204.0,Pistons,3,2026,False,,3.375,False,2.88672,2.88672,realized
2164,Marcus Sasser,1631204.0,Pistons,4,2027,False,,3.375,False,,3.375,estimated_flat
2165,Isaiah Stewart,1630191.0,Pistons,1,2024,False,,15.0,False,5.266713,5.266713,realized
2165,Isaiah Stewart,1630191.0,Pistons,2,2025,False,,15.0,False,15.0,15.0,realized
2165,Isaiah Stewart,1630191.0,Pistons,3,2026,False,,15.0,False,15.0,15.0,realized
2165,Isaiah Stewart,1630191.0,Pistons,4,2027,False,,15.0,False,,15.0,estimated_flat
2190,Tobias Harris,202699.0,Pistons,1,2025,False,,26.0,False,25.365854,25.365854,realized
2190,Tobias Harris,202699.0,Pistons,2,2026,False,,26.0,False,26.634146,26.634146,realized
2191,Cade Cunningham,1630595.0,Pistons,1,2025,False,,44.84,False,13.940809,13.940809,realized
2191,Cade Cunningham,1630595.0,Pistons,2,2026,False,,44.84,False,46.3941,46.3941,realized
2191,Cade Cunningham,1630595.0,Pistons,3,2027,False,,44.84,False,,44.84,estimated_flat
2191,Cade Cunningham,1630595.0,Pistons,4,2028,False,,44.84,False,,44.84,estimated_flat
2191,Cade Cunningham,1630595.0,Pistons,5,2029,False,,44.84,False,,44.84,estimated_flat
2192,Malik Beasley,1627736.0,Pistons,1,2025,False,,6.0,False,6.0,6.0,realized
2193,Bobi Klintman,1641752.0,Pistons,1,2025,False,,2.0,False,1.257153,1.257153,realized
2193,Bobi Klintman,1641752.0,Pistons,2,2026,False,,2.0,False,1.955377,1.955377,realized
2193,Bobi Klintman,1641752.0,Pistons,3,2027,False,,2.0,False,,2.0,estimated_flat
2193,Bobi Klintman,1641752.0,Pistons,4,2028,False,,2.0,False,,2.0,estimated_flat
2194,Simone Fontecchio,1631323.0,Pistons,1,2025,False,,8.0,False,7.692308,7.692308,realized
2194,Simone Fontecchio,1631323.0,Pistons,2,2026,False,,8.0,False,8.307692,8.307692,realized
2205,Paul Reed,1630194.0,Pistons,1,2025,False,,1.5,False,1.427671,1.427671,realized
2208,Caris LeVert,1627747.0,Pistons,1,2026,False,,14.5,False,14.104,14.104,realized
2208,Caris LeVert,1627747.0,Pistons,2,2027,False,,14.5,False,,14.5,estimated_flat
2209,Chaz Lanier,1642404.0,Pistons,1,2026,False,,2.175,False,1.27287,1.27287,realized
2209,Chaz Lanier,1642404.0,Pistons,2,2027,False,,2.175,False,,2.175,estimated_flat
2209,Chaz Lanier,1642404.0,Pistons,3,2028,False,,2.175,False,,2.175,estimated_flat
2209,Chaz Lanier,1642404.0,Pistons,4,2029,False,,2.175,False,,2.175,estimated_flat
2210,Dennis Schröder,203471.0,Pistons,1,2026,False,,14.8,False,14.104,14.104,realized
2210,Dennis Schröder,203471.0,Pistons,2,2027,False,,14.8,False,,14.8,estimated_flat
2210,Dennis Schröder,203471.0,Pistons,3,2028,False,,14.8,False,,14.8,estimated_flat
2211,Paul Reed,1630194.0,Pistons,1,2026,False,,5.5,False,5.335894,5.335894,realized
2211,Paul Reed,1630194.0,Pistons,2,2027,False,,5.5,False,,5.5,estimated_flat
2214,Javonte Green,1629750.0,Pistons,1,2026,False,,2.9,False,2.296274,2.296274,realized
2224,Daniss Jenkins,1642450.0,Pistons,1,2026,False,,3.9,False,0.0,0.0,realized
2224,Daniss Jenkins,1642450.0,Pistons,2,2027,True,team,3.9,False,,3.9,estimated_flat
2226,Tolu Smith,1642449.0,Pistons,1,2026,False,,1.25,False,0.0,0.0,realized
2226,Tolu Smith,1642449.0,Pistons,2,2027,False,,1.25,False,,1.25,estimated_flat
2230,John Collins (Martin),1628381.0,Pistons,1,2027,False,,17.0,False,,17.0,estimated_flat
2230,John Collins (Martin),1628381.0,Pistons,2,2028,False,,17.0,False,,17.0,estimated_flat
2230,John Collins (Martin),1628381.0,Pistons,3,2029,False,,17.0,False,,17.0,estimated_flat
2232,Javonte Green,1629750.0,Pistons,1,2027,False,,3.9,False,,3.9,estimated_flat
2233,Kevin Huerter,1628989.0,Pistons,1,2027,False,,9.0,False,,9.0,estimated_flat
2233,Kevin Huerter,1628989.0,Pistons,2,2028,False,,9.0,False,,9.0,estimated_flat
2233,Kevin Huerter,1628989.0,Pistons,3,2029,True,team,9.0,False,,9.0,estimated_flat
2238,Shaun Livingston,2733.0,Warriors,1,2015,False,,5.333,False,5.305,5.305,realized
2238,Shaun Livingston,2733.0,Warriors,2,2016,False,,5.333,False,5.543725,5.543725,realized
2238,Shaun Livingston,2733.0,Warriors,3,2017,False,,5.333,False,5.78245,5.78245,realized
2239,Brandon Rush,201575.0,Warriors,1,2015,False,,1.25,False,1.145685,1.145685,realized
2239,Brandon Rush,201575.0,Warriors,2,2016,False,,1.25,False,1.270964,1.270964,realized
2248,Klay Thompson,202691.0,Warriors,1,2015,False,,17.5,False,3.07588,3.07588,realized
2248,Klay Thompson,202691.0,Warriors,2,2016,False,,17.5,False,15.501,15.501,realized
2248,Klay Thompson,202691.0,Warriors,3,2017,False,,17.5,False,16.663575,16.663575,realized
2248,Klay Thompson,202691.0,Warriors,4,2018,False,,17.5,False,17.82615,17.82615,realized
2252,Kevon Looney,1626172.0,Warriors,1,2016,False,,1.15,False,1.13196,1.13196,realized
2252,Kevon Looney,1626172.0,Warriors,2,2017,False,,1.15,False,1.18284,1.18284,realized
2253,Draymond Green,203110.0,Warriors,1,2016,False,,16.4,False,14.26087,14.26087,realized
2253,Draymond Green,203110.0,Warriors,2,2017,False,,16.4,False,15.330435,15.330435,realized
2253,Draymond Green,203110.0,Warriors,3,2018,False,,16.4,False,16.4,16.4,realized
2253,Draymond Green,203110.0,Warriors,4,2019,False,,16.4,False,17.469565,17.469565,realized
2253,Draymond Green,203110.0,Warriors,5,2020,False,,16.4,False,18.53913,18.53913,realized
2254,Leandro Barbosa,2571.0,Warriors,1,2016,False,,2.5,False,2.5,2.5,realized
2266,Kevin Durant,201142.0,Warriors,1,2017,False,,27.15,False,26.5401,26.5401,realized
2266,Kevin Durant,201142.0,Warriors,2,2018,False,,27.15,False,25.0,25.0,realized
2269,Zaur Pachulia / Zaza Pachulia,2585.0,Warriors,1,2017,False,,2.9,False,2.898,2.898,realized
2270,Damian Jones,1627745.0,Warriors,1,2017,False,,1.2,False,1.17156,1.17156,realized
2270,Damian Jones,1627745.0,Warriors,2,2018,False,,1.2,False,1.312611,1.312611,realized
2286,David West,2561.0,Warriors,1,2018,False,,2.3,False,1.471382,1.471382,realized
2287,Kevin Durant,201142.0,Warriors,1,2018,False,,51.25,False,25.0,25.0,realized
2288,Stephen Curry,201939.0,Warriors,1,2018,False,,40.24,False,34.68255,34.68255,realized
2288,Stephen Curry,201939.0,Warriors,2,2019,False,,40.24,False,37.457154,37.457154,realized
2288,Stephen Curry,201939.0,Warriors,3,2020,False,,40.24,False,40.231758,40.231758,realized
2288,Stephen Curry,201939.0,Warriors,4,2021,False,,40.24,False,43.006362,43.006362,realized
2288,Stephen Curry,201939.0,Warriors,5,2022,False,,40.24,False,45.780966,45.780966,realized
2289,Nick Young,201156.0,Warriors,1,2018,False,,5.2,False,5.192,5.192,realized
2290,Jordan Bell,1628395.0,Warriors,1,2018,False,,1.1,False,0.815615,0.815615,realized
2290,Jordan Bell,1628395.0,Warriors,2,2019,False,,1.1,False,1.378242,1.378242,realized
2291,Zaur Pachulia / Zaza Pachulia,2585.0,Warriors,1,2018,False,,3.5,False,3.4776,3.4776,realized
2292,Andre Iguodala,2738.0,Warriors,1,2018,False,,16.0,False,14.814815,14.814815,realized
2292,Andre Iguodala,2738.0,Warriors,2,2019,False,,16.0,False,16.0,16.0,realized
2292,Andre Iguodala,2738.0,Warriors,3,2020,False,,16.0,False,17.185185,17.185185,realized
2293,Omri Casspi,201956.0,Warriors,1,2018,False,,2.1,False,,2.1,estimated_flat
2295,Shaun Livingston,2733.0,Warriors,1,2018,False,,8.0,False,7.692308,7.692308,realized
2295,Shaun Livingston,2733.0,Warriors,2,2019,False,,8.0,False,8.307692,8.307692,realized
2295,Shaun Livingston,2733.0,Warriors,3,2020,False,,8.0,False,,8.0,estimated_flat
2296,JaVale McGee,201580.0,Warriors,1,2018,False,,2.1,False,1.471382,1.471382,realized
2303,Jacob Evans,1628980.0,Warriors,1,2019,False,,1.8,False,1.64424,1.64424,realized
2303,Jacob Evans,1628980.0,Warriors,2,2020,False,,1.8,False,,1.8,estimated_flat
2303,Jacob Evans,1628980.0,Warriors,3,2021,False,,1.8,False,,1.8,estimated_flat
2303,Jacob Evans,1628980.0,Warriors,4,2022,False,,1.8,False,,1.8,estimated_flat
2304,DeMarcus Cousins,202326.0,Warriors,1,2019,False,,5.3,False,5.337,5.337,realized
2305,Kevin Durant,201142.0,Warriors,1,2019,False,,30.75,False,30.0,30.0,realized
2305,Kevin Durant,201142.0,Warriors,2,2020,False,,30.75,False,,30.75,estimated_flat
2308,Kevon Looney,1626172.0,Warriors,1,2019,False,,1.6,False,1.512601,1.512601,realized
2309,Jonas Jerebko,201973.0,Warriors,1,2019,False,,2.2,False,1.512601,1.512601,realized
2319,Alfonzo McKinnie,1628035.0,Warriors,1,2019,False,,1.4,False,,1.4,estimated_flat
2319,Alfonzo McKinnie,1628035.0,Warriors,2,2020,False,,1.4,False,1.5,1.5,realized
2320,Andrew Bogut,101106.0,Warriors,1,2019,False,,0.487,False,0.307648,0.307648,realized
2322,Jordan Poole,1629673.0,Warriors,1,2020,False,,2.0,False,1.96476,1.96476,realized
2322,Jordan Poole,1629673.0,Warriors,2,2021,False,,2.0,False,2.06328,2.06328,realized
2323,Kevin Durant,201142.0,Warriors,1,2020,False,,41.075,False,,41.075,estimated_flat
2323,Kevin Durant,201142.0,Warriors,2,2021,False,,41.075,False,40.10895,40.10895,realized
2323,Kevin Durant,201142.0,Warriors,3,2022,False,,41.075,False,42.0189,42.0189,realized
2323,Kevin Durant,201142.0,Warriors,4,2023,True,player,41.075,False,44.124845,44.124845,realized
2324,Alen Smailagic,1629346.0,Warriors,1,2020,False,,1.525,False,0.89831,0.89831,realized
2324,Alen Smailagic,1629346.0,Warriors,2,2021,False,,1.525,False,1.517981,1.517981,realized
2324,Alen Smailagic,1629346.0,Warriors,3,2022,False,,1.525,False,,1.525,estimated_flat
2324,Alen Smailagic,1629346.0,Warriors,4,2023,False,,1.525,False,,1.525,estimated_flat
2325,Eric Paschall,1629672.0,Warriors,1,2020,False,,1.4,False,0.89831,0.89831,realized
2325,Eric Paschall,1629672.0,Warriors,2,2021,False,,1.4,False,1.517981,1.517981,realized
2325,Eric Paschall,1629672.0,Warriors,3,2022,False,,1.4,False,1.782621,1.782621,realized
2327,Glenn Robinson III,203922.0,Warriors,1,2020,False,,1.9,False,1.620564,1.620564,realized
2328,Klay Thompson,202691.0,Warriors,1,2020,False,,37.98,False,,37.98,estimated_flat
2328,Klay Thompson,202691.0,Warriors,2,2021,False,,37.98,False,,37.98,estimated_flat
2328,Klay Thompson,202691.0,Warriors,3,2022,False,,37.98,False,37.98072,37.98072,realized
2328,Klay Thompson,202691.0,Warriors,4,2023,False,,37.98,False,40.60008,40.60008,realized
2328,Klay Thompson,202691.0,Warriors,5,2024,False,,37.98,False,43.21944,43.21944,realized
2329,Alec Burks,202692.0,Warriors,1,2020,False,,2.32,False,1.620564,1.620564,realized
2330,Kevon Looney,1626172.0,Warriors,1,2020,False,,5.0,False,4.464286,4.464286,realized
2330,Kevon Looney,1626172.0,Warriors,2,2021,False,,5.0,False,4.821429,4.821429,realized
2330,Kevon Looney,1626172.0,Warriors,3,2022,True,player,5.0,False,5.178572,5.178572,realized
2333,Draymond Green,203110.0,Warriors,1,2020,False,,24.925,False,18.53913,18.53913,realized
2333,Draymond Green,203110.0,Warriors,2,2021,False,,24.925,False,22.246956,22.246956,realized
2333,Draymond Green,203110.0,Warriors,3,2022,False,,24.925,False,24.026712,24.026712,realized
2333,Draymond Green,203110.0,Warriors,4,2023,False,,24.925,False,25.806469,25.806469,realized
2341,Damion Lee,1627814.0,Warriors,1,2020,False,,1.5,False,0.842327,0.842327,realized
2341,Damion Lee,1627814.0,Warriors,2,2021,False,,1.5,False,1.762796,1.762796,realized
2341,Damion Lee,1627814.0,Warriors,3,2022,False,,1.5,False,1.91086,1.91086,realized
2352,Brad Wanamaker,202954.0,Warriors,1,2021,False,,2.25,False,2.25,2.25,realized
2355,James Wiseman,1630164.0,Warriors,1,2021,False,,8.95,False,8.73024,8.73024,realized
2355,James Wiseman,1630164.0,Warriors,2,2022,False,,8.95,False,,8.95,estimated_flat
2364,Juan Toscano-Anderson,1629308.0,Warriors,1,2021,False,,1.05,False,0.358295,0.358295,realized
2364,Juan Toscano-Anderson,1629308.0,Warriors,2,2022,False,,1.05,False,1.701593,1.701593,realized
2365,Gary Payton II,1627780.0,Warriors,1,2021,False,,1.0,False,,1.0,estimated_flat
2365,Gary Payton II,1627780.0,Warriors,2,2022,False,,1.0,False,1.669178,1.669178,realized
2366,Jonathan Kuminga,1630228.0,Warriors,1,2022,False,,6.225,False,5.46636,5.46636,realized
2366,Jonathan Kuminga,1630228.0,Warriors,2,2023,False,,6.225,False,5.73984,5.73984,realized
2366,Jonathan Kuminga,1630228.0,Warriors,3,2024,False,,6.225,False,6.01284,6.01284,realized
2366,Jonathan Kuminga,1630228.0,Warriors,4,2025,False,,6.225,False,7.636307,7.636307,realized
2367,Moses Moody,1630541.0,Warriors,1,2022,False,,4.25,False,3.5622,3.5622,realized
2367,Moses Moody,1630541.0,Warriors,2,2023,False,,4.25,False,3.74016,3.74016,realized
2367,Moses Moody,1630541.0,Warriors,3,2024,False,,4.25,False,3.91848,3.91848,realized
2367,Moses Moody,1630541.0,Warriors,4,2025,False,,4.25,False,5.803269,5.803269,realized
2368,Nemanja Bjelica,202357.0,Warriors,1,2022,False,,2.1,False,1.669178,1.669178,realized
2369,Otto Porter Jr.,203490.0,Warriors,1,2022,False,,2.4,False,1.669178,1.669178,realized
2370,Stephen Curry,201939.0,Warriors,1,2022,False,,53.75,False,45.780966,45.780966,realized
2370,Stephen Curry,201939.0,Warriors,2,2023,False,,53.75,False,48.070014,48.070014,realized
2370,Stephen Curry,201939.0,Warriors,3,2024,False,,53.75,False,51.915615,51.915615,realized
2370,Stephen Curry,201939.0,Warriors,4,2025,False,,53.75,False,55.761216,55.761216,realized
2385,Patrick Baldwin Jr.,1631116.0,Warriors,1,2023,False,,2.85,False,2.226,2.226,realized
2385,Patrick Baldwin Jr.,1631116.0,Warriors,2,2024,False,,2.85,False,2.33772,2.33772,realized
2385,Patrick Baldwin Jr.,1631116.0,Warriors,3,2025,False,,2.85,False,2.44884,2.44884,realized
2385,Patrick Baldwin Jr.,1631116.0,Warriors,4,2026,False,,2.85,False,4.420156,4.420156,realized
2386,Donte DiVincenzo,1628978.0,Warriors,1,2023,False,,4.65,False,4.5,4.5,realized
2386,Donte DiVincenzo,1628978.0,Warriors,2,2024,False,,4.65,False,10.9,10.9,realized
2387,Kevon Looney,1626172.0,Warriors,1,2023,False,,7.5,False,7.0,7.0,realized
2387,Kevon Looney,1626172.0,Warriors,2,2024,False,,7.5,False,7.5,7.5,realized
2387,Kevon Looney,1626172.0,Warriors,3,2025,False,,7.5,False,8.0,8.0,realized
2394,Ryan Rollins,1631157.0,Warriors,1,2023,False,,1.6,False,1.017781,1.017781,realized
2394,Ryan Rollins,1631157.0,Warriors,2,2024,False,,1.6,False,0.0,0.0,realized
2394,Ryan Rollins,1631157.0,Warriors,3,2025,False,,1.6,False,0.491887,0.491887,realized
2396,JaMychal Green,203210.0,Warriors,1,2023,False,,2.6,False,1.83609,1.83609,realized
2402,Andrew Wiggins,203952.0,Warriors,1,2023,False,,27.25,False,33.61677,33.61677,realized
2402,Andrew Wiggins,203952.0,Warriors,2,2024,False,,27.25,False,24.330357,24.330357,realized
2402,Andrew Wiggins,203952.0,Warriors,3,2025,False,,27.25,False,26.276786,26.276786,realized
2402,Andrew Wiggins,203952.0,Warriors,4,2026,False,,27.25,False,28.223215,28.223215,realized
2403,Jordan Poole,1629673.0,Warriors,1,2023,False,,32.0,False,3.901399,3.901399,realized
2403,Jordan Poole,1629673.0,Warriors,2,2024,False,,32.0,False,27.455357,27.455357,realized
2403,Jordan Poole,1629673.0,Warriors,3,2025,False,,32.0,False,29.651786,29.651786,realized
2403,Jordan Poole,1629673.0,Warriors,4,2026,False,,32.0,False,31.848215,31.848215,realized
2413,Brandin Podziemski,1641764.0,Warriors,1,2024,False,,4.05,False,3.35244,3.35244,realized
2413,Brandin Podziemski,1641764.0,Warriors,2,2025,False,,4.05,False,3.51996,3.51996,realized
2413,Brandin Podziemski,1641764.0,Warriors,3,2026,False,,4.05,False,3.68796,3.68796,realized
2413,Brandin Podziemski,1641764.0,Warriors,4,2027,False,,4.05,False,,4.05,estimated_flat
2414,Cory Joseph,202709.0,Warriors,1,2024,False,,3.2,False,,3.2,estimated_flat
2415,Trayce Jackson-Davis,1631218.0,Warriors,1,2024,False,,1.9,False,1.119563,1.119563,realized
2415,Trayce Jackson-Davis,1631218.0,Warriors,2,2025,False,,1.9,False,1.891857,1.891857,realized
2415,Trayce Jackson-Davis,1631218.0,Warriors,3,2026,False,,1.9,False,2.221677,2.221677,realized
2415,Trayce Jackson-Davis,1631218.0,Warriors,4,2027,False,,1.9,False,,1.9,estimated_flat
2416,Draymond Green,203110.0,Warriors,1,2024,False,,25.0,False,22.321429,22.321429,realized
2416,Draymond Green,203110.0,Warriors,2,2025,False,,25.0,False,24.107143,24.107143,realized
2416,Draymond Green,203110.0,Warriors,3,2026,False,,25.0,False,25.892857,25.892857,realized
2416,Draymond Green,203110.0,Warriors,4,2027,False,,25.0,False,,25.0,estimated_flat
2430,Gui Santos,1630611.0,Warriors,1,2024,False,,1.7,False,1.029483,1.029483,realized
2430,Gui Santos,1630611.0,Warriors,2,2025,False,,1.7,False,1.891857,1.891857,realized
2430,Gui Santos,1630611.0,Warriors,3,2026,False,,1.7,False,2.221677,2.221677,realized
2432,Lester Quinones,1631311.0,Warriors,1,2024,False,,0.549,False,0.548815,0.548815,realized
2436,Klay Thompson,202691.0,Warriors,1,2025,False,,16.667,False,15.873016,15.873016,realized
2436,Klay Thompson,202691.0,Warriors,2,2026,False,,16.667,False,16.666667,16.666667,realized
2436,Klay Thompson,202691.0,Warriors,3,2027,False,,16.667,False,,16.667,estimated_flat
2437,De'Anthony Melton,1629001.0,Warriors,1,2025,False,,12.8,False,12.822,12.822,realized
2440,Stephen Curry,201939.0,Warriors,1,2025,False,,62.6,False,55.761216,55.761216,realized
2447,Moses Moody,1630541.0,Warriors,1,2025,False,,12.5,False,5.803269,5.803269,realized
2447,Moses Moody,1630541.0,Warriors,2,2026,False,,12.5,False,11.574075,11.574075,realized
2447,Moses Moody,1630541.0,Warriors,3,2027,False,,12.5,False,,12.5,estimated_flat
2469,Jonathan Kuminga,1630228.0,Warriors,1,2026,False,,23.4,False,22.5,22.5,realized
2469,Jonathan Kuminga,1630228.0,Warriors,2,2027,False,,23.4,False,,23.4,estimated_flat
2470,Al Horford,201143.0,Warriors,1,2026,False,,5.8,False,5.685,5.685,realized
2470,Al Horford,201143.0,Warriors,2,2027,False,,5.8,False,,5.8,estimated_flat
2471,De'Anthony Melton,1629001.0,Warriors,1,2026,False,,3.25,False,3.080921,3.080921,realized
2471,De'Anthony Melton,1629001.0,Warriors,2,2027,False,,3.25,False,,3.25,estimated_flat
2478,Gui Santos,1630611.0,Warriors,1,2026,False,,5.0,False,2.221677,2.221677,realized
2478,Gui Santos,1630611.0,Warriors,2,2027,False,,5.0,False,,5.0,estimated_flat
2478,Gui Santos,1630611.0,Warriors,3,2028,True,player,5.0,True,,5.0,estimated_flat
2483,Kristaps Porzingis,204001.0,Warriors,1,2026,False,,20.0,False,30.731707,30.731707,realized
2483,Kristaps Porzingis,204001.0,Warriors,2,2027,False,,20.0,False,,20.0,estimated_flat
2485,Al Horford,201143.0,Warriors,1,2027,False,,7.0,False,,7.0,estimated_flat
2485,Al Horford,201143.0,Warriors,2,2028,True,player,7.0,False,,7.0,estimated_flat
2486,Charles Bassey,1629646.0,Warriors,1,2027,False,,2.8,False,,2.8,estimated_flat
2487,Draymond Green,203110.0,Warriors,1,2027,False,,27.7,False,,27.7,estimated_flat
2488,De'Anthony Melton,1629001.0,Warriors,1,2027,False,,5.5,False,,5.5,estimated_flat
2488,De'Anthony Melton,1629001.0,Warriors,2,2028,True,player,5.5,False,,5.5,estimated_flat
2497,Clint Capela,203991.0,Rockets,1,2015,False,,1.2,False,1.1892,1.1892,realized
2497,Clint Capela,203991.0,Rockets,2,2016,False,,1.2,False,1.24272,1.24272,realized
2501,Kostas Papanikolaou,203123.0,Rockets,1,2015,False,,2.4,False,4.797664,4.797664,realized
2501,Kostas Papanikolaou,203123.0,Rockets,2,2016,False,,2.4,False,,2.4,estimated_flat
2508,Sam Dekker,1626155.0,Rockets,1,2016,False,,1.7,False,1.6464,1.6464,realized
2508,Sam Dekker,1626155.0,Rockets,2,2017,False,,1.7,False,1.72056,1.72056,realized
2510,Corey Brewer,201147.0,Rockets,1,2016,False,,8.0,False,8.229375,8.229375,realized
2510,Corey Brewer,201147.0,Rockets,2,2017,False,,8.0,False,,8.0,estimated_flat
2510,Corey Brewer,201147.0,Rockets,3,2018,False,,8.0,False,0.340829,0.340829,realized
2511,K.J. McDaniels,203909.0,Rockets,1,2016,False,,3.333,False,3.189793,3.189793,realized
2511,K.J. McDaniels,203909.0,Rockets,2,2017,False,,3.333,False,,3.333,estimated_flat
2511,K.J. McDaniels,203909.0,Rockets,3,2018,False,,3.333,False,,3.333,estimated_flat
2518,Montrezl Harrell,1626149.0,Rockets,1,2016,False,,1.033,False,1.0,1.0,realized
2518,Montrezl Harrell,1626149.0,Rockets,2,2017,False,,1.033,False,1.045,1.045,realized
2518,Montrezl Harrell,1626149.0,Rockets,3,2018,False,,1.033,False,1.471382,1.471382,realized
2531,Eric Gordon,201569.0,Rockets,1,2017,False,,13.25,False,12.385364,12.385364,realized
2531,Eric Gordon,201569.0,Rockets,2,2018,False,,13.25,False,12.94302,12.94302,realized
2531,Eric Gordon,201569.0,Rockets,3,2019,False,,13.25,False,13.500375,13.500375,realized
2531,Eric Gordon,201569.0,Rockets,4,2020,False,,13.25,False,14.05773,14.05773,realized
2532,James Harden,201935.0,Rockets,1,2017,False,,29.5,False,26.5401,26.5401,realized
2532,James Harden,201935.0,Rockets,2,2018,False,,29.5,False,28.299399,28.299399,realized
2532,James Harden,201935.0,Rockets,3,2019,False,,29.5,False,30.421854,30.421854,realized
2532,James Harden,201935.0,Rockets,4,2020,False,,29.5,False,38.199,38.199,realized
2533,Ryan Anderson,201583.0,Rockets,1,2017,False,,20.0,False,18.735363,18.735363,realized
2533,Ryan Anderson,201583.0,Rockets,2,2018,False,,20.0,False,19.578454,19.578454,realized
2533,Ryan Anderson,201583.0,Rockets,3,2019,False,,20.0,False,,20.0,estimated_flat
2533,Ryan Anderson,201583.0,Rockets,4,2020,False,,20.0,False,,20.0,estimated_flat
2535,Nene / Nene Hilario / Maybyner Hilario,2403.0,Rockets,1,2017,False,,2.9,False,2.898,2.898,realized
2546,Isaiah Taylor,1627819.0,Rockets,1,2017,False,,1.0,False,,1.0,estimated_flat
2546,Isaiah Taylor,1627819.0,Rockets,2,2018,False,,1.0,False,1.312611,1.312611,realized
2546,Isaiah Taylor,1627819.0,Rockets,3,2019,False,,1.0,False,,1.0,estimated_flat
2552,Nene / Nene Hilario / Maybyner Hilario,2403.0,Rockets,1,2018,False,,3.65,False,3.4776,3.4776,realized
2552,Nene / Nene Hilario / Maybyner Hilario,2403.0,Rockets,2,2019,False,,3.65,False,3.65148,3.65148,realized
2552,Nene / Nene Hilario / Maybyner Hilario,2403.0,Rockets,3,2020,False,,3.65,False,,3.65,estimated_flat
2553,P.J. Tucker,200782.0,Rockets,1,2018,False,,7.825,False,7.590035,7.590035,realized
2553,P.J. Tucker,200782.0,Rockets,2,2019,False,,7.825,False,7.969537,7.969537,realized
2553,P.J. Tucker,200782.0,Rockets,3,2020,False,,7.825,False,8.349039,8.349039,realized
2553,P.J. Tucker,200782.0,Rockets,4,2021,False,,7.825,False,7.969537,7.969537,realized
2554,Zhou Qi / Qi Zhou,1627753.0,Rockets,1,2018,False,,1.4,False,0.815615,0.815615,realized
2554,Zhou Qi / Qi Zhou,1627753.0,Rockets,2,2019,False,,1.4,False,,1.4,estimated_flat
2554,Zhou Qi / Qi Zhou,1627753.0,Rockets,3,2020,False,,1.4,False,,1.4,estimated_flat
2554,Zhou Qi / Qi Zhou,1627753.0,Rockets,4,2021,False,,1.4,False,,1.4,estimated_flat
2555,Cameron Oliver,1628419.0,Rockets,1,2018,False,,1.1,False,,1.1,estimated_flat
2555,Cameron Oliver,1628419.0,Rockets,2,2019,False,,1.1,False,,1.1,estimated_flat
2556,James Harden,201935.0,Rockets,1,2018,False,,42.25,False,28.299399,28.299399,realized
2556,James Harden,201935.0,Rockets,2,2019,False,,42.25,False,30.421854,30.421854,realized
2556,James Harden,201935.0,Rockets,3,2020,False,,42.25,False,38.199,38.199,realized
2556,James Harden,201935.0,Rockets,4,2021,False,,42.25,False,41.25492,41.25492,realized
2557,Tarik Black,204028.0,Rockets,1,2018,False,,3.3,False,3.29,3.29,realized
2558,Luc Richard Mbah a Moute / Luc Mbah a Moute,201601.0,Rockets,1,2018,False,,2.1,False,1.471382,1.471382,realized
2559,Troy Williams,1627786.0,Rockets,1,2018,False,,1.567,False,,1.567,estimated_flat
2559,Troy Williams,1627786.0,Rockets,2,2019,False,,1.567,False,,1.567,estimated_flat
2559,Troy Williams,1627786.0,Rockets,3,2020,False,,1.567,False,,1.567,estimated_flat
2578,Gerald Green (b. 1986-01-26),101123.0,Rockets,1,2019,False,,2.4,False,1.512601,1.512601,realized
2581,Michael Carter-Williams,203487.0,Rockets,1,2019,False,,1.8,False,,1.8,estimated_flat
2582,Chris Paul,101108.0,Rockets,1,2019,False,,39.675,False,35.65415,35.65415,realized
2582,Chris Paul,101108.0,Rockets,2,2020,False,,39.675,False,38.506482,38.506482,realized
2582,Chris Paul,101108.0,Rockets,3,2021,False,,39.675,False,41.358814,41.358814,realized
2582,Chris Paul,101108.0,Rockets,4,2022,False,,39.675,False,30.8,30.8,realized
2583,Gerald Green (b. 1986-01-26),101123.0,Rockets,1,2019,False,,2.4,False,1.512601,1.512601,realized
2584,James Ennis III,203516.0,Rockets,1,2019,False,,1.75,False,1.621415,1.621415,realized
2584,James Ennis III,203516.0,Rockets,2,2020,False,,1.75,False,1.882867,1.882867,realized
2586,Clint Capela,203991.0,Rockets,1,2019,False,,18.0,False,13.793103,13.793103,realized
2586,Clint Capela,203991.0,Rockets,2,2020,False,,18.0,False,14.896552,14.896552,realized
2586,Clint Capela,203991.0,Rockets,3,2021,False,,18.0,False,17.5,17.5,realized
2586,Clint Capela,203991.0,Rockets,4,2022,False,,18.0,False,17.103448,17.103448,realized
2586,Clint Capela,203991.0,Rockets,5,2023,False,,18.0,False,18.706897,18.706897,realized
2588,Carmelo Anthony,2546.0,Rockets,1,2019,False,,2.4,False,,2.4,estimated_flat
2594,Danuel House Jr.,1627863.0,Rockets,1,2019,False,,1.2,False,,1.2,estimated_flat
2596,Gary Clark Jr.,1629109.0,Rockets,1,2019,False,,1.233,False,0.596872,0.596872,realized
2596,Gary Clark Jr.,1629109.0,Rockets,2,2020,False,,1.233,False,,1.233,estimated_flat
2596,Gary Clark Jr.,1629109.0,Rockets,3,2021,False,,1.233,False,,1.233,estimated_flat
2597,Austin Rivers,203085.0,Rockets,1,2019,False,,1.2,False,0.922943,0.922943,realized
2599,Kenneth Faried,202702.0,Rockets,1,2019,False,,0.917,False,0.683661,0.683661,realized
2609,Danuel House Jr.,1627863.0,Rockets,1,2020,False,,3.717,False,3.54,3.54,realized
2609,Danuel House Jr.,1627863.0,Rockets,2,2021,False,,3.717,False,3.717,3.717,realized
2609,Danuel House Jr.,1627863.0,Rockets,3,2022,False,,3.717,False,,3.717,estimated_flat
2610,Austin Rivers,203085.0,Rockets,1,2020,False,,2.27,False,2.174318,2.174318,realized
2610,Austin Rivers,203085.0,Rockets,2,2021,False,,2.27,False,,2.27,estimated_flat
2611,Tyson Chandler,2199.0,Rockets,1,2020,False,,2.6,False,1.620564,1.620564,realized
2613,Ben McLemore,203463.0,Rockets,1,2020,False,,2.0,False,2.028594,2.028594,realized
2613,Ben McLemore,203463.0,Rockets,2,2021,False,,2.0,False,0.45509,0.45509,realized
2614,Anthony Bennett,203461.0,Rockets,1,2020,False,,1.74,False,,1.74,estimated_flat
2615,Eric Gordon,201569.0,Rockets,1,2020,False,,18.9,False,14.05773,14.05773,realized
2615,Eric Gordon,201569.0,Rockets,2,2021,False,,18.9,False,16.869276,16.869276,realized
2615,Eric Gordon,201569.0,Rockets,3,2022,False,,18.9,False,18.218818,18.218818,realized
2615,Eric Gordon,201569.0,Rockets,4,2023,False,,18.9,False,19.56836,19.56836,realized
2618,Nene / Nene Hilario / Maybyner Hilario,2403.0,Rockets,1,2020,False,,10.0,False,,10.0,estimated_flat
2618,Nene / Nene Hilario / Maybyner Hilario,2403.0,Rockets,2,2021,False,,10.0,False,,10.0,estimated_flat
2619,Thabo Sefolosha,200757.0,Rockets,1,2020,False,,2.6,False,1.620564,1.620564,realized
2621,Ryan Anderson,201583.0,Rockets,1,2020,False,,2.6,False,,2.6,estimated_flat
2634,Austin Rivers,203085.0,Rockets,1,2021,False,,3.333,False,,3.333,estimated_flat
2634,Austin Rivers,203085.0,Rockets,2,2022,False,,3.333,False,1.669178,1.669178,realized
2634,Austin Rivers,203085.0,Rockets,3,2023,False,,3.333,False,1.76697,1.76697,realized
2635,Bruno Caboclo,203998.0,Rockets,1,2021,False,,2.0,False,,2.0,estimated_flat
2635,Bruno Caboclo,203998.0,Rockets,2,2022,True,team,2.0,False,,2.0,estimated_flat
2636,Jae'Sean Tate,1630256.0,Rockets,1,2021,False,,1.4,False,1.445697,1.445697,realized
2636,Jae'Sean Tate,1630256.0,Rockets,2,2022,False,,1.4,False,1.517981,1.517981,realized
2636,Jae'Sean Tate,1630256.0,Rockets,3,2023,False,,1.4,False,7.065217,7.065217,realized
2638,Sterling Brown,1628425.0,Rockets,1,2021,False,,1.7,False,1.620564,1.620564,realized
2640,Gerald Green (b. 1986-01-26),101123.0,Rockets,1,2021,False,,2.6,False,,2.6,estimated_flat
2641,Jerian Grant,1626170.0,Rockets,1,2021,False,,2.0,False,,2.0,estimated_flat
2641,Jerian Grant,1626170.0,Rockets,2,2022,False,,2.0,False,,2.0,estimated_flat
2644,DeMarcus Cousins,202326.0,Rockets,1,2021,False,,2.3,False,,2.3,estimated_flat
2656,Khyri Thomas,1629017.0,Rockets,1,2021,False,,1.3,False,0.25,0.25,realized
2656,Khyri Thomas,1629017.0,Rockets,2,2022,False,,1.3,False,,1.3,estimated_flat
2656,Khyri Thomas,1629017.0,Rockets,3,2023,False,,1.3,False,,1.3,estimated_flat
2657,Jalen Green,1630224.0,Rockets,1,2022,False,,4.6,False,8.99208,8.99208,realized
2657,Jalen Green,1630224.0,Rockets,2,2023,False,,4.6,False,9.44184,9.44184,realized
2657,Jalen Green,1630224.0,Rockets,3,2024,False,,4.6,False,9.89148,9.89148,realized
2657,Jalen Green,1630224.0,Rockets,4,2025,False,,4.6,False,12.483048,12.483048,realized
2658,Alperen Sengun,1630578.0,Rockets,1,2022,False,,3.888,False,3.21468,3.21468,realized
2658,Alperen Sengun,1630578.0,Rockets,2,2023,False,,3.888,False,3.37536,3.37536,realized
2658,Alperen Sengun,1630578.0,Rockets,3,2024,False,,3.888,False,3.53628,3.53628,realized
2658,Alperen Sengun,1630578.0,Rockets,4,2025,False,,3.888,False,5.424654,5.424654,realized
2659,Josh Christopher,1630528.0,Rockets,1,2022,False,,2.875,False,2.25924,2.25924,realized
2659,Josh Christopher,1630528.0,Rockets,2,2023,False,,2.875,False,2.37216,2.37216,realized
2659,Josh Christopher,1630528.0,Rockets,3,2024,False,,2.875,False,,2.875,estimated_flat
2659,Josh Christopher,1630528.0,Rockets,4,2025,False,,2.875,False,0.0,0.0,realized
2660,David Nwaba,1628021.0,Rockets,1,2022,False,,5.0,False,4.65,4.65,realized
2660,David Nwaba,1628021.0,Rockets,2,2023,False,,5.0,False,,5.0,estimated_flat
2660,David Nwaba,1628021.0,Rockets,3,2024,False,,5.0,False,,5.0,estimated_flat
2662,Usman Garuba,1630586.0,Rockets,1,2022,False,,2.95,False,2.35332,2.35332,realized
2662,Usman Garuba,1630586.0,Rockets,2,2023,False,,2.95,False,2.47116,2.47116,realized
2662,Usman Garuba,1630586.0,Rockets,3,2024,False,,2.95,False,,2.95,estimated_flat
2662,Usman Garuba,1630586.0,Rockets,4,2025,False,,2.95,False,,2.95,estimated_flat
2667,Dante Exum,203957.0,Rockets,1,2022,False,,2.7,False,,2.7,estimated_flat
2667,Dante Exum,203957.0,Rockets,2,2023,False,,2.7,False,,2.7,estimated_flat
2667,Dante Exum,203957.0,Rockets,3,2024,False,,2.7,False,3.0,3.0,realized
2670,Armoni Brooks,1629717.0,Rockets,1,2022,False,,1.8,False,0.25,0.25,realized
2670,Armoni Brooks,1629717.0,Rockets,2,2023,False,,1.8,False,,1.8,estimated_flat
2670,Armoni Brooks,1629717.0,Rockets,3,2024,False,,1.8,False,,1.8,estimated_flat
2670,Armoni Brooks,1629717.0,Rockets,4,2025,True,team,1.8,False,,1.8,estimated_flat
2673,Garrison Mathews,1629726.0,Rockets,1,2022,False,,2.05,False,2.0,2.0,realized
2673,Garrison Mathews,1629726.0,Rockets,2,2023,False,,2.05,False,2.0,2.0,realized
2673,Garrison Mathews,1629726.0,Rockets,3,2024,False,,2.05,False,2.0,2.0,realized
2673,Garrison Mathews,1629726.0,Rockets,4,2025,False,,2.05,False,2.230253,2.230253,realized
2678,Jabari Smith Jr.,1631095.0,Rockets,1,2023,False,,10.075,False,8.88264,8.88264,realized
2678,Jabari Smith Jr.,1631095.0,Rockets,2,2024,False,,10.075,False,9.32652,9.32652,realized
2678,Jabari Smith Jr.,1631095.0,Rockets,3,2025,False,,10.075,False,9.77088,9.77088,realized
2678,Jabari Smith Jr.,1631095.0,Rockets,4,2026,False,,10.075,False,12.350392,12.350392,realized
2679,Tari Eason,1631106.0,Rockets,1,2023,False,,4.075,False,3.35916,3.35916,realized
2679,Tari Eason,1631106.0,Rockets,2,2024,False,,4.075,False,3.52716,3.52716,realized
2679,Tari Eason,1631106.0,Rockets,3,2025,False,,4.075,False,3.69516,3.69516,realized
2679,Tari Eason,1631106.0,Rockets,4,2026,False,,4.075,False,5.675766,5.675766,realized
2681,TyTy Washington Jr.,1631102.0,Rockets,1,2023,False,,2.825,False,2.21004,2.21004,realized
2681,TyTy Washington Jr.,1631102.0,Rockets,2,2024,False,,2.825,False,,2.825,estimated_flat
2681,TyTy Washington Jr.,1631102.0,Rockets,3,2025,False,,2.825,False,0.0,0.0,realized
2681,TyTy Washington Jr.,1631102.0,Rockets,4,2026,False,,2.825,False,0.0,0.0,realized
2682,Jae'Sean Tate,1630256.0,Rockets,1,2023,False,,7.0,False,7.065217,7.065217,realized
2682,Jae'Sean Tate,1630256.0,Rockets,2,2024,False,,7.0,False,7.0,7.0,realized
2682,Jae'Sean Tate,1630256.0,Rockets,3,2025,False,,7.0,False,7.565217,7.565217,realized
2688,Kevin Porter Jr.,1629645.0,Rockets,1,2023,False,,15.85,False,3.217631,3.217631,realized
2688,Kevin Porter Jr.,1629645.0,Rockets,2,2024,False,,15.85,False,,15.85,estimated_flat
2688,Kevin Porter Jr.,1629645.0,Rockets,3,2025,False,,15.85,False,2.366937,2.366937,realized
2688,Kevin Porter Jr.,1629645.0,Rockets,4,2026,False,,15.85,False,5.134,5.134,realized
2696,Amen Thompson,1641708.0,Rockets,1,2024,False,,10.0,False,8.80932,8.80932,realized
2696,Amen Thompson,1641708.0,Rockets,2,2025,False,,10.0,False,9.24996,9.24996,realized
2696,Amen Thompson,1641708.0,Rockets,3,2026,False,,10.0,False,9.6906,9.6906,realized
2696,Amen Thompson,1641708.0,Rockets,4,2027,False,,10.0,False,,10.0,estimated_flat
2697,Cam Whitmore,1641715.0,Rockets,1,2024,False,,3.9,False,3.21816,3.21816,realized
2697,Cam Whitmore,1641715.0,Rockets,2,2025,False,,3.9,False,3.37908,3.37908,realized
2697,Cam Whitmore,1641715.0,Rockets,3,2026,False,,3.9,False,3.53976,3.53976,realized
2697,Cam Whitmore,1641715.0,Rockets,4,2027,False,,3.9,False,,3.9,estimated_flat
2698,Jeff Green,201145.0,Rockets,1,2024,False,,16.0,False,8.0,8.0,realized
2699,Jock Landale,1629111.0,Rockets,1,2024,False,,8.0,False,8.0,8.0,realized
2699,Jock Landale,1629111.0,Rockets,2,2025,False,,8.0,False,8.0,8.0,realized
2699,Jock Landale,1629111.0,Rockets,3,2026,False,,8.0,False,2.296274,2.296274,realized
2699,Jock Landale,1629111.0,Rockets,4,2027,False,,8.0,False,,8.0,estimated_flat
2700,Fred VanVleet,1627832.0,Rockets,1,2024,False,,42.833,False,40.8063,40.8063,realized
2700,Fred VanVleet,1627832.0,Rockets,2,2025,False,,42.833,False,42.846615,42.846615,realized
2700,Fred VanVleet,1627832.0,Rockets,3,2026,True,team,42.833,False,,42.833,estimated_flat
2701,Aaron Holiday,1628988.0,Rockets,1,2024,False,,2.4,False,2.019706,2.019706,realized
2708,Reggie Bullock,203493.0,Rockets,1,2024,False,,3.2,False,2.019706,2.019706,realized
2710,Reed Sheppard,1642263.0,Rockets,1,2025,False,,11.45,False,10.09896,10.09896,realized
2710,Reed Sheppard,1642263.0,Rockets,2,2026,False,,11.45,False,10.60356,10.60356,realized
2710,Reed Sheppard,1642263.0,Rockets,3,2027,False,,11.45,False,,11.45,estimated_flat
2710,Reed Sheppard,1642263.0,Rockets,4,2028,False,,11.45,False,,11.45,estimated_flat
2714,Aaron Holiday,1628988.0,Rockets,1,2025,False,,5.0,False,4.668,4.668,realized
2714,Aaron Holiday,1628988.0,Rockets,2,2026,True,team,5.0,False,2.296274,2.296274,realized
2720,Alperen Sengun,1630578.0,Rockets,1,2025,False,,37.0,False,5.424654,5.424654,realized
2720,Alperen Sengun,1630578.0,Rockets,2,2026,False,,37.0,False,33.944954,33.944954,realized
2720,Alperen Sengun,1630578.0,Rockets,3,2027,False,,37.0,False,,37.0,estimated_flat
2720,Alperen Sengun,1630578.0,Rockets,4,2028,False,,37.0,False,,37.0,estimated_flat
2720,Alperen Sengun,1630578.0,Rockets,5,2029,True,player,37.0,True,,37.0,estimated_flat
2721,Jalen Green,1630224.0,Rockets,1,2025,False,,35.333,False,12.483048,12.483048,realized
2721,Jalen Green,1630224.0,Rockets,2,2026,False,,35.333,False,33.584499,33.584499,realized
2721,Jalen Green,1630224.0,Rockets,3,2027,True,player,35.333,True,,35.333,estimated_flat
2724,Steven Adams,203500.0,Rockets,1,2025,False,,13.0,False,12.6,12.6,realized
2724,Steven Adams,203500.0,Rockets,2,2026,False,,13.0,False,14.130435,14.130435,realized
2724,Steven Adams,203500.0,Rockets,3,2027,False,,13.0,False,,13.0,estimated_flat
2726,Jae'Sean Tate,1630256.0,Rockets,1,2026,False,,2.7,False,2.296274,2.296274,realized
2728,Dorian Finney-Smith,1627827.0,Rockets,1,2026,False,,13.175,False,12.7,12.7,realized
2728,Dorian Finney-Smith,1627827.0,Rockets,2,2027,False,,13.175,False,,13.175,estimated_flat
2728,Dorian Finney-Smith,1627827.0,Rockets,3,2028,False,,13.175,False,,13.175,estimated_flat
2728,Dorian Finney-Smith,1627827.0,Rockets,4,2029,False,,13.175,False,,13.175,estimated_flat
2729,Fred VanVleet,1627832.0,Rockets,1,2026,False,,25.0,False,,25.0,estimated_flat
2729,Fred VanVleet,1627832.0,Rockets,2,2027,False,,25.0,False,,25.0,estimated_flat
2730,Jabari Smith Jr.,1631095.0,Rockets,1,2026,False,,24.4,False,12.350392,12.350392,realized
2730,Jabari Smith Jr.,1631095.0,Rockets,2,2027,False,,24.4,False,,24.4,estimated_flat
2730,Jabari Smith Jr.,1631095.0,Rockets,3,2028,False,,24.4,False,,24.4,estimated_flat
2730,Jabari Smith Jr.,1631095.0,Rockets,4,2029,False,,24.4,False,,24.4,estimated_flat
2730,Jabari Smith Jr.,1631095.0,Rockets,5,2030,False,,24.4,False,,24.4,estimated_flat
2731,Aaron Holiday,1628988.0,Rockets,1,2026,False,,3.1,False,2.296274,2.296274,realized
2732,Jeff Green,201145.0,Rockets,1,2026,False,,3.6,False,2.296274,2.296274,realized
2734,Josh Okogie,1629006.0,Rockets,1,2026,False,,3.1,False,2.296274,2.296274,realized
2742,Kevin Durant,201142.0,Rockets,1,2026,False,,45.0,False,54.708609,54.708609,realized
2742,Kevin Durant,201142.0,Rockets,2,2027,False,,45.0,False,,45.0,estimated_flat
2745,J.D. Davison,1631120.0,Rockets,1,2026,False,,1.35,False,0.0,0.0,realized
2745,J.D. Davison,1631120.0,Rockets,2,2027,False,,1.35,False,,1.35,estimated_flat
2748,Bogdan Bogdanovic,203992.0,Rockets,1,2027,False,,3.5,False,,3.5,estimated_flat
2749,Tari Eason,1631106.0,Rockets,1,2027,False,,16.3,False,,16.3,estimated_flat
2749,Tari Eason,1631106.0,Rockets,2,2028,False,,16.3,False,,16.3,estimated_flat
2749,Tari Eason,1631106.0,Rockets,3,2029,False,,16.3,False,,16.3,estimated_flat
2749,Tari Eason,1631106.0,Rockets,4,2030,False,,16.3,False,,16.3,estimated_flat
2749,Tari Eason,1631106.0,Rockets,5,2031,True,player,16.3,False,,16.3,estimated_flat
2750,Marcus Smart,203935.0,Rockets,1,2027,False,,6.2,False,,6.2,estimated_flat
2750,Marcus Smart,203935.0,Rockets,2,2028,False,,6.2,False,,6.2,estimated_flat
2752,Jae'Sean Tate,1630256.0,Rockets,1,2027,False,,3.1,False,,3.1,estimated_flat
2759,C.J. Miles,101139.0,Pacers,1,2015,False,,4.5,False,4.205,4.205,realized
2759,C.J. Miles,101139.0,Pacers,2,2016,False,,4.5,False,4.394225,4.394225,realized
2759,C.J. Miles,101139.0,Pacers,3,2017,False,,4.5,False,4.58345,4.58345,realized
2759,C.J. Miles,101139.0,Pacers,4,2018,False,,4.5,False,7.936508,7.936508,realized
2769,Myles Turner,1626167.0,Pacers,1,2016,False,,2.4,False,2.35776,2.35776,realized
2769,Myles Turner,1626167.0,Pacers,2,2017,False,,2.4,False,2.46384,2.46384,realized
2770,Jordan Hill,201941.0,Pacers,1,2016,False,,5.0,False,4.0,4.0,realized
2771,Monta Ellis,101145.0,Pacers,1,2016,False,,11.0,False,10.3,10.3,realized
2771,Monta Ellis,101145.0,Pacers,2,2017,False,,11.0,False,10.7635,10.7635,realized
2771,Monta Ellis,101145.0,Pacers,3,2018,False,,11.0,False,,11.0,estimated_flat
2771,Monta Ellis,101145.0,Pacers,4,2019,False,,11.0,False,,11.0,estimated_flat
2774,Lavoy Allen,202730.0,Pacers,1,2016,False,,4.0,False,4.05,4.05,realized
2774,Lavoy Allen,202730.0,Pacers,2,2017,False,,4.0,False,4.0,4.0,realized
2774,Lavoy Allen,202730.0,Pacers,3,2018,False,,4.0,False,,4.0,estimated_flat
2784,Al Jefferson,2744.0,Pacers,1,2017,False,,10.0,False,10.230179,10.230179,realized
2784,Al Jefferson,2744.0,Pacers,2,2018,False,,10.0,False,9.769821,9.769821,realized
2784,Al Jefferson,2744.0,Pacers,3,2019,False,,10.0,False,,10.0,estimated_flat
2786,Aaron Brooks,201166.0,Pacers,1,2017,False,,2.5,False,2.7,2.7,realized
2792,Lance Stephenson,202362.0,Pacers,1,2017,False,,4.0,False,4.0,4.0,realized
2792,Lance Stephenson,202362.0,Pacers,2,2018,False,,4.0,False,4.18,4.18,realized
2792,Lance Stephenson,202362.0,Pacers,3,2019,False,,4.0,False,4.449,4.449,realized
2792,Lance Stephenson,202362.0,Pacers,4,2020,False,,4.0,False,,4.0,estimated_flat
2794,T.J. Leaf,1628388.0,Pacers,1,2018,False,,2.2,False,2.02836,2.02836,realized
2794,T.J. Leaf,1628388.0,Pacers,2,2019,False,,2.2,False,2.40756,2.40756,realized
2794,T.J. Leaf,1628388.0,Pacers,3,2020,False,,2.2,False,2.81328,2.81328,realized
2794,T.J. Leaf,1628388.0,Pacers,4,2021,False,,2.2,False,,2.2,estimated_flat
2796,Darren Collison,201954.0,Pacers,1,2018,False,,10.0,False,10.0,10.0,realized
2796,Darren Collison,201954.0,Pacers,2,2019,False,,10.0,False,10.0,10.0,realized
2797,Bojan Bogdanovic,202711.0,Pacers,1,2018,False,,10.5,False,10.5,10.5,realized
2797,Bojan Bogdanovic,202711.0,Pacers,2,2019,False,,10.5,False,10.5,10.5,realized
2799,Damien Wilkins,2863.0,Pacers,1,2018,False,,2.1,False,,2.1,estimated_flat
2808,Trevor Booker,202344.0,Pacers,1,2018,False,,0.446,False,0.332516,0.332516,realized
2809,Aaron Holiday,1628988.0,Pacers,1,2019,False,,2.075,False,1.91196,1.91196,realized
2809,Aaron Holiday,1628988.0,Pacers,2,2020,False,,2.075,False,2.2392,2.2392,realized
2809,Aaron Holiday,1628988.0,Pacers,3,2021,False,,2.075,False,2.34564,2.34564,realized
2809,Aaron Holiday,1628988.0,Pacers,4,2022,False,,2.075,False,3.980551,3.980551,realized
2810,Doug McDermott,203926.0,Pacers,1,2019,False,,7.333,False,7.333334,7.333334,realized
2810,Doug McDermott,203926.0,Pacers,2,2020,False,,7.333,False,7.333333,7.333333,realized
2810,Doug McDermott,203926.0,Pacers,3,2021,False,,7.333,False,7.333333,7.333333,realized
2811,Tyreke Evans,201936.0,Pacers,1,2019,False,,12.4,False,12.4,12.4,realized
2812,Kyle O'Quinn,203124.0,Pacers,1,2019,False,,4.45,False,4.449,4.449,realized
2813,Alize Johnson,1628993.0,Pacers,1,2019,False,,1.125,False,0.838464,0.838464,realized
2813,Alize Johnson,1628993.0,Pacers,2,2020,False,,1.125,False,1.416852,1.416852,realized
2816,Ben Moore,1628500.0,Pacers,1,2019,False,,1.35,False,,1.35,estimated_flat
2820,Myles Turner,1626167.0,Pacers,1,2019,False,,20.0,False,3.410284,3.410284,realized
2820,Myles Turner,1626167.0,Pacers,2,2020,False,,20.0,False,18.0,18.0,realized
2820,Myles Turner,1626167.0,Pacers,3,2021,False,,20.0,False,18.0,18.0,realized
2820,Myles Turner,1626167.0,Pacers,4,2022,False,,20.0,False,18.0,18.0,realized
2823,Wesley Matthews / Wes Matthews Jr.,202083.0,Pacers,1,2019,False,,0.738,False,0.512746,0.512746,realized
2824,Edmond Sumner,1628410.0,Pacers,1,2019,False,,1.0,False,0.449794,0.449794,realized
2824,Edmond Sumner,1628410.0,Pacers,2,2020,False,,1.0,False,2.0,2.0,realized
2828,Jeremy Lamb,203087.0,Pacers,1,2020,False,,10.5,False,10.5,10.5,realized
2828,Jeremy Lamb,203087.0,Pacers,2,2021,False,,10.5,False,10.5,10.5,realized
2828,Jeremy Lamb,203087.0,Pacers,3,2022,False,,10.5,False,10.5,10.5,realized
2829,Goga Bitadze,1629048.0,Pacers,1,2020,False,,2.885,False,2.81676,2.81676,realized
2829,Goga Bitadze,1629048.0,Pacers,2,2021,False,,2.885,False,2.95752,2.95752,realized
2830,Edmond Sumner,1628410.0,Pacers,1,2020,False,,2.1,False,2.0,2.0,realized
2830,Edmond Sumner,1628410.0,Pacers,2,2021,False,,2.1,False,2.16,2.16,realized
2831,T.J. McConnell,204456.0,Pacers,1,2020,False,,3.5,False,3.5,3.5,realized
2831,T.J. McConnell,204456.0,Pacers,2,2021,False,,3.5,False,3.5,3.5,realized
2832,Justin Holiday,203200.0,Pacers,1,2020,False,,4.8,False,4.767,4.767,realized
2834,JaKarr Sampson,203960.0,Pacers,1,2020,False,,1.7,False,1.620564,1.620564,realized
2835,Amida Brimah,1628578.0,Pacers,1,2020,False,,0.898,False,,0.898,estimated_flat
2838,Domantas Sabonis,1627734.0,Pacers,1,2020,False,,19.25,False,3.529555,3.529555,realized
2838,Domantas Sabonis,1627734.0,Pacers,2,2021,False,,19.25,False,19.8,19.8,realized
2838,Domantas Sabonis,1627734.0,Pacers,3,2022,False,,19.25,False,18.5,18.5,realized
2838,Domantas Sabonis,1627734.0,Pacers,4,2023,False,,19.25,False,21.1,21.1,realized
2840,Justin Holiday,203200.0,Pacers,1,2021,False,,6.0,False,5.7204,5.7204,realized
2840,Justin Holiday,203200.0,Pacers,2,2022,False,,6.0,False,6.00642,6.00642,realized
2840,Justin Holiday,203200.0,Pacers,3,2023,False,,6.0,False,0.569821,0.569821,realized
2844,JaKarr Sampson,203960.0,Pacers,1,2021,False,,1.6,False,1.620564,1.620564,realized
2845,Kelan Martin,1629103.0,Pacers,1,2021,False,,1.575,False,1.445697,1.445697,realized
2845,Kelan Martin,1629103.0,Pacers,2,2022,False,,1.575,False,,1.575,estimated_flat
2852,Oshae Brissett,1629052.0,Pacers,1,2021,False,,1.25,False,0.757453,0.757453,realized
2852,Oshae Brissett,1629052.0,Pacers,2,2022,False,,1.25,False,1.701593,1.701593,realized
2855,Chris Duarte,1630537.0,Pacers,1,2022,False,,4.425,False,3.7494,3.7494,realized
2855,Chris Duarte,1630537.0,Pacers,2,2023,False,,4.425,False,3.93696,3.93696,realized
2855,Chris Duarte,1630537.0,Pacers,3,2024,False,,4.425,False,4.1244,4.1244,realized
2855,Chris Duarte,1630537.0,Pacers,4,2025,False,,4.425,False,5.893768,5.893768,realized
2858,Keifer Sykes,1626208.0,Pacers,1,2022,False,,0.925,False,,0.925,estimated_flat
2859,T.J. McConnell,204456.0,Pacers,1,2022,False,,8.4,False,7.5,7.5,realized
2859,T.J. McConnell,204456.0,Pacers,2,2023,False,,8.4,False,8.1,8.1,realized
2859,T.J. McConnell,204456.0,Pacers,3,2024,False,,8.4,False,8.7,8.7,realized
2859,T.J. McConnell,204456.0,Pacers,4,2025,False,,8.4,False,9.5,9.5,realized
2860,Doug McDermott,203926.0,Pacers,1,2022,False,,14.0,False,13.75,13.75,realized
2860,Doug McDermott,203926.0,Pacers,2,2023,False,,14.0,False,13.75,13.75,realized
2860,Doug McDermott,203926.0,Pacers,3,2024,False,,14.0,False,14.0,14.0,realized
2861,Isaiah Jackson,1630543.0,Pacers,1,2022,False,,3.05,False,2.45124,2.45124,realized
2861,Isaiah Jackson,1630543.0,Pacers,2,2023,False,,3.05,False,2.57376,2.57376,realized
2861,Isaiah Jackson,1630543.0,Pacers,3,2024,False,,3.05,False,2.69628,2.69628,realized
2861,Isaiah Jackson,1630543.0,Pacers,4,2025,False,,3.05,False,4.435381,4.435381,realized
2862,Torrey Craig,1628470.0,Pacers,1,2022,False,,5.0,False,4.878049,4.878049,realized
2862,Torrey Craig,1628470.0,Pacers,2,2023,False,,5.0,False,5.121951,5.121951,realized
2866,Brad Wanamaker,202954.0,Pacers,1,2022,False,,1.7,False,,1.7,estimated_flat
2870,Malcolm Brogdon,1627763.0,Pacers,1,2022,False,,22.5,False,21.7,21.7,realized
2870,Malcolm Brogdon,1627763.0,Pacers,2,2023,False,,22.5,False,22.6,22.6,realized
2872,Keifer Sykes,1626208.0,Pacers,1,2022,False,,1.05,False,,1.05,estimated_flat
2872,Keifer Sykes,1626208.0,Pacers,2,2023,False,,1.05,False,,1.05,estimated_flat
2893,Bennedict Mathurin,1631097.0,Pacers,1,2023,False,,7.5,False,6.5868,6.5868,realized
2893,Bennedict Mathurin,1631097.0,Pacers,2,2024,False,,7.5,False,6.91608,6.91608,realized
2893,Bennedict Mathurin,1631097.0,Pacers,3,2025,False,,7.5,False,7.24572,7.24572,realized
2893,Bennedict Mathurin,1631097.0,Pacers,4,2026,False,,7.5,False,9.187573,9.187573,realized
2894,Jalen Smith,1630188.0,Pacers,1,2023,False,,3.2,False,4.67016,4.67016,realized
2894,Jalen Smith,1630188.0,Pacers,2,2024,False,,3.2,False,5.043773,5.043773,realized
2894,Jalen Smith,1630188.0,Pacers,3,2025,False,,3.2,False,8.571429,8.571429,realized
2895,Andrew Nembhard,1629614.0,Pacers,1,2023,False,,2.15,False,2.244111,2.244111,realized
2895,Andrew Nembhard,1629614.0,Pacers,2,2024,False,,2.15,False,2.131905,2.131905,realized
2895,Andrew Nembhard,1629614.0,Pacers,3,2025,False,,2.15,False,2.019699,2.019699,realized
2895,Andrew Nembhard,1629614.0,Pacers,4,2026,True,team,2.15,False,18.102,18.102,realized
2909,Myles Turner,1626167.0,Pacers,1,2023,False,,20.55,False,35.0695,35.0695,realized
2909,Myles Turner,1626167.0,Pacers,2,2024,False,,20.55,False,20.975,20.975,realized
2914,Ben Sheppard,1641767.0,Pacers,1,2024,False,,3.25,False,2.53716,2.53716,realized
2914,Ben Sheppard,1641767.0,Pacers,2,2025,False,,3.25,False,2.66388,2.66388,realized
2914,Ben Sheppard,1641767.0,Pacers,3,2026,False,,3.25,False,2.79072,2.79072,realized
2914,Ben Sheppard,1641767.0,Pacers,4,2027,False,,3.25,False,,3.25,estimated_flat
2915,Jarace Walker,1641716.0,Pacers,1,2024,False,,6.9,False,6.05952,6.05952,realized
2915,Jarace Walker,1641716.0,Pacers,2,2025,False,,6.9,False,6.36252,6.36252,realized
2915,Jarace Walker,1641716.0,Pacers,3,2026,False,,6.9,False,6.66552,6.66552,realized
2915,Jarace Walker,1641716.0,Pacers,4,2027,False,,6.9,False,,6.9,estimated_flat
2918,Bruce Brown,1628971.0,Pacers,1,2024,False,,22.5,False,22.0,22.0,realized
2918,Bruce Brown,1628971.0,Pacers,2,2025,True,team,22.5,False,23.0,23.0,realized
2919,Tyrese Haliburton,1630169.0,Pacers,1,2024,False,,41.18,False,5.808435,5.808435,realized
2919,Tyrese Haliburton,1630169.0,Pacers,2,2025,False,,41.18,False,42.1764,42.1764,realized
2919,Tyrese Haliburton,1630169.0,Pacers,3,2026,False,,41.18,False,,41.18,estimated_flat
2919,Tyrese Haliburton,1630169.0,Pacers,4,2027,False,,41.18,False,,41.18,estimated_flat
2919,Tyrese Haliburton,1630169.0,Pacers,5,2028,False,,41.18,False,,41.18,estimated_flat
2928,Aaron Nesmith,1630174.0,Pacers,1,2024,False,,11.0,False,5.634257,5.634257,realized
2928,Aaron Nesmith,1630174.0,Pacers,2,2025,False,,11.0,False,11.0,11.0,realized
2928,Aaron Nesmith,1630174.0,Pacers,3,2026,False,,11.0,False,11.0,11.0,realized
2936,James Wiseman,1630164.0,Pacers,1,2025,False,,2.4,False,2.237691,2.237691,realized
2936,James Wiseman,1630164.0,Pacers,2,2026,False,,2.4,False,2.546675,2.546675,realized
2937,Obi Toppin,1630167.0,Pacers,1,2025,False,,14.5,False,12.975,12.975,realized
2937,Obi Toppin,1630167.0,Pacers,2,2026,False,,14.5,False,14.0,14.0,realized
2937,Obi Toppin,1630167.0,Pacers,3,2027,False,,14.5,False,,14.5,estimated_flat
2937,Obi Toppin,1630167.0,Pacers,4,2028,False,,14.5,False,,14.5,estimated_flat
2938,Pascal Siakam,1627783.0,Pacers,1,2025,False,,47.25,False,42.1764,42.1764,realized
2938,Pascal Siakam,1627783.0,Pacers,2,2026,False,,47.25,False,45.550512,45.550512,realized
2938,Pascal Siakam,1627783.0,Pacers,3,2027,False,,47.25,False,,47.25,estimated_flat
2938,Pascal Siakam,1627783.0,Pacers,4,2028,False,,47.25,False,,47.25,estimated_flat
2939,Johnny Furphy,1642277.0,Pacers,1,2025,False,,2.15,False,1.850842,1.850842,realized
2939,Johnny Furphy,1642277.0,Pacers,2,2026,False,,2.15,False,1.955377,1.955377,realized
2939,Johnny Furphy,1642277.0,Pacers,3,2027,False,,2.15,False,,2.15,estimated_flat
2939,Johnny Furphy,1642277.0,Pacers,4,2028,False,,2.15,False,,2.15,estimated_flat
2940,James Johnson,201949.0,Pacers,1,2025,False,,3.3,False,2.087519,2.087519,realized
2941,Andrew Nembhard,1629614.0,Pacers,1,2025,False,,19.667,False,2.019699,2.019699,realized
2941,Andrew Nembhard,1629614.0,Pacers,2,2026,False,,19.667,False,18.102,18.102,realized
2941,Andrew Nembhard,1629614.0,Pacers,3,2027,False,,19.667,False,,19.667,estimated_flat
2949,T.J. McConnell,204456.0,Pacers,1,2025,False,,11.25,False,9.5,9.5,realized
2949,T.J. McConnell,204456.0,Pacers,2,2026,False,,11.25,False,10.2,10.2,realized
2949,T.J. McConnell,204456.0,Pacers,3,2027,False,,11.25,False,,11.25,estimated_flat
2949,T.J. McConnell,204456.0,Pacers,4,2028,False,,11.25,False,,11.25,estimated_flat
2955,Moses Brown,1629650.0,Pacers,1,2025,False,,2.4,False,2.021169,2.021169,realized
2955,Moses Brown,1629650.0,Pacers,2,2026,False,,2.4,False,,2.4,estimated_flat
2960,Tony Bradley,1628396.0,Pacers,1,2025,False,,1.65,False,0.330394,0.330394,realized
2960,Tony Bradley,1628396.0,Pacers,2,2026,False,,1.65,False,2.940876,2.940876,realized
2961,James Wiseman,1630164.0,Pacers,1,2026,False,,2.85,False,2.546675,2.546675,realized
2961,James Wiseman,1630164.0,Pacers,2,2027,False,,2.85,False,,2.85,estimated_flat
2962,Kam Jones,1642880.0,Pacers,1,2026,False,,2.175,False,1.27287,1.27287,realized
2962,Kam Jones,1642880.0,Pacers,2,2027,False,,2.175,False,,2.175,estimated_flat
2962,Kam Jones,1642880.0,Pacers,3,2028,False,,2.175,False,,2.175,estimated_flat
2962,Kam Jones,1642880.0,Pacers,4,2029,False,,2.175,False,,2.175,estimated_flat
2964,Isaiah Jackson,1630543.0,Pacers,1,2026,False,,7.0,False,7.6,7.6,realized
2964,Isaiah Jackson,1630543.0,Pacers,2,2027,False,,7.0,False,,7.0,estimated_flat
2964,Isaiah Jackson,1630543.0,Pacers,3,2028,False,,7.0,False,,7.0,estimated_flat
2978,Aaron Nesmith,1630174.0,Pacers,1,2026,False,,20.2,False,11.0,11.0,realized
2978,Aaron Nesmith,1630174.0,Pacers,2,2027,False,,20.2,False,,20.2,estimated_flat
2979,Mac McClung,1630644.0,Pacers,1,2026,False,,2.45,False,2.048494,2.048494,realized
2979,Mac McClung,1630644.0,Pacers,2,2027,True,team,2.45,True,,2.45,estimated_flat
2982,Monte Morris,1628420.0,Pacers,1,2026,False,,3.0,False,,3.0,estimated_flat
2985,Jeremiah Robinson-Earl,1630526.0,Pacers,1,2026,False,,2.4,False,,2.4,estimated_flat
2985,Jeremiah Robinson-Earl,1630526.0,Pacers,2,2027,True,team,2.4,False,,2.4,estimated_flat
2991,Micah Potter,1630695.0,Pacers,1,2026,False,,2.15,False,1.527805,1.527805,realized
2991,Micah Potter,1630695.0,Pacers,2,2027,False,,2.15,False,,2.15,estimated_flat
2995,Quenton Jackson,1631245.0,Pacers,1,2026,False,,2.067,False,0.0,0.0,realized
2995,Quenton Jackson,1631245.0,Pacers,2,2027,False,,2.067,False,,2.067,estimated_flat
2995,Quenton Jackson,1631245.0,Pacers,3,2028,False,,2.067,False,,2.067,estimated_flat
2996,Kelly Oubre Jr.,1626162.0,Pacers,1,2027,False,,8.25,False,,8.25,estimated_flat
2996,Kelly Oubre Jr.,1626162.0,Pacers,2,2028,False,,8.25,False,,8.25,estimated_flat
2998,Larry Nance Jr.,1626204.0,Pacers,1,2027,False,,3.9,False,,3.9,estimated_flat
3008,Jordan Farmar,200770.0,Clippers,1,2015,False,,2.1,False,,2.1,estimated_flat
3008,Jordan Farmar,200770.0,Clippers,2,2016,False,,2.1,False,0.11966,0.11966,realized
3009,Spencer Hawes,201150.0,Clippers,1,2015,False,,5.75,False,5.871309,5.871309,realized
3009,Spencer Hawes,201150.0,Clippers,2,2016,False,,5.75,False,6.110034,6.110034,realized
3009,Spencer Hawes,201150.0,Clippers,3,2017,False,,5.75,False,,5.75,estimated_flat
3009,Spencer Hawes,201150.0,Clippers,4,2018,False,,5.75,False,,5.75,estimated_flat
3010,C.J. Wilcox,203912.0,Clippers,1,2015,False,,1.15,False,1.10976,1.10976,realized
3010,C.J. Wilcox,203912.0,Clippers,2,2016,False,,1.15,False,1.15968,1.15968,realized
3030,DeAndre Jordan,201599.0,Clippers,1,2016,False,,21.925,False,19.689,19.689,realized
3030,DeAndre Jordan,201599.0,Clippers,2,2017,False,,21.925,False,21.165675,21.165675,realized
3030,DeAndre Jordan,201599.0,Clippers,3,2018,False,,21.925,False,22.64235,22.64235,realized
3030,DeAndre Jordan,201599.0,Clippers,4,2019,False,,21.925,False,22.8972,22.8972,realized
3032,Paul Pierce,1718.0,Clippers,1,2016,False,,3.333,False,3.376,3.376,realized
3032,Paul Pierce,1718.0,Clippers,2,2017,False,,3.333,False,3.52792,3.52792,realized
3032,Paul Pierce,1718.0,Clippers,3,2018,False,,3.333,False,,3.333,estimated_flat
3033,Austin Rivers,203085.0,Clippers,1,2016,False,,3.2,False,3.110796,3.110796,realized
3033,Austin Rivers,203085.0,Clippers,2,2017,False,,3.2,False,11.0,11.0,realized
3046,Luc Richard Mbah a Moute / Luc Mbah a Moute,201601.0,Clippers,1,2017,False,,4.5,False,2.203,2.203,realized
3046,Luc Richard Mbah a Moute / Luc Mbah a Moute,201601.0,Clippers,2,2018,False,,4.5,False,1.471382,1.471382,realized
3047,Wesley Johnson / Wes Johnson,202325.0,Clippers,1,2017,False,,6.0,False,5.628,5.628,realized
3047,Wesley Johnson / Wes Johnson,202325.0,Clippers,2,2018,False,,6.0,False,5.88126,5.88126,realized
3047,Wesley Johnson / Wes Johnson,202325.0,Clippers,3,2019,False,,6.0,False,,6.0,estimated_flat
3048,Austin Rivers,203085.0,Clippers,1,2017,False,,11.667,False,11.0,11.0,realized
3048,Austin Rivers,203085.0,Clippers,2,2018,False,,11.667,False,11.825,11.825,realized
3048,Austin Rivers,203085.0,Clippers,3,2019,False,,11.667,False,0.922943,0.922943,realized
3049,Jamal Crawford,2037.0,Clippers,1,2017,False,,14.0,False,13.253012,13.253012,realized
3049,Jamal Crawford,2037.0,Clippers,2,2018,False,,14.0,False,4.328,4.328,realized
3049,Jamal Crawford,2037.0,Clippers,3,2019,False,,14.0,False,1.512601,1.512601,realized
3050,Brice Johnson,1627744.0,Clippers,1,2017,False,,1.3,False,1.27392,1.27392,realized
3050,Brice Johnson,1627744.0,Clippers,2,2018,False,,1.3,False,,1.3,estimated_flat
3059,Milos Teodosic / Milos Tedosic,1628462.0,Clippers,1,2018,False,,6.15,False,6.0,6.0,realized
3059,Milos Teodosic / Milos Tedosic,1628462.0,Clippers,2,2019,False,,6.15,False,,6.15,estimated_flat
3060,Jawun Evans,1628393.0,Clippers,1,2018,False,,1.1,False,0.815615,0.815615,realized
3060,Jawun Evans,1628393.0,Clippers,2,2019,False,,1.1,False,,1.1,estimated_flat
3061,Blake Griffin,201933.0,Clippers,1,2018,False,,34.4,False,29.7279,29.7279,realized
3061,Blake Griffin,201933.0,Clippers,2,2019,False,,34.4,False,32.088932,32.088932,realized
3061,Blake Griffin,201933.0,Clippers,3,2020,False,,34.4,False,34.449964,34.449964,realized
3061,Blake Griffin,201933.0,Clippers,4,2021,False,,34.4,False,0.776983,0.776983,realized
3061,Blake Griffin,201933.0,Clippers,5,2022,False,,34.4,False,1.669178,1.669178,realized
3062,Sindarius Thornwell,1628414.0,Clippers,1,2018,False,,1.267,False,0.815615,0.815615,realized
3062,Sindarius Thornwell,1628414.0,Clippers,2,2019,False,,1.267,False,1.378242,1.378242,realized
3062,Sindarius Thornwell,1628414.0,Clippers,3,2020,False,,1.267,False,0.0,0.0,realized
3063,Willie Reed,203186.0,Clippers,1,2018,False,,1.6,False,,1.6,estimated_flat
3066,Marshall Plumlee,1627850.0,Clippers,1,2018,False,,1.3,False,,1.3,estimated_flat
3073,Louis Williams / Lou Williams,101150.0,Clippers,1,2018,False,,8.0,False,7.0,7.0,realized
3073,Louis Williams / Lou Williams,101150.0,Clippers,2,2019,False,,8.0,False,8.0,8.0,realized
3073,Louis Williams / Lou Williams,101150.0,Clippers,3,2020,False,,8.0,False,8.0,8.0,realized
3077,Shai Gilgeous-Alexander,1628983.0,Clippers,1,2019,False,,3.65,False,3.37536,3.37536,realized
3077,Shai Gilgeous-Alexander,1628983.0,Clippers,2,2020,False,,3.65,False,3.95292,3.95292,realized
3077,Shai Gilgeous-Alexander,1628983.0,Clippers,3,2021,False,,3.65,False,4.14132,4.14132,realized
3077,Shai Gilgeous-Alexander,1628983.0,Clippers,4,2022,False,,3.65,False,5.495532,5.495532,realized
3078,Jerome Robinson,1629010.0,Clippers,1,2019,False,,3.3,False,3.0462,3.0462,realized
3078,Jerome Robinson,1629010.0,Clippers,2,2020,False,,3.3,False,3.56772,3.56772,realized
3078,Jerome Robinson,1629010.0,Clippers,3,2021,False,,3.3,False,,3.3,estimated_flat
3078,Jerome Robinson,1629010.0,Clippers,4,2022,False,,3.3,False,,3.3,estimated_flat
3080,(James) Mike Scott,203118.0,Clippers,1,2019,False,,4.32,False,4.3205,4.3205,realized
3081,Avery Bradley,202340.0,Clippers,1,2019,False,,12.5,False,12.0,12.0,realized
3081,Avery Bradley,202340.0,Clippers,2,2020,False,,12.5,False,4.767,4.767,realized
3082,Luc Richard Mbah a Moute / Luc Mbah a Moute,201601.0,Clippers,1,2019,False,,4.3,False,,4.3,estimated_flat
3083,Montrezl Harrell,1626149.0,Clippers,1,2019,False,,6.0,False,6.0,6.0,realized
3083,Montrezl Harrell,1626149.0,Clippers,2,2020,False,,6.0,False,6.0,6.0,realized
3084,Tyrone Wallace,1627820.0,Clippers,1,2019,False,,1.45,False,1.349383,1.349383,realized
3084,Tyrone Wallace,1627820.0,Clippers,2,2020,False,,1.45,False,,1.45,estimated_flat
3091,Mfiondu Kabengele,1629662.0,Clippers,1,2020,False,,2.025,False,1.977,1.977,realized
3091,Mfiondu Kabengele,1629662.0,Clippers,2,2021,False,,2.025,False,0.158433,0.158433,realized
3092,Terance Mann,1629611.0,Clippers,1,2020,False,,1.55,False,1.0,1.0,realized
3092,Terance Mann,1629611.0,Clippers,2,2021,False,,1.55,False,1.517981,1.517981,realized
3092,Terance Mann,1629611.0,Clippers,3,2022,False,,1.55,False,1.782621,1.782621,realized
3092,Terance Mann,1629611.0,Clippers,4,2023,False,,1.55,False,1.930681,1.930681,realized
3093,Ivica Zubac,1627826.0,Clippers,1,2020,False,,7.0,False,6.481482,6.481482,realized
3093,Ivica Zubac,1627826.0,Clippers,2,2021,False,,7.0,False,7.0,7.0,realized
3093,Ivica Zubac,1627826.0,Clippers,3,2022,False,,7.0,False,7.518518,7.518518,realized
3094,Kawhi Leonard,202695.0,Clippers,1,2020,False,,34.367,False,32.742,32.742,realized
3094,Kawhi Leonard,202695.0,Clippers,2,2021,False,,34.367,False,34.3791,34.3791,realized
3094,Kawhi Leonard,202695.0,Clippers,3,2022,True,player,34.367,False,,34.367,estimated_flat
3095,Rodney McGruder,203585.0,Clippers,1,2020,False,,5.0,False,4.807693,4.807693,realized
3095,Rodney McGruder,203585.0,Clippers,2,2021,False,,5.0,False,5.192307,5.192307,realized
3095,Rodney McGruder,203585.0,Clippers,3,2022,False,,5.0,False,1.669178,1.669178,realized
3096,Patrick Beverley,201976.0,Clippers,1,2020,False,,13.333,False,12.34568,12.34568,realized
3096,Patrick Beverley,201976.0,Clippers,2,2021,False,,13.333,False,13.333333,13.333333,realized
3096,Patrick Beverley,201976.0,Clippers,3,2022,False,,13.333,False,14.320987,14.320987,realized
3097,JaMychal Green,203210.0,Clippers,1,2020,False,,4.9,False,4.767,4.767,realized
3097,JaMychal Green,203210.0,Clippers,2,2021,False,,4.9,False,7.19976,7.19976,realized
3101,Patrick Patterson,202335.0,Clippers,1,2020,False,,2.3,False,1.620564,1.620564,realized
3111,Marcus Morris,202694.0,Clippers,1,2021,False,,16.0,False,14.883721,14.883721,realized
3111,Marcus Morris,202694.0,Clippers,2,2022,False,,16.0,False,15.627907,15.627907,realized
3111,Marcus Morris,202694.0,Clippers,3,2023,False,,16.0,False,16.372093,16.372093,realized
3111,Marcus Morris,202694.0,Clippers,4,2024,False,,16.0,False,,16.0,estimated_flat
3112,Patrick Patterson,202335.0,Clippers,1,2021,False,,3.1,False,3.077704,3.077704,realized
3113,Serge Ibaka,201586.0,Clippers,1,2021,False,,9.5,False,9.258,9.258,realized
3113,Serge Ibaka,201586.0,Clippers,2,2022,False,,9.5,False,10.223705,10.223705,realized
3114,Daniel Oturu,1630187.0,Clippers,1,2021,False,,1.2,False,0.89831,0.89831,realized
3114,Daniel Oturu,1630187.0,Clippers,2,2022,False,,1.2,False,,1.2,estimated_flat
3120,Nicolas Batum,201587.0,Clippers,1,2021,False,,2.6,False,1.620564,1.620564,realized
3121,Paul George,202331.0,Clippers,1,2021,False,,44.0,False,35.450412,35.450412,realized
3121,Paul George,202331.0,Clippers,2,2022,False,,44.0,False,39.3449,39.3449,realized
3121,Paul George,202331.0,Clippers,3,2023,False,,44.0,False,42.492492,42.492492,realized
3121,Paul George,202331.0,Clippers,4,2024,False,,44.0,False,45.640084,45.640084,realized
3121,Paul George,202331.0,Clippers,5,2025,True,player,44.0,False,49.2058,49.2058,realized
3122,Luke Kennard,1628379.0,Clippers,1,2021,False,,16.0,False,5.273826,5.273826,realized
3122,Luke Kennard,1628379.0,Clippers,2,2022,False,,16.0,False,13.347727,13.347727,realized
3122,Luke Kennard,1628379.0,Clippers,3,2023,False,,16.0,False,13.745455,13.745455,realized
3122,Luke Kennard,1628379.0,Clippers,4,2024,False,,16.0,False,14.763636,14.763636,realized
3122,Luke Kennard,1628379.0,Clippers,5,2025,True,team,16.0,False,9.25,9.25,realized
3129,Keon Johnson,1630553.0,Clippers,1,2022,False,,3.125,False,2.55324,2.55324,realized
3129,Keon Johnson,1630553.0,Clippers,2,2023,False,,3.125,False,2.68104,2.68104,realized
3129,Keon Johnson,1630553.0,Clippers,3,2024,False,,3.125,False,,3.125,estimated_flat
3129,Keon Johnson,1630553.0,Clippers,4,2025,False,,3.125,False,2.162606,2.162606,realized
3132,Jason Preston,1630554.0,Clippers,1,2022,False,,1.5,False,,1.5,estimated_flat
3132,Jason Preston,1630554.0,Clippers,2,2023,False,,1.5,False,1.563518,1.563518,realized
3132,Jason Preston,1630554.0,Clippers,3,2024,False,,1.5,False,0.0,0.0,realized
3133,Reggie Jackson (Shon),202704.0,Clippers,1,2022,False,,10.8,False,10.3845,10.3845,realized
3133,Reggie Jackson (Shon),202704.0,Clippers,2,2023,False,,10.8,False,0.580373,0.580373,realized
3134,Kawhi Leonard,202695.0,Clippers,1,2022,False,,44.0,False,,44.0,estimated_flat
3134,Kawhi Leonard,202695.0,Clippers,2,2023,False,,44.0,False,42.492492,42.492492,realized
3134,Kawhi Leonard,202695.0,Clippers,3,2024,False,,44.0,False,45.640084,45.640084,realized
3134,Kawhi Leonard,202695.0,Clippers,4,2025,False,,44.0,False,49.2058,49.2058,realized
3135,Nicolas Batum,201587.0,Clippers,1,2022,False,,3.25,False,3.170029,3.170029,realized
3135,Nicolas Batum,201587.0,Clippers,2,2023,False,,3.25,False,10.84335,10.84335,realized
3143,Terance Mann,1629611.0,Clippers,1,2022,False,,11.0,False,1.782621,1.782621,realized
3143,Terance Mann,1629611.0,Clippers,2,2023,False,,11.0,False,1.930681,1.930681,realized
3154,Robert Covington,203496.0,Clippers,1,2022,False,,12.0,False,12.975471,12.975471,realized
3154,Robert Covington,203496.0,Clippers,2,2023,False,,12.0,False,12.307692,12.307692,realized
3155,Ivica Zubac,1627826.0,Clippers,1,2022,False,,11.0,False,7.518518,7.518518,realized
3155,Ivica Zubac,1627826.0,Clippers,2,2023,False,,11.0,False,10.123457,10.123457,realized
3155,Ivica Zubac,1627826.0,Clippers,3,2024,False,,11.0,False,10.933333,10.933333,realized
3156,Amir Coffey,1629599.0,Clippers,1,2023,False,,3.667,False,3.395062,3.395062,realized
3156,Amir Coffey,1629599.0,Clippers,2,2024,False,,3.667,False,3.666667,3.666667,realized
3156,Amir Coffey,1629599.0,Clippers,3,2025,False,,3.667,False,3.938271,3.938271,realized
3157,Nicolas Batum,201587.0,Clippers,1,2023,False,,11.0,False,10.84335,10.84335,realized
3157,Nicolas Batum,201587.0,Clippers,2,2024,False,,11.0,False,11.710818,11.710818,realized
3158,John Wall (Hildred),202322.0,Clippers,1,2023,False,,6.6,False,,6.6,estimated_flat
3158,John Wall (Hildred),202322.0,Clippers,2,2024,False,,6.6,False,,6.6,estimated_flat
3175,Kobe Brown,1641738.0,Clippers,1,2024,False,,3.1,False,2.41332,2.41332,realized
3175,Kobe Brown,1641738.0,Clippers,2,2025,False,,3.1,False,2.53392,2.53392,realized
3175,Kobe Brown,1641738.0,Clippers,3,2026,False,,3.1,False,2.65488,2.65488,realized
3175,Kobe Brown,1641738.0,Clippers,4,2027,False,,3.1,False,,3.1,estimated_flat
3176,Mason Plumlee,203486.0,Clippers,1,2024,False,,5.0,False,5.0,5.0,realized
3177,Russell Westbrook,201566.0,Clippers,1,2024,False,,3.95,False,3.835738,3.835738,realized
3177,Russell Westbrook,201566.0,Clippers,2,2025,False,,3.95,False,3.303771,3.303771,realized
3189,Kawhi Leonard,202695.0,Clippers,1,2024,False,,50.0,False,45.640084,45.640084,realized
3189,Kawhi Leonard,202695.0,Clippers,2,2025,False,,50.0,False,49.2058,49.2058,realized
3189,Kawhi Leonard,202695.0,Clippers,3,2026,False,,50.0,False,50.0,50.0,realized
3193,Mohamed Bamba / Mo Bamba,1628964.0,Clippers,1,2025,False,,2.6,False,2.087519,2.087519,realized
3194,Cameron Christie / Cam Christie,1642353.0,Clippers,1,2025,False,,1.975,False,1.157153,1.157153,realized
3194,Cameron Christie / Cam Christie,1642353.0,Clippers,2,2026,False,,1.975,False,1.955377,1.955377,realized
3194,Cameron Christie / Cam Christie,1642353.0,Clippers,3,2027,False,,1.975,False,,1.975,estimated_flat
3194,Cameron Christie / Cam Christie,1642353.0,Clippers,4,2028,True,team,1.975,False,,1.975,estimated_flat
3195,Derrick Jones Jr.,1627884.0,Clippers,1,2025,False,,10.0,False,9.52381,9.52381,realized
3195,Derrick Jones Jr.,1627884.0,Clippers,2,2026,False,,10.0,False,10.0,10.0,realized
3195,Derrick Jones Jr.,1627884.0,Clippers,3,2027,False,,10.0,False,,10.0,estimated_flat
3196,Nicolas Batum,201587.0,Clippers,1,2025,False,,4.8,False,4.668,4.668,realized
3196,Nicolas Batum,201587.0,Clippers,2,2026,True,player,4.8,False,5.6016,5.6016,realized
3197,James Harden,201935.0,Clippers,1,2025,False,,35.0,False,33.653846,33.653846,realized
3197,James Harden,201935.0,Clippers,2,2026,True,player,35.0,False,39.182693,39.182693,realized
3198,Kevin Porter Jr.,1629645.0,Clippers,1,2025,False,,1.1,False,2.366937,2.366937,realized
3198,Kevin Porter Jr.,1629645.0,Clippers,2,2026,False,,1.1,False,5.134,5.134,realized
3200,Russell Westbrook,201566.0,Clippers,1,2025,False,,3.95,False,3.303771,3.303771,realized
3200,Russell Westbrook,201566.0,Clippers,2,2026,False,,3.95,False,2.296274,2.296274,realized
3203,Ivica Zubac,1627826.0,Clippers,1,2025,False,,19.533,False,11.74321,11.74321,realized
3203,Ivica Zubac,1627826.0,Clippers,2,2026,False,,19.533,False,18.102,18.102,realized
3203,Ivica Zubac,1627826.0,Clippers,3,2027,False,,19.533,False,,19.533,estimated_flat
3207,Terance Mann,1629611.0,Clippers,1,2025,False,,15.667,False,11.423077,11.423077,realized
3207,Terance Mann,1629611.0,Clippers,2,2026,False,,15.667,False,15.5,15.5,realized
3207,Terance Mann,1629611.0,Clippers,3,2027,False,,15.667,False,,15.667,estimated_flat
3213,Jordan Miller,1641757.0,Clippers,1,2025,False,,2.05,False,1.05,1.05,realized
3213,Jordan Miller,1641757.0,Clippers,2,2026,False,,2.05,False,0.0,0.0,realized
3213,Jordan Miller,1641757.0,Clippers,3,2027,False,,2.05,False,,2.05,estimated_flat
3213,Jordan Miller,1641757.0,Clippers,4,2028,True,team,2.05,False,,2.05,estimated_flat
3217,Brook Lopez,201572.0,Clippers,1,2026,False,,9.0,False,8.75,8.75,realized
3217,Brook Lopez,201572.0,Clippers,2,2027,False,,9.0,False,,9.0,estimated_flat
3218,James Harden,201935.0,Clippers,1,2026,False,,40.75,False,39.182693,39.182693,realized
3218,James Harden,201935.0,Clippers,2,2027,False,,40.75,False,,40.75,estimated_flat
3219,Nicolas Batum,201587.0,Clippers,1,2026,False,,5.75,False,5.6016,5.6016,realized
3219,Nicolas Batum,201587.0,Clippers,2,2027,False,,5.75,False,,5.75,estimated_flat
3220,Yanic Konan Niederhauser,1642949.0,Clippers,1,2026,False,,3.525,False,2.7438,2.7438,realized
3220,Yanic Konan Niederhauser,1642949.0,Clippers,2,2027,False,,3.525,False,,3.525,estimated_flat
3220,Yanic Konan Niederhauser,1642949.0,Clippers,3,2028,False,,3.525,False,,3.525,estimated_flat
3220,Yanic Konan Niederhauser,1642949.0,Clippers,4,2029,False,,3.525,False,,3.525,estimated_flat
3222,Bradley Beal,203078.0,Clippers,1,2026,False,,5.5,False,5.354,5.354,realized
3222,Bradley Beal,203078.0,Clippers,2,2027,True,player,5.5,False,,5.5,estimated_flat
3223,Chris Paul,101108.0,Clippers,1,2026,False,,3.6,False,2.296274,2.296274,realized
3239,Kobe Sanders,1642920.0,Clippers,1,2026,False,,1.3,False,0.0,0.0,realized
3239,Kobe Sanders,1642920.0,Clippers,2,2027,False,,1.3,False,,1.3,estimated_flat
3240,Jordan Miller,1641757.0,Clippers,1,2026,False,,1.6,False,0.0,0.0,realized
3240,Jordan Miller,1641757.0,Clippers,2,2027,True,team,1.6,False,,1.6,estimated_flat
3245,Rui Hachimura,1629060.0,Clippers,1,2027,False,,14.0,False,,14.0,estimated_flat
3245,Rui Hachimura,1629060.0,Clippers,2,2028,False,,14.0,False,,14.0,estimated_flat
3246,Kobe Sanders,1642920.0,Clippers,1,2027,False,,2.8,False,,2.8,estimated_flat
3246,Kobe Sanders,1642920.0,Clippers,2,2028,False,,2.8,False,,2.8,estimated_flat
3246,Kobe Sanders,1642920.0,Clippers,3,2029,False,,2.8,False,,2.8,estimated_flat
3246,Kobe Sanders,1642920.0,Clippers,4,2030,False,,2.8,False,,2.8,estimated_flat
3248,Jordan Miller,1641757.0,Clippers,1,2027,False,,5.1,False,,5.1,estimated_flat
3248,Jordan Miller,1641757.0,Clippers,2,2028,False,,5.1,False,,5.1,estimated_flat
3248,Jordan Miller,1641757.0,Clippers,3,2029,True,team,5.1,False,,5.1,estimated_flat
3254,Julius Randle,203944.0,Lakers,1,2015,False,,3.05,False,2.99736,2.99736,realized
3254,Julius Randle,203944.0,Lakers,2,2016,False,,3.05,False,3.13224,3.13224,realized
3255,Nick Young,201156.0,Lakers,1,2015,False,,5.375,False,4.99442,4.99442,realized
3255,Nick Young,201156.0,Lakers,2,2016,False,,5.375,False,5.219169,5.219169,realized
3255,Nick Young,201156.0,Lakers,3,2017,False,,5.375,False,5.443918,5.443918,realized
3255,Nick Young,201156.0,Lakers,4,2018,False,,5.375,False,5.192,5.192,realized
3256,Ryan Kelly,203527.0,Lakers,1,2015,False,,1.675,False,1.65,1.65,realized
3256,Ryan Kelly,203527.0,Lakers,2,2016,False,,1.675,False,1.72425,1.72425,realized
3257,Ed Davis (Adam),202334.0,Lakers,1,2015,False,,1.0,False,0.981084,0.981084,realized
3257,Ed Davis (Adam),202334.0,Lakers,2,2016,False,,1.0,False,6.980802,6.980802,realized
3258,Jordan Hill,201941.0,Lakers,1,2015,False,,9.0,False,9.0,9.0,realized
3258,Jordan Hill,201941.0,Lakers,2,2016,False,,9.0,False,4.0,4.0,realized
3275,Louis Williams / Lou Williams,101150.0,Lakers,1,2016,False,,7.0,False,7.0,7.0,realized
3275,Louis Williams / Lou Williams,101150.0,Lakers,2,2017,False,,7.0,False,7.0,7.0,realized
3275,Louis Williams / Lou Williams,101150.0,Lakers,3,2018,False,,7.0,False,7.0,7.0,realized
3276,D'Angelo Russell,1626156.0,Lakers,1,2016,False,,5.2,False,5.10312,5.10312,realized
3276,D'Angelo Russell,1626156.0,Lakers,2,2017,False,,5.2,False,5.3328,5.3328,realized
3277,Larry Nance Jr.,1626204.0,Lakers,1,2016,False,,1.2,False,1.1556,1.1556,realized
3277,Larry Nance Jr.,1626204.0,Lakers,2,2017,False,,1.2,False,1.20768,1.20768,realized
3285,Jordan Clarkson,203903.0,Lakers,1,2017,False,,12.5,False,12.5,12.5,realized
3285,Jordan Clarkson,203903.0,Lakers,2,2018,False,,12.5,False,11.5625,11.5625,realized
3285,Jordan Clarkson,203903.0,Lakers,3,2019,False,,12.5,False,12.5,12.5,realized
3285,Jordan Clarkson,203903.0,Lakers,4,2020,False,,12.5,False,13.4375,13.4375,realized
3286,Luol Deng,2736.0,Lakers,1,2017,False,,18.0,False,18.0,18.0,realized
3286,Luol Deng,2736.0,Lakers,2,2018,False,,18.0,False,17.19,17.19,realized
3286,Luol Deng,2736.0,Lakers,3,2019,False,,18.0,False,1.512601,1.512601,realized
3286,Luol Deng,2736.0,Lakers,4,2020,False,,18.0,False,,18.0,estimated_flat
3287,Timofey Mozgov,202389.0,Lakers,1,2017,False,,16.0,False,16.0,16.0,realized
3287,Timofey Mozgov,202389.0,Lakers,2,2018,False,,16.0,False,15.28,15.28,realized
3287,Timofey Mozgov,202389.0,Lakers,3,2019,False,,16.0,False,,16.0,estimated_flat
3287,Timofey Mozgov,202389.0,Lakers,4,2020,False,,16.0,False,,16.0,estimated_flat
3290,Brandon Ingram,1627742.0,Lakers,1,2017,False,,5.4,False,5.28168,5.28168,realized
3290,Brandon Ingram,1627742.0,Lakers,2,2018,False,,5.4,False,5.5194,5.5194,realized
3291,Tarik Black,204028.0,Lakers,1,2017,False,,12.8,False,6.191,6.191,realized
3301,Josh Hart,1628404.0,Lakers,1,2018,False,,1.5,False,1.39452,1.39452,realized
3301,Josh Hart,1628404.0,Lakers,2,2019,False,,1.5,False,1.65516,1.65516,realized
3302,Kyle Kuzma,1628398.0,Lakers,1,2018,False,,1.4,False,1.42356,1.42356,realized
3302,Kyle Kuzma,1628398.0,Lakers,2,2019,False,,1.4,False,1.68984,1.68984,realized
3303,Lonzo Ball,1628366.0,Lakers,1,2018,False,,6.85,False,6.28656,6.28656,realized
3303,Lonzo Ball,1628366.0,Lakers,2,2019,False,,6.85,False,7.46196,7.46196,realized
3305,Kentavious Caldwell-Pope,203484.0,Lakers,1,2018,False,,17.75,False,17.745894,17.745894,realized
3306,Tyler Ennis,203898.0,Lakers,1,2018,False,,0.75,False,1.524305,1.524305,realized
3306,Tyler Ennis,203898.0,Lakers,2,2019,False,,0.75,False,,0.75,estimated_flat
3307,Thomas Bryant,1628418.0,Lakers,1,2018,False,,1.1,False,0.815615,0.815615,realized
3307,Thomas Bryant,1628418.0,Lakers,2,2019,False,,1.1,False,1.378242,1.378242,realized
3308,Vander Blue,203505.0,Lakers,1,2018,False,,1.5,False,,1.5,estimated_flat
3312,Andrew Bogut,101106.0,Lakers,1,2018,False,,2.3,False,,2.3,estimated_flat
3324,Moritz Wagner / Moe Wagner,1629021.0,Lakers,1,2019,False,,1.9,False,1.76208,1.76208,realized
3324,Moritz Wagner / Moe Wagner,1629021.0,Lakers,2,2020,False,,1.9,False,2.06352,2.06352,realized
3324,Moritz Wagner / Moe Wagner,1629021.0,Lakers,3,2021,False,,1.9,False,0.221995,0.221995,realized
3324,Moritz Wagner / Moe Wagner,1629021.0,Lakers,4,2022,False,,1.9,False,1.729217,1.729217,realized
3325,Kentavious Caldwell-Pope,203484.0,Lakers,1,2019,False,,12.0,False,12.0,12.0,realized
3326,Rajon Rondo,200765.0,Lakers,1,2019,False,,9.0,False,9.0,9.0,realized
3327,Isaac Bonga,1629067.0,Lakers,1,2019,False,,1.367,False,1.0,1.0,realized
3327,Isaac Bonga,1629067.0,Lakers,2,2020,False,,1.367,False,1.416852,1.416852,realized
3327,Isaac Bonga,1629067.0,Lakers,3,2021,False,,1.367,False,1.663861,1.663861,realized
3328,LeBron James,2544.0,Lakers,1,2019,False,,38.375,False,35.65415,35.65415,realized
3328,LeBron James,2544.0,Lakers,2,2020,False,,38.375,False,37.436858,37.436858,realized
3328,LeBron James,2544.0,Lakers,3,2021,False,,38.375,False,39.219566,39.219566,realized
3328,LeBron James,2544.0,Lakers,4,2022,False,,38.375,False,41.180544,41.180544,realized
3329,JaVale McGee,201580.0,Lakers,1,2019,False,,2.4,False,1.512601,1.512601,realized
3330,Lance Stephenson,202362.0,Lakers,1,2019,False,,4.45,False,4.449,4.449,realized
3331,Sviatoslav Mykhailiuk / Svi Mykhailiuk,1629004.0,Lakers,1,2019,False,,1.533,False,1.487694,1.487694,realized
3331,Sviatoslav Mykhailiuk / Svi Mykhailiuk,1629004.0,Lakers,2,2020,False,,1.533,False,1.416852,1.416852,realized
3331,Sviatoslav Mykhailiuk / Svi Mykhailiuk,1629004.0,Lakers,3,2021,False,,1.533,False,1.663861,1.663861,realized
3335,Michael Beasley,201563.0,Lakers,1,2019,False,,3.5,False,,3.5,estimated_flat
3339,Tyson Chandler,2199.0,Lakers,1,2019,False,,2.1,False,1.33314,1.33314,realized
3346,Danny Green,201980.0,Lakers,1,2020,False,,15.0,False,14.634146,14.634146,realized
3346,Danny Green,201980.0,Lakers,2,2021,False,,15.0,False,15.365854,15.365854,realized
3347,DeMarcus Cousins,202326.0,Lakers,1,2020,False,,3.5,False,,3.5,estimated_flat
3348,JaVale McGee,201580.0,Lakers,1,2020,False,,4.1,False,4.0,4.0,realized
3348,JaVale McGee,201580.0,Lakers,2,2021,False,,4.1,False,4.2,4.2,realized
3348,JaVale McGee,201580.0,Lakers,3,2022,True,player,4.1,False,5.0,5.0,realized
3349,Kentavious Caldwell-Pope,203484.0,Lakers,1,2020,False,,8.3,False,8.089282,8.089282,realized
3349,Kentavious Caldwell-Pope,203484.0,Lakers,2,2021,False,,8.3,False,12.07302,12.07302,realized
3350,Quinn Cook,1626188.0,Lakers,1,2020,False,,3.0,False,3.0,3.0,realized
3350,Quinn Cook,1626188.0,Lakers,2,2021,False,,3.0,False,,3.0,estimated_flat
3351,Alex Caruso,1627936.0,Lakers,1,2020,False,,2.75,False,2.75,2.75,realized
3351,Alex Caruso,1627936.0,Lakers,2,2021,False,,2.75,False,2.75,2.75,realized
3352,Jared Dudley,201162.0,Lakers,1,2020,False,,2.6,False,1.620564,1.620564,realized
3353,Troy Daniels,203584.0,Lakers,1,2020,False,,2.0,False,0.384541,0.384541,realized
3354,Avery Bradley,202340.0,Lakers,1,2020,False,,4.9,False,4.767,4.767,realized
3354,Avery Bradley,202340.0,Lakers,2,2021,True,player,4.9,False,5.635,5.635,realized
3355,Rajon Rondo,200765.0,Lakers,1,2020,False,,2.6,False,2.564753,2.564753,realized
3355,Rajon Rondo,200765.0,Lakers,2,2021,False,,2.6,False,8.25,8.25,realized
3358,Talen Horton-Tucker,1629659.0,Lakers,1,2020,False,,1.2,False,0.89831,0.89831,realized
3358,Talen Horton-Tucker,1629659.0,Lakers,2,2021,False,,1.2,False,1.517981,1.517981,realized
3361,Dwight Howard,2730.0,Lakers,1,2020,False,,2.6,False,1.620564,1.620564,realized
3366,Markieff Morris,202693.0,Lakers,1,2020,False,,1.75,False,1.75,1.75,realized
3371,Kentavious Caldwell-Pope,203484.0,Lakers,1,2021,False,,13.033,False,12.07302,12.07302,realized
3371,Kentavious Caldwell-Pope,203484.0,Lakers,2,2022,False,,13.033,False,13.038862,13.038862,realized
3371,Kentavious Caldwell-Pope,203484.0,Lakers,3,2023,False,,13.033,False,14.004703,14.004703,realized
3372,Montrezl Harrell,1626149.0,Lakers,1,2021,False,,9.5,False,9.258,9.258,realized
3372,Montrezl Harrell,1626149.0,Lakers,2,2022,False,,9.5,False,9.7209,9.7209,realized
3373,Wesley Matthews / Wes Matthews Jr.,202083.0,Lakers,1,2021,False,,3.6,False,3.623,3.623,realized
3374,Markieff Morris,202693.0,Lakers,1,2021,False,,2.3,False,1.620564,1.620564,realized
3376,Marc Gasol,201188.0,Lakers,1,2021,False,,2.65,False,2.564753,2.564753,realized
3376,Marc Gasol,201188.0,Lakers,2,2022,False,,2.65,False,,2.65,estimated_flat
3378,Jared Dudley,201162.0,Lakers,1,2021,False,,2.6,False,1.620564,1.620564,realized
3379,Anthony Davis,203076.0,Lakers,1,2021,False,,37.98,False,32.742,32.742,realized
3379,Anthony Davis,203076.0,Lakers,2,2022,False,,37.98,False,35.36136,35.36136,realized
3379,Anthony Davis,203076.0,Lakers,3,2023,False,,37.98,False,37.98072,37.98072,realized
3379,Anthony Davis,203076.0,Lakers,4,2024,False,,37.98,False,40.60008,40.60008,realized
3379,Anthony Davis,203076.0,Lakers,5,2025,False,,37.98,False,43.21944,43.21944,realized
3380,LeBron James,2544.0,Lakers,1,2021,False,,42.85,False,39.219566,39.219566,realized
3380,LeBron James,2544.0,Lakers,2,2022,False,,42.85,False,41.180544,41.180544,realized
3381,Quinn Cook,1626188.0,Lakers,1,2021,False,,1.7,False,,1.7,estimated_flat
3383,Kyle Kuzma,1628398.0,Lakers,1,2021,False,,13.0,False,3.562178,3.562178,realized
3383,Kyle Kuzma,1628398.0,Lakers,2,2022,False,,13.0,False,13.0,13.0,realized
3383,Kyle Kuzma,1628398.0,Lakers,3,2023,False,,13.0,False,13.0,13.0,realized
3383,Kyle Kuzma,1628398.0,Lakers,4,2024,True,player,13.0,False,25.568182,25.568182,realized
3386,Andre Drummond,203083.0,Lakers,1,2021,False,,0.795,False,0.554988,0.554988,realized
3390,Carmelo Anthony,2546.0,Lakers,1,2022,False,,2.6,False,1.669178,1.669178,realized
3391,Dwight Howard,2730.0,Lakers,1,2022,False,,2.6,False,1.669178,1.669178,realized
3393,Kendrick Nunn,1629134.0,Lakers,1,2022,False,,5.0,False,,5.0,estimated_flat
3393,Kendrick Nunn,1629134.0,Lakers,2,2023,True,player,5.0,False,5.25,5.25,realized
3394,Kent Bazemore,203145.0,Lakers,1,2022,False,,2.4,False,1.669178,1.669178,realized
3395,Malik Monk,1628370.0,Lakers,1,2022,False,,1.8,False,1.669178,1.669178,realized
3396,Talen Horton-Tucker,1629659.0,Lakers,1,2022,False,,10.3,False,9.5,9.5,realized
3396,Talen Horton-Tucker,1629659.0,Lakers,2,2023,False,,10.3,False,10.26,10.26,realized
3396,Talen Horton-Tucker,1629659.0,Lakers,3,2024,False,,10.3,False,11.02,11.02,realized
3397,Trevor Ariza,2772.0,Lakers,1,2022,False,,2.6,False,,2.6,estimated_flat
3398,Wayne Ellington,201961.0,Lakers,1,2022,False,,2.5,False,1.669178,1.669178,realized
3401,Rajon Rondo,200765.0,Lakers,1,2022,False,,2.6,False,1.669178,1.669178,realized
3403,Austin Reaves,1630559.0,Lakers,1,2022,False,,0.925,False,0.925258,0.925258,realized
3425,Damian Jones,1627745.0,Lakers,1,2023,False,,2.45,False,2.298385,2.298385,realized
3425,Damian Jones,1627745.0,Lakers,2,2024,False,,2.45,False,2.586665,2.586665,realized
3426,Juan Toscano-Anderson,1629308.0,Lakers,1,2023,False,,1.9,False,1.83609,1.83609,realized
3428,Troy Brown Jr.,1628972.0,Lakers,1,2023,False,,2.0,False,1.83609,1.83609,realized
3429,Lonnie Walker IV,1629022.0,Lakers,1,2023,False,,6.5,False,6.479,6.479,realized
3430,Thomas Bryant,1628418.0,Lakers,1,2023,False,,1.9,False,1.83609,1.83609,realized
3431,Max Christie,1631108.0,Lakers,1,2023,False,,1.35,False,1.017781,1.017781,realized
3431,Max Christie,1631108.0,Lakers,2,2024,False,,1.35,False,1.719864,1.719864,realized
3435,LeBron James,2544.0,Lakers,1,2023,False,,48.55,False,44.474988,44.474988,realized
3435,LeBron James,2544.0,Lakers,2,2024,False,,48.55,False,47.60735,47.60735,realized
3436,Dennis Schröder,203471.0,Lakers,1,2023,False,,2.6,False,1.83609,1.83609,realized
3444,Shaquille Harrison,1627885.0,Lakers,1,2023,False,,1.2,False,,1.2,estimated_flat
3444,Shaquille Harrison,1627885.0,Lakers,2,2024,False,,1.2,False,,1.2,estimated_flat
3449,Austin Reaves,1630559.0,Lakers,1,2024,False,,13.45,False,12.01515,12.01515,realized
3449,Austin Reaves,1630559.0,Lakers,2,2025,False,,13.45,False,12.976362,12.976362,realized
3449,Austin Reaves,1630559.0,Lakers,3,2026,False,,13.45,False,13.937574,13.937574,realized
3449,Austin Reaves,1630559.0,Lakers,4,2027,True,player,13.45,False,,13.45,estimated_flat
3450,Cam Reddish,1629629.0,Lakers,1,2024,False,,2.3,False,2.165,2.165,realized
3450,Cam Reddish,1629629.0,Lakers,2,2025,False,,2.3,False,2.463946,2.463946,realized
3451,Gabe Vincent,1629216.0,Lakers,1,2024,False,,11.0,False,10.5,10.5,realized
3451,Gabe Vincent,1629216.0,Lakers,2,2025,False,,11.0,False,11.0,11.0,realized
3451,Gabe Vincent,1629216.0,Lakers,3,2026,False,,11.0,False,11.5,11.5,realized
3452,Jaxson Hayes,1629637.0,Lakers,1,2024,False,,2.3,False,2.165,2.165,realized
3452,Jaxson Hayes,1629637.0,Lakers,2,2025,True,player,2.3,False,2.463946,2.463946,realized
3453,Rui Hachimura,1629060.0,Lakers,1,2024,False,,17.0,False,15.740741,15.740741,realized
3453,Rui Hachimura,1629060.0,Lakers,2,2025,False,,17.0,False,17.0,17.0,realized
3453,Rui Hachimura,1629060.0,Lakers,3,2026,False,,17.0,False,18.259259,18.259259,realized
3454,Taurean Prince,1627752.0,Lakers,1,2024,False,,4.5,False,4.516,4.516,realized
3455,D'Angelo Russell,1626156.0,Lakers,1,2024,False,,18.0,False,17.307693,17.307693,realized
3455,D'Angelo Russell,1626156.0,Lakers,2,2025,True,player,18.0,False,18.692307,18.692307,realized
3456,Jalen Hood-Schifino,1641720.0,Lakers,1,2024,False,,4.475,False,3.69504,3.69504,realized
3456,Jalen Hood-Schifino,1641720.0,Lakers,2,2025,False,,4.475,False,3.87984,3.87984,realized
3456,Jalen Hood-Schifino,1641720.0,Lakers,3,2026,False,,4.475,False,,4.475,estimated_flat
3456,Jalen Hood-Schifino,1641720.0,Lakers,4,2027,False,,4.475,False,,4.475,estimated_flat
3457,Maxwell Lewis,1641721.0,Lakers,1,2024,False,,1.9,False,1.119563,1.119563,realized
3457,Maxwell Lewis,1641721.0,Lakers,2,2025,False,,1.9,False,1.891857,1.891857,realized
3457,Maxwell Lewis,1641721.0,Lakers,3,2026,False,,1.9,False,,1.9,estimated_flat
3457,Maxwell Lewis,1641721.0,Lakers,4,2027,False,,1.9,False,,1.9,estimated_flat
3459,Anthony Davis,203076.0,Lakers,1,2024,False,,59.033,False,40.60008,40.60008,realized
3459,Anthony Davis,203076.0,Lakers,2,2025,False,,59.033,False,43.21944,43.21944,realized
3459,Anthony Davis,203076.0,Lakers,3,2026,False,,59.033,False,54.12645,54.12645,realized
3460,Christian Wood,1626174.0,Lakers,1,2024,False,,2.9,False,2.709849,2.709849,realized
3460,Christian Wood,1626174.0,Lakers,2,2025,False,,2.9,False,,2.9,estimated_flat
3465,Jarred Vanderbilt,1629020.0,Lakers,1,2024,False,,12.0,False,4.64,4.64,realized
3465,Jarred Vanderbilt,1629020.0,Lakers,2,2025,False,,12.0,False,10.714286,10.714286,realized
3465,Jarred Vanderbilt,1629020.0,Lakers,3,2026,False,,12.0,False,11.571429,11.571429,realized
3465,Jarred Vanderbilt,1629020.0,Lakers,4,2027,False,,12.0,False,,12.0,estimated_flat
3474,Bronny James,1642355.0,Lakers,1,2025,False,,1.975,False,1.157153,1.157153,realized
3474,Bronny James,1642355.0,Lakers,2,2026,False,,1.975,False,1.955377,1.955377,realized
3474,Bronny James,1642355.0,Lakers,3,2027,False,,1.975,False,,1.975,estimated_flat
3474,Bronny James,1642355.0,Lakers,4,2028,False,,1.975,False,,1.975,estimated_flat
3475,Dalton Knecht,1642261.0,Lakers,1,2025,False,,4.625,False,3.81912,3.81912,realized
3475,Dalton Knecht,1642261.0,Lakers,2,2026,False,,4.625,False,4.01016,4.01016,realized
3475,Dalton Knecht,1642261.0,Lakers,3,2027,False,,4.625,False,,4.625,estimated_flat
3475,Dalton Knecht,1642261.0,Lakers,4,2028,False,,4.625,False,,4.625,estimated_flat
3479,LeBron James,2544.0,Lakers,1,2025,False,,52.0,False,48.728845,48.728845,realized
3479,LeBron James,2544.0,Lakers,2,2026,True,player,52.0,False,52.627153,52.627153,realized
3480,Max Christie,1631108.0,Lakers,1,2025,False,,8.0,False,7.142857,7.142857,realized
3480,Max Christie,1631108.0,Lakers,2,2026,False,,8.0,False,7.714286,7.714286,realized
3480,Max Christie,1631108.0,Lakers,3,2027,False,,8.0,False,,8.0,estimated_flat
3480,Max Christie,1631108.0,Lakers,4,2028,False,,8.0,False,,8.0,estimated_flat
3494,Deandre Ayton,1629028.0,Lakers,1,2026,False,,8.1,False,8.104,8.104,realized
3494,Deandre Ayton,1629028.0,Lakers,2,2027,False,,8.1,False,,8.1,estimated_flat
3495,Jake LaRavia,1631222.0,Lakers,1,2026,False,,6.0,False,6.0,6.0,realized
3495,Jake LaRavia,1631222.0,Lakers,2,2027,False,,6.0,False,,6.0,estimated_flat
3496,Jaxson Hayes,1629637.0,Lakers,1,2026,False,,3.4,False,3.449323,3.449323,realized
3497,Adou Thiero,1642876.0,Lakers,1,2026,False,,1.5,False,1.27287,1.27287,realized
3497,Adou Thiero,1642876.0,Lakers,2,2027,False,,1.5,False,,1.5,estimated_flat
3497,Adou Thiero,1642876.0,Lakers,3,2028,False,,1.5,False,,1.5,estimated_flat
3497,Adou Thiero,1642876.0,Lakers,4,2029,False,,1.5,False,,1.5,estimated_flat
3499,Marcus Smart,203935.0,Lakers,1,2026,False,,5.25,False,5.134,5.134,realized
3499,Marcus Smart,203935.0,Lakers,2,2027,True,player,5.25,False,,5.25,estimated_flat
3505,Luka Doncic,1629029.0,Lakers,1,2026,False,,53.6,False,45.99966,45.99966,realized
3505,Luka Doncic,1629029.0,Lakers,2,2027,False,,53.6,False,,53.6,estimated_flat
3505,Luka Doncic,1629029.0,Lakers,3,2028,False,,53.6,False,,53.6,estimated_flat
3515,Kobe Bufkin,1641723.0,Lakers,1,2026,False,,1.65,False,4.50372,4.50372,realized
3515,Kobe Bufkin,1641723.0,Lakers,2,2027,False,,1.65,False,,1.65,estimated_flat
3516,Nick Smith Jr.,1641733.0,Lakers,1,2026,False,,1.25,False,0.0,0.0,realized
3516,Nick Smith Jr.,1641733.0,Lakers,2,2027,True,team,1.25,False,,1.25,estimated_flat
3517,Bronny James,1642355.0,Lakers,1,2026,False,,2.3,False,1.955377,1.955377,realized
3522,Quentin Grimes,1629656.0,Lakers,1,2027,False,,15.0,False,,15.0,estimated_flat
3522,Quentin Grimes,1629656.0,Lakers,2,2028,False,,15.0,False,,15.0,estimated_flat
3522,Quentin Grimes,1629656.0,Lakers,3,2029,False,,15.0,False,,15.0,estimated_flat
3522,Quentin Grimes,1629656.0,Lakers,4,2030,True,player,15.0,False,,15.0,estimated_flat
3523,Sandro Mamukelashvili,1630572.0,Lakers,1,2027,False,,13.0,False,,13.0,estimated_flat
3523,Sandro Mamukelashvili,1630572.0,Lakers,2,2028,False,,13.0,False,,13.0,estimated_flat
3523,Sandro Mamukelashvili,1630572.0,Lakers,3,2029,False,,13.0,False,,13.0,estimated_flat
3523,Sandro Mamukelashvili,1630572.0,Lakers,4,2030,True,player,13.0,False,,13.0,estimated_flat
3524,Collin Sexton,1629012.0,Lakers,1,2027,False,,9.5,False,,9.5,estimated_flat
3524,Collin Sexton,1629012.0,Lakers,2,2028,True,player,9.5,False,,9.5,estimated_flat
3525,Austin Reaves,1630559.0,Lakers,1,2027,False,,46.25,False,,46.25,estimated_flat
3525,Austin Reaves,1630559.0,Lakers,2,2028,False,,46.25,False,,46.25,estimated_flat
3525,Austin Reaves,1630559.0,Lakers,3,2029,False,,46.25,False,,46.25,estimated_flat
3525,Austin Reaves,1630559.0,Lakers,4,2030,True,player,46.25,False,,46.25,estimated_flat
3526,Kevon Looney,1626172.0,Lakers,1,2027,False,,3.9,False,,3.9,estimated_flat
3532,Zach Randolph,2216.0,Grizzlies,1,2014,False,,10.0,False,18.238333,18.238333,realized
3532,Zach Randolph,2216.0,Grizzlies,2,2015,False,,10.0,False,16.5,16.5,realized
3533,Jordan Adams,203919.0,Grizzlies,1,2015,False,,1.35,False,1.34412,1.34412,realized
3533,Jordan Adams,203919.0,Grizzlies,2,2016,False,,1.35,False,1.4046,1.4046,realized
3534,Vince Carter,1713.0,Grizzlies,1,2015,False,,4.0,False,3.911981,3.911981,realized
3534,Vince Carter,1713.0,Grizzlies,2,2016,False,,4.0,False,4.088019,4.088019,realized
3534,Vince Carter,1713.0,Grizzlies,3,2017,False,,4.0,False,4.264057,4.264057,realized
3535,Beno Udrih,2757.0,Grizzlies,1,2015,False,,2.1,False,2.077,2.077,realized
3535,Beno Udrih,2757.0,Grizzlies,2,2016,False,,2.1,False,,2.1,estimated_flat
3551,Brandan Wright,201148.0,Grizzlies,1,2016,False,,6.0,False,5.464,5.464,realized
3551,Brandan Wright,201148.0,Grizzlies,2,2017,False,,6.0,False,5.70988,5.70988,realized
3551,Brandan Wright,201148.0,Grizzlies,3,2018,False,,6.0,False,,6.0,estimated_flat
3552,Jarell Martin,1626185.0,Grizzlies,1,2016,False,,1.25,False,1.23084,1.23084,realized
3552,Jarell Martin,1626185.0,Grizzlies,2,2017,False,,1.25,False,1.28616,1.28616,realized
3553,Marc Gasol,201188.0,Grizzlies,1,2016,False,,20.0,False,19.689,19.689,realized
3553,Marc Gasol,201188.0,Grizzlies,2,2017,False,,20.0,False,21.165675,21.165675,realized
3553,Marc Gasol,201188.0,Grizzlies,3,2018,False,,20.0,False,22.64235,22.64235,realized
3553,Marc Gasol,201188.0,Grizzlies,4,2019,False,,20.0,False,,20.0,estimated_flat
3553,Marc Gasol,201188.0,Grizzlies,5,2020,False,,20.0,False,25.5957,25.5957,realized
3584,Chandler Parsons,202718.0,Grizzlies,1,2017,False,,23.7,False,22.11675,22.11675,realized
3584,Chandler Parsons,202718.0,Grizzlies,2,2018,False,,23.7,False,23.112004,23.112004,realized
3584,Chandler Parsons,202718.0,Grizzlies,3,2019,False,,23.7,False,24.107258,24.107258,realized
3584,Chandler Parsons,202718.0,Grizzlies,4,2020,False,,23.7,False,,23.7,estimated_flat
3587,James Ennis III,203516.0,Grizzlies,1,2017,False,,3.0,False,2.898,2.898,realized
3587,James Ennis III,203516.0,Grizzlies,2,2018,False,,3.0,False,3.02841,3.02841,realized
3588,Mike Conley Jr.,201144.0,Grizzlies,1,2017,False,,30.6,False,26.5401,26.5401,realized
3588,Mike Conley Jr.,201144.0,Grizzlies,2,2018,False,,30.6,False,28.530608,28.530608,realized
3588,Mike Conley Jr.,201144.0,Grizzlies,3,2019,False,,30.6,False,30.521115,30.521115,realized
3588,Mike Conley Jr.,201144.0,Grizzlies,4,2020,False,,30.6,False,32.511623,32.511623,realized
3588,Mike Conley Jr.,201144.0,Grizzlies,5,2021,False,,30.6,False,34.502132,34.502132,realized
3589,Wade Baldwin IV,1627735.0,Grizzlies,1,2017,False,,1.85,False,1.79376,1.79376,realized
3589,Wade Baldwin IV,1627735.0,Grizzlies,2,2018,False,,1.85,False,0.229892,0.229892,realized
3606,Toney Douglas,201962.0,Grizzlies,1,2017,False,,0.379,False,,0.379,estimated_flat
3606,Toney Douglas,201962.0,Grizzlies,2,2018,False,,0.379,False,,0.379,estimated_flat
3610,Wayne Selden Jr.,1627782.0,Grizzlies,1,2018,False,,1.45,False,1.312611,1.312611,realized
3610,Wayne Selden Jr.,1627782.0,Grizzlies,2,2019,False,,1.45,False,1.544951,1.544951,realized
3611,Ben McLemore,203463.0,Grizzlies,1,2018,False,,5.35,False,5.2,5.2,realized
3611,Ben McLemore,203463.0,Grizzlies,2,2019,False,,5.35,False,,5.35,estimated_flat
3613,Tyreke Evans,201936.0,Grizzlies,1,2018,False,,3.3,False,3.29,3.29,realized
3618,Ivan Rabb,1628397.0,Grizzlies,1,2018,False,,0.767,False,0.95,0.95,realized
3618,Ivan Rabb,1628397.0,Grizzlies,2,2019,False,,0.767,False,1.378242,1.378242,realized
3618,Ivan Rabb,1628397.0,Grizzlies,3,2020,False,,0.767,False,,0.767,estimated_flat
3619,JaMychal Green,203210.0,Grizzlies,1,2018,False,,8.2,False,8.533333,8.533333,realized
3619,JaMychal Green,203210.0,Grizzlies,2,2019,False,,8.2,False,7.866667,7.866667,realized
3630,Jaren Jackson Jr.,1628991.0,Grizzlies,1,2019,False,,6.4,False,5.91504,5.91504,realized
3630,Jaren Jackson Jr.,1628991.0,Grizzlies,2,2020,False,,6.4,False,6.92748,6.92748,realized
3630,Jaren Jackson Jr.,1628991.0,Grizzlies,3,2021,False,,6.4,False,7.25736,7.25736,realized
3630,Jaren Jackson Jr.,1628991.0,Grizzlies,4,2022,False,,6.4,False,9.18056,9.18056,realized
3631,Kyle Anderson,203937.0,Grizzlies,1,2019,False,,9.3,False,8.641,8.641,realized
3631,Kyle Anderson,203937.0,Grizzlies,2,2020,False,,9.3,False,9.07305,9.07305,realized
3631,Kyle Anderson,203937.0,Grizzlies,3,2021,False,,9.3,False,9.5051,9.5051,realized
3631,Kyle Anderson,203937.0,Grizzlies,4,2022,False,,9.3,False,9.93715,9.93715,realized
3632,Omri Casspi,201956.0,Grizzlies,1,2019,False,,2.2,False,,2.2,estimated_flat
3633,Jevon Carter,1628975.0,Grizzlies,1,2019,False,,1.125,False,0.838464,0.838464,realized
3633,Jevon Carter,1628975.0,Grizzlies,2,2020,False,,1.125,False,1.416852,1.416852,realized
3635,Shelvin Mack,202714.0,Grizzlies,1,2019,False,,2.0,False,1.512601,1.512601,realized
3641,Joakim Noah,201149.0,Grizzlies,1,2019,False,,1.7,False,1.093858,1.093858,realized
3646,Bruno Caboclo,203998.0,Grizzlies,1,2019,False,,1.2,False,,1.2,estimated_flat
3646,Bruno Caboclo,203998.0,Grizzlies,2,2020,False,,1.2,False,,1.2,estimated_flat
3649,Ja Morant,1629630.0,Grizzlies,1,2020,False,,8.95,False,8.73024,8.73024,realized
3649,Ja Morant,1629630.0,Grizzlies,2,2021,False,,8.95,False,9.1668,9.1668,realized
3650,Brandon Clarke,1629634.0,Grizzlies,1,2020,False,,2.55,False,2.47884,2.47884,realized
3650,Brandon Clarke,1629634.0,Grizzlies,2,2021,False,,2.55,False,2.60292,2.60292,realized
3652,Delon Wright,1626153.0,Grizzlies,1,2020,False,,9.35,False,9.473684,9.473684,realized
3652,Delon Wright,1626153.0,Grizzlies,2,2021,False,,9.35,False,9.0,9.0,realized
3652,Delon Wright,1626153.0,Grizzlies,3,2022,False,,9.35,False,8.526316,8.526316,realized
3653,Tyus Jones,1626145.0,Grizzlies,1,2020,False,,8.8,False,9.258,9.258,realized
3653,Tyus Jones,1626145.0,Grizzlies,2,2021,False,,8.8,False,8.817143,8.817143,realized
3653,Tyus Jones,1626145.0,Grizzlies,3,2022,False,,8.8,False,8.376286,8.376286,realized
3654,Jonas Valanciunas,202685.0,Grizzlies,1,2020,False,,15.0,False,16.0,16.0,realized
3654,Jonas Valanciunas,202685.0,Grizzlies,2,2021,False,,15.0,False,15.0,15.0,realized
3654,Jonas Valanciunas,202685.0,Grizzlies,3,2022,False,,15.0,False,14.0,14.0,realized
3655,Marko Guduric,1629741.0,Grizzlies,1,2020,False,,2.7,False,2.625,2.625,realized
3655,Marko Guduric,1629741.0,Grizzlies,2,2021,False,,2.7,False,,2.7,estimated_flat
3662,Dillon Brooks,1628415.0,Grizzlies,1,2020,False,,11.667,False,1.61852,1.61852,realized
3662,Dillon Brooks,1628415.0,Grizzlies,2,2021,False,,11.667,False,11.4,11.4,realized
3662,Dillon Brooks,1628415.0,Grizzlies,3,2022,False,,11.667,False,12.2,12.2,realized
3668,De'Anthony Melton,1629001.0,Grizzlies,1,2021,False,,8.65,False,9.571712,9.571712,realized
3668,De'Anthony Melton,1629001.0,Grizzlies,2,2022,False,,8.65,False,8.805976,8.805976,realized
3668,De'Anthony Melton,1629001.0,Grizzlies,3,2023,False,,8.65,False,8.25,8.25,realized
3668,De'Anthony Melton,1629001.0,Grizzlies,4,2024,False,,8.65,False,8.0,8.0,realized
3669,John Konchar,1629723.0,Grizzlies,1,2021,False,,2.25,False,2.1,2.1,realized
3669,John Konchar,1629723.0,Grizzlies,2,2022,False,,2.25,False,2.2,2.2,realized
3669,John Konchar,1629723.0,Grizzlies,3,2023,False,,2.25,False,2.3,2.3,realized
3669,John Konchar,1629723.0,Grizzlies,4,2024,False,,2.25,False,2.4,2.4,realized
3670,Jontay Porter,1629007.0,Grizzlies,1,2021,False,,1.95,False,1.9,1.9,realized
3670,Jontay Porter,1629007.0,Grizzlies,2,2022,False,,1.95,False,,1.95,estimated_flat
3670,Jontay Porter,1629007.0,Grizzlies,3,2023,False,,1.95,False,,1.95,estimated_flat
3673,Desmond Bane,1630217.0,Grizzlies,1,2021,False,,2.0,False,1.93644,1.93644,realized
3673,Desmond Bane,1630217.0,Grizzlies,2,2022,False,,2.0,False,2.03316,2.03316,realized
3675,Xavier Tillman,1630214.0,Grizzlies,1,2021,False,,1.533,False,1.3,1.3,realized
3675,Xavier Tillman,1630214.0,Grizzlies,2,2022,False,,1.533,False,1.517981,1.517981,realized
3675,Xavier Tillman,1630214.0,Grizzlies,3,2023,False,,1.533,False,1.782621,1.782621,realized
3675,Xavier Tillman,1630214.0,Grizzlies,4,2024,True,team,1.533,False,1.930681,1.930681,realized
3685,Santi Aldama,1630583.0,Grizzlies,1,2022,False,,2.55,False,1.99452,1.99452,realized
3685,Santi Aldama,1630583.0,Grizzlies,2,2023,False,,2.55,False,2.09412,2.09412,realized
3685,Santi Aldama,1630583.0,Grizzlies,3,2024,False,,2.55,False,2.1942,2.1942,realized
3685,Santi Aldama,1630583.0,Grizzlies,4,2025,False,,2.55,False,3.960531,3.960531,realized
3686,Ziaire Williams,1630533.0,Grizzlies,1,2022,False,,4.975,False,4.37304,4.37304,realized
3686,Ziaire Williams,1630533.0,Grizzlies,2,2023,False,,4.975,False,4.59168,4.59168,realized
3686,Ziaire Williams,1630533.0,Grizzlies,3,2024,False,,4.975,False,4.8102,4.8102,realized
3686,Ziaire Williams,1630533.0,Grizzlies,4,2025,False,,4.975,False,6.133005,6.133005,realized
3695,Jaren Jackson Jr.,1628991.0,Grizzlies,1,2022,False,,26.175,False,9.18056,9.18056,realized
3695,Jaren Jackson Jr.,1628991.0,Grizzlies,2,2023,False,,26.175,False,28.946605,28.946605,realized
3695,Jaren Jackson Jr.,1628991.0,Grizzlies,3,2024,False,,26.175,False,27.102202,27.102202,realized
3695,Jaren Jackson Jr.,1628991.0,Grizzlies,4,2025,False,,26.175,False,25.257798,25.257798,realized
3701,Killian Tillie,1629681.0,Grizzlies,1,2022,False,,1.9,False,1.901625,1.901625,realized
3701,Killian Tillie,1629681.0,Grizzlies,2,2023,False,,1.9,False,,1.9,estimated_flat
3707,David Roddy,1631223.0,Grizzlies,1,2023,False,,3.25,False,2.58864,2.58864,realized
3707,David Roddy,1631223.0,Grizzlies,2,2024,False,,3.25,False,2.71824,2.71824,realized
3707,David Roddy,1631223.0,Grizzlies,3,2025,False,,3.25,False,2.84724,2.84724,realized
3707,David Roddy,1631223.0,Grizzlies,4,2026,False,,3.25,False,4.831766,4.831766,realized
3708,Jake LaRavia,1631222.0,Grizzlies,1,2023,False,,3.7,False,3.04764,3.04764,realized
3708,Jake LaRavia,1631222.0,Grizzlies,2,2024,False,,3.7,False,3.19992,3.19992,realized
3708,Jake LaRavia,1631222.0,Grizzlies,3,2025,False,,3.7,False,3.35268,3.35268,realized
3708,Jake LaRavia,1631222.0,Grizzlies,4,2026,False,,3.7,False,6.0,6.0,realized
3711,Ja Morant,1629630.0,Grizzlies,1,2023,False,,38.6,False,12.11944,12.11944,realized
3711,Ja Morant,1629630.0,Grizzlies,2,2024,False,,38.6,False,34.00525,34.00525,realized
3711,Ja Morant,1629630.0,Grizzlies,3,2025,False,,38.6,False,36.72567,36.72567,realized
3711,Ja Morant,1629630.0,Grizzlies,4,2026,False,,38.6,False,39.44609,39.44609,realized
3711,Ja Morant,1629630.0,Grizzlies,5,2027,False,,38.6,False,,38.6,estimated_flat
3712,Kennedy Chandler,1631113.0,Grizzlies,1,2023,False,,1.775,False,,1.775,estimated_flat
3712,Kennedy Chandler,1631113.0,Grizzlies,2,2024,False,,1.775,False,,1.775,estimated_flat
3712,Kennedy Chandler,1631113.0,Grizzlies,3,2025,False,,1.775,False,,1.775,estimated_flat
3712,Kennedy Chandler,1631113.0,Grizzlies,4,2026,False,,1.775,False,,1.775,estimated_flat
3713,Tyus Jones,1626145.0,Grizzlies,1,2023,False,,14.5,False,15.0,15.0,realized
3713,Tyus Jones,1626145.0,Grizzlies,2,2024,False,,14.5,False,14.0,14.0,realized
3714,John Konchar,1629723.0,Grizzlies,1,2023,False,,6.333,False,2.3,2.3,realized
3714,John Konchar,1629723.0,Grizzlies,2,2024,False,,6.333,False,2.4,2.4,realized
3714,John Konchar,1629723.0,Grizzlies,3,2025,False,,6.333,False,6.165,6.165,realized
3718,Steven Adams,203500.0,Grizzlies,1,2023,False,,12.6,False,17.926829,17.926829,realized
3718,Steven Adams,203500.0,Grizzlies,2,2024,False,,12.6,False,,12.6,estimated_flat
3724,Brandon Clarke,1629634.0,Grizzlies,1,2023,False,,13.0,False,4.34392,4.34392,realized
3724,Brandon Clarke,1629634.0,Grizzlies,2,2024,False,,13.0,False,12.5,12.5,realized
3724,Brandon Clarke,1629634.0,Grizzlies,3,2025,False,,13.0,False,12.5,12.5,realized
3724,Brandon Clarke,1629634.0,Grizzlies,4,2026,False,,13.0,False,12.5,12.5,realized
3726,Kenneth Lofton Jr.,1631254.0,Grizzlies,1,2023,False,,1.725,False,1.0,1.0,realized
3726,Kenneth Lofton Jr.,1631254.0,Grizzlies,2,2024,False,,1.725,False,0.5,0.5,realized
3726,Kenneth Lofton Jr.,1631254.0,Grizzlies,3,2025,False,,1.725,False,,1.725,estimated_flat
3726,Kenneth Lofton Jr.,1631254.0,Grizzlies,4,2026,False,,1.725,False,,1.725,estimated_flat
3727,Derrick Rose,201565.0,Grizzlies,1,2024,False,,3.3,False,3.196448,3.196448,realized
3727,Derrick Rose,201565.0,Grizzlies,2,2025,False,,3.3,False,,3.3,estimated_flat
3728,Dillon Brooks,1628415.0,Grizzlies,1,2024,False,,21.5,False,22.627671,22.627671,realized
3728,Dillon Brooks,1628415.0,Grizzlies,2,2025,False,,21.5,False,23.255493,23.255493,realized
3728,Dillon Brooks,1628415.0,Grizzlies,3,2026,False,,21.5,False,21.12411,21.12411,realized
3728,Dillon Brooks,1628415.0,Grizzlies,4,2027,False,,21.5,False,,21.5,estimated_flat
3729,Desmond Bane,1630217.0,Grizzlies,1,2024,False,,39.44,False,3.845083,3.845083,realized
3729,Desmond Bane,1630217.0,Grizzlies,2,2025,False,,39.44,False,34.00525,34.00525,realized
3729,Desmond Bane,1630217.0,Grizzlies,3,2026,False,,39.44,False,36.72567,36.72567,realized
3729,Desmond Bane,1630217.0,Grizzlies,4,2027,False,,39.44,False,,39.44,estimated_flat
3729,Desmond Bane,1630217.0,Grizzlies,5,2028,False,,39.44,False,,39.44,estimated_flat
3738,Bismack Biyombo,202687.0,Grizzlies,1,2024,False,,5.0,False,0.754488,0.754488,realized
3761,Jaylen Wells,1642377.0,Grizzlies,1,2025,False,,1.975,False,1.157153,1.157153,realized
3761,Jaylen Wells,1642377.0,Grizzlies,2,2026,False,,1.975,False,1.955377,1.955377,realized
3761,Jaylen Wells,1642377.0,Grizzlies,3,2027,False,,1.975,False,,1.975,estimated_flat
3761,Jaylen Wells,1642377.0,Grizzlies,4,2028,True,team,1.975,False,,1.975,estimated_flat
3762,Zach Edey,1641744.0,Grizzlies,1,2025,False,,6.55,False,5.75688,5.75688,realized
3762,Zach Edey,1641744.0,Grizzlies,2,2026,False,,6.55,False,6.045,6.045,realized
3762,Zach Edey,1641744.0,Grizzlies,3,2027,False,,6.55,False,,6.55,estimated_flat
3762,Zach Edey,1641744.0,Grizzlies,4,2028,False,,6.55,False,,6.55,estimated_flat
3765,Luke Kennard,1628379.0,Grizzlies,1,2025,False,,9.2,False,9.25,9.25,realized
3770,Scotty Pippen Jr.,1630590.0,Grizzlies,1,2025,False,,2.4,False,2.087519,2.087519,realized
3770,Scotty Pippen Jr.,1630590.0,Grizzlies,2,2026,False,,2.4,False,2.270735,2.270735,realized
3770,Scotty Pippen Jr.,1630590.0,Grizzlies,3,2027,False,,2.4,False,,2.4,estimated_flat
3770,Scotty Pippen Jr.,1630590.0,Grizzlies,4,2028,True,team,2.4,False,,2.4,estimated_flat
3773,Jay Huff,1630643.0,Grizzlies,1,2025,False,,2.525,False,2.088033,2.088033,realized
3773,Jay Huff,1630643.0,Grizzlies,2,2026,False,,2.525,False,2.349578,2.349578,realized
3773,Jay Huff,1630643.0,Grizzlies,3,2027,False,,2.525,False,,2.525,estimated_flat
3773,Jay Huff,1630643.0,Grizzlies,4,2028,False,,2.525,False,,2.525,estimated_flat
3780,Cam Spencer,1642285.0,Grizzlies,1,2026,False,,2.25,False,2.537989,2.537989,realized
3780,Cam Spencer,1642285.0,Grizzlies,2,2027,False,,2.25,False,,2.25,estimated_flat
3781,Cedric Coward,1642907.0,Grizzlies,1,2026,False,,6.6,False,5.71512,5.71512,realized
3781,Cedric Coward,1642907.0,Grizzlies,2,2027,False,,6.6,False,,6.6,estimated_flat
3781,Cedric Coward,1642907.0,Grizzlies,3,2028,False,,6.6,False,,6.6,estimated_flat
3781,Cedric Coward,1642907.0,Grizzlies,4,2029,False,,6.6,False,,6.6,estimated_flat
3783,Jaren Jackson Jr.,1628991.0,Grizzlies,1,2026,False,,48.0,False,35.0,35.0,realized
3783,Jaren Jackson Jr.,1628991.0,Grizzlies,2,2027,False,,48.0,False,,48.0,estimated_flat
3783,Jaren Jackson Jr.,1628991.0,Grizzlies,3,2028,False,,48.0,False,,48.0,estimated_flat
3783,Jaren Jackson Jr.,1628991.0,Grizzlies,4,2029,False,,48.0,False,,48.0,estimated_flat
3783,Jaren Jackson Jr.,1628991.0,Grizzlies,5,2030,False,,48.0,False,,48.0,estimated_flat
3784,Cam Spencer,1642285.0,Grizzlies,1,2026,False,,2.625,False,2.537989,2.537989,realized
3784,Cam Spencer,1642285.0,Grizzlies,2,2027,False,,2.625,False,,2.625,estimated_flat
3784,Cam Spencer,1642285.0,Grizzlies,3,2028,False,,2.625,False,,2.625,estimated_flat
3784,Cam Spencer,1642285.0,Grizzlies,4,2029,False,,2.625,False,,2.625,estimated_flat
3785,Ty Jerome,1629660.0,Grizzlies,1,2026,False,,9.233,False,8.781,8.781,realized
3785,Ty Jerome,1629660.0,Grizzlies,2,2027,False,,9.233,False,,9.233,estimated_flat
3785,Ty Jerome,1629660.0,Grizzlies,3,2028,False,,9.233,False,,9.233,estimated_flat
3786,Jock Landale,1629111.0,Grizzlies,1,2026,False,,2.5,False,2.296274,2.296274,realized
3787,Santi Aldama,1630583.0,Grizzlies,1,2026,False,,17.5,False,18.485916,18.485916,realized
3787,Santi Aldama,1630583.0,Grizzlies,2,2027,False,,17.5,False,,17.5,estimated_flat
3787,Santi Aldama,1630583.0,Grizzlies,3,2028,False,,17.5,False,,17.5,estimated_flat
3804,Taj Gibson,201959.0,Grizzlies,1,2026,False,,2.4,False,2.296274,2.296274,realized
3804,Taj Gibson,201959.0,Grizzlies,2,2027,False,,2.4,False,,2.4,estimated_flat
3805,Olivier-Maxence Prosper,1641765.0,Grizzlies,1,2026,False,,1.5,False,0.0,0.0,realized
3805,Olivier-Maxence Prosper,1641765.0,Grizzlies,2,2027,True,team,1.5,False,,1.5,estimated_flat
3817,Quinten Post,1642366.0,Grizzlies,1,2027,False,,10.0,False,,10.0,estimated_flat
3817,Quinten Post,1642366.0,Grizzlies,2,2028,False,,10.0,False,,10.0,estimated_flat
3817,Quinten Post,1642366.0,Grizzlies,3,2029,False,,10.0,False,,10.0,estimated_flat
3823,Chris Andersen,2365.0,Heat,1,2015,False,,5.2,False,5.375,5.375,realized
3823,Chris Andersen,2365.0,Heat,2,2016,False,,5.2,False,,5.2,estimated_flat
3825,Josh McRoberts,201177.0,Heat,1,2015,False,,5.75,False,5.305,5.305,realized
3825,Josh McRoberts,201177.0,Heat,2,2016,False,,5.75,False,5.543725,5.543725,realized
3825,Josh McRoberts,201177.0,Heat,3,2017,False,,5.75,False,5.78245,5.78245,realized
3825,Josh McRoberts,201177.0,Heat,4,2018,False,,5.75,False,,5.75,estimated_flat
3826,Mario Chalmers,201596.0,Heat,1,2015,False,,4.15,False,4.0,4.0,realized
3826,Mario Chalmers,201596.0,Heat,2,2016,False,,4.15,False,,4.15,estimated_flat
3827,Dwyane Wade,2548.0,Heat,1,2015,False,,17.0,False,15.0,15.0,realized
3827,Dwyane Wade,2548.0,Heat,2,2016,False,,17.0,False,20.0,20.0,realized
3829,Luol Deng,2736.0,Heat,1,2015,False,,10.0,False,9.714461,9.714461,realized
3829,Luol Deng,2736.0,Heat,2,2016,False,,10.0,False,10.151612,10.151612,realized
3830,Shabazz Napier,203894.0,Heat,1,2015,False,,1.25,False,1.23864,1.23864,realized
3830,Shabazz Napier,203894.0,Heat,2,2016,False,,1.25,False,1.29444,1.29444,realized
3831,Udonis Haslem,2617.0,Heat,1,2015,False,,2.8,False,2.732,2.732,realized
3831,Udonis Haslem,2617.0,Heat,2,2016,False,,2.8,False,2.85494,2.85494,realized
3832,Chris Bosh,2547.0,Heat,1,2015,False,,23.6,False,20.6444,20.6444,realized
3832,Chris Bosh,2547.0,Heat,2,2016,False,,23.6,False,22.19273,22.19273,realized
3832,Chris Bosh,2547.0,Heat,3,2017,False,,23.6,False,,23.6,estimated_flat
3832,Chris Bosh,2547.0,Heat,4,2018,False,,23.6,False,,23.6,estimated_flat
3832,Chris Bosh,2547.0,Heat,5,2019,False,,23.6,False,,23.6,estimated_flat
3853,Justise Winslow,1626159.0,Heat,1,2016,False,,2.55,False,2.48172,2.48172,realized
3853,Justise Winslow,1626159.0,Heat,2,2017,False,,2.55,False,2.59344,2.59344,realized
3854,Gerald Green (b. 1986-01-26),101123.0,Heat,1,2016,False,,1.3,False,0.947276,0.947276,realized
3856,Amare Stoudemire / Amar'e Stoudemire,2405.0,Heat,1,2016,False,,1.5,False,0.947276,0.947276,realized
3857,Dwyane Wade,2548.0,Heat,1,2016,False,,20.0,False,20.0,20.0,realized
3858,Josh Richardson,1626196.0,Heat,1,2016,False,,0.833,False,0.525093,0.525093,realized
3858,Josh Richardson,1626196.0,Heat,2,2017,False,,0.833,False,0.874636,0.874636,realized
3858,Josh Richardson,1626196.0,Heat,3,2018,False,,0.833,False,1.471382,1.471382,realized
3869,Hassan Whiteside,202355.0,Heat,1,2017,False,,24.5,False,22.11675,22.11675,realized
3869,Hassan Whiteside,202355.0,Heat,2,2018,False,,24.5,False,23.775506,23.775506,realized
3869,Hassan Whiteside,202355.0,Heat,3,2019,False,,24.5,False,25.434263,25.434263,realized
3869,Hassan Whiteside,202355.0,Heat,4,2020,False,,24.5,False,27.093019,27.093019,realized
3871,Derrick Williams,202682.0,Heat,1,2017,False,,5.0,False,,5.0,estimated_flat
3872,James Johnson,201949.0,Heat,1,2017,False,,4.0,False,4.0,4.0,realized
3873,Tyler Johnson,204020.0,Heat,1,2017,False,,12.5,False,5.628,5.628,realized
3873,Tyler Johnson,204020.0,Heat,2,2018,False,,12.5,False,5.88126,5.88126,realized
3873,Tyler Johnson,204020.0,Heat,3,2019,False,,12.5,False,19.24537,19.24537,realized
3873,Tyler Johnson,204020.0,Heat,4,2020,False,,12.5,False,0.183115,0.183115,realized
3874,Udonis Haslem,2617.0,Heat,1,2017,False,,4.0,False,4.0,4.0,realized
3875,Wayne Ellington,201961.0,Heat,1,2017,False,,6.0,False,6.0,6.0,realized
3875,Wayne Ellington,201961.0,Heat,2,2018,False,,6.0,False,6.27,6.27,realized
3879,Dion Waiters,203079.0,Heat,1,2017,False,,2.95,False,2.898,2.898,realized
3879,Dion Waiters,203079.0,Heat,2,2018,False,,2.95,False,11.0,11.0,realized
3886,Okaro White,1627855.0,Heat,1,2017,False,,0.76,False,,0.76,estimated_flat
3886,Okaro White,1627855.0,Heat,2,2018,False,,0.76,False,,0.76,estimated_flat
3889,Dion Waiters,203079.0,Heat,1,2018,False,,13.0,False,11.0,11.0,realized
3889,Dion Waiters,203079.0,Heat,2,2019,False,,13.0,False,11.55,11.55,realized
3889,Dion Waiters,203079.0,Heat,3,2020,False,,13.0,False,0.375385,0.375385,realized
3889,Dion Waiters,203079.0,Heat,4,2021,False,,13.0,False,,13.0,estimated_flat
3890,James Johnson,201949.0,Heat,1,2018,False,,15.0,False,13.954,13.954,realized
3890,James Johnson,201949.0,Heat,2,2019,False,,15.0,False,14.6517,14.6517,realized
3890,James Johnson,201949.0,Heat,3,2020,False,,15.0,False,15.1294,15.1294,realized
3890,James Johnson,201949.0,Heat,4,2021,False,,15.0,False,16.0471,16.0471,realized
3891,Kelly Olynyk,203482.0,Heat,1,2018,False,,12.5,False,12.007169,12.007169,realized
3891,Kelly Olynyk,203482.0,Heat,2,2019,False,,12.5,False,12.137527,12.137527,realized
3891,Kelly Olynyk,203482.0,Heat,3,2020,False,,12.5,False,12.667886,12.667886,realized
3891,Kelly Olynyk,203482.0,Heat,4,2021,False,,12.5,False,12.81965,12.81965,realized
3892,Udonis Haslem,2617.0,Heat,1,2018,False,,2.3,False,1.471382,1.471382,realized
3894,Matt Williams,1628475.0,Heat,1,2018,False,,0.816,False,,0.816,estimated_flat
3898,Josh Richardson,1626196.0,Heat,1,2018,False,,10.5,False,1.471382,1.471382,realized
3898,Josh Richardson,1626196.0,Heat,2,2019,False,,10.5,False,9.3672,9.3672,realized
3898,Josh Richardson,1626196.0,Heat,3,2020,False,,10.5,False,10.116576,10.116576,realized
3898,Josh Richardson,1626196.0,Heat,4,2021,False,,10.5,False,10.865952,10.865952,realized
3902,Derrick Jones Jr.,1627884.0,Heat,1,2019,False,,1.6,False,1.512601,1.512601,realized
3902,Derrick Jones Jr.,1627884.0,Heat,2,2020,False,,1.6,False,1.645357,1.645357,realized
3904,Wayne Ellington,201961.0,Heat,1,2019,False,,6.3,False,2.383076,2.383076,realized
3910,Udonis Haslem,2617.0,Heat,1,2019,False,,2.4,False,1.512601,1.512601,realized
3911,Dwyane Wade,2548.0,Heat,1,2019,False,,2.4,False,1.512601,1.512601,realized
3916,Justise Winslow,1626159.0,Heat,1,2019,False,,13.0,False,3.448926,3.448926,realized
3916,Justise Winslow,1626159.0,Heat,2,2020,False,,13.0,False,13.0,13.0,realized
3916,Justise Winslow,1626159.0,Heat,3,2021,False,,13.0,False,13.0,13.0,realized
3922,K.Z. Okpala,1629644.0,Heat,1,2020,False,,1.4,False,0.89831,0.89831,realized
3922,K.Z. Okpala,1629644.0,Heat,2,2021,False,,1.4,False,1.517981,1.517981,realized
3922,K.Z. Okpala,1629644.0,Heat,3,2022,False,,1.4,False,,1.4,estimated_flat
3923,Tyler Herro,1629639.0,Heat,1,2020,False,,3.75,False,3.6402,3.6402,realized
3923,Tyler Herro,1629639.0,Heat,2,2021,False,,3.75,False,3.82224,3.82224,realized
3927,Udonis Haslem,2617.0,Heat,1,2020,False,,2.6,False,1.620564,1.620564,realized
3936,Andre Iguodala,2738.0,Heat,1,2020,False,,15.0,False,17.185185,17.185185,realized
3936,Andre Iguodala,2738.0,Heat,2,2021,False,,15.0,False,15.0,15.0,realized
3938,Goran Dragic,201609.0,Heat,1,2021,False,,19.0,False,18.0,18.0,realized
3938,Goran Dragic,201609.0,Heat,2,2022,True,team,19.0,False,0.460463,0.460463,realized
3939,Meyers Leonard,203086.0,Heat,1,2021,False,,9.4,False,,9.4,estimated_flat
3939,Meyers Leonard,203086.0,Heat,2,2022,False,,9.4,False,,9.4,estimated_flat
3940,Avery Bradley,202340.0,Heat,1,2021,False,,5.6,False,5.635,5.635,realized
3940,Avery Bradley,202340.0,Heat,2,2022,True,team,5.6,False,1.669178,1.669178,realized
3941,Maurice Harkless / Moe Harkless,203090.0,Heat,1,2021,False,,3.6,False,3.623,3.623,realized
3944,Precious Achiuwa,1630173.0,Heat,1,2021,False,,2.65,False,2.58216,2.58216,realized
3944,Precious Achiuwa,1630173.0,Heat,2,2022,False,,2.65,False,2.71128,2.71128,realized
3945,Edrice Adebayo / Bam Adebayo,1628389.0,Heat,1,2021,False,,32.6,False,5.115492,5.115492,realized
3945,Edrice Adebayo / Bam Adebayo,1628389.0,Heat,2,2022,False,,32.6,False,28.1035,28.1035,realized
3945,Edrice Adebayo / Bam Adebayo,1628389.0,Heat,3,2023,False,,32.6,False,30.35178,30.35178,realized
3945,Edrice Adebayo / Bam Adebayo,1628389.0,Heat,4,2024,False,,32.6,False,32.60006,32.60006,realized
3945,Edrice Adebayo / Bam Adebayo,1628389.0,Heat,5,2025,False,,32.6,False,34.84834,34.84834,realized
3946,Udonis Haslem,2617.0,Heat,1,2021,False,,2.6,False,1.620564,1.620564,realized
3950,Omer Yurtseven,1630209.0,Heat,1,2021,False,,0.75,False,,0.75,estimated_flat
3950,Omer Yurtseven,1630209.0,Heat,2,2022,False,,0.75,False,1.489065,1.489065,realized
3951,Dewayne Dedmon,203473.0,Heat,1,2022,False,,2.4,False,1.669178,1.669178,realized
3952,Duncan Robinson,1629130.0,Heat,1,2022,False,,18.0,False,15.65,15.65,realized
3952,Duncan Robinson,1629130.0,Heat,2,2023,False,,18.0,False,16.902,16.902,realized
3952,Duncan Robinson,1629130.0,Heat,3,2024,False,,18.0,False,18.154,18.154,realized
3952,Duncan Robinson,1629130.0,Heat,4,2025,False,,18.0,False,19.406,19.406,realized
3952,Duncan Robinson,1629130.0,Heat,5,2026,False,,18.0,False,16.834692,16.834692,realized
3953,Gabe Vincent,1629216.0,Heat,1,2022,False,,1.75,False,1.669178,1.669178,realized
3953,Gabe Vincent,1629216.0,Heat,2,2023,False,,1.75,False,1.815677,1.815677,realized
3954,Markieff Morris,202693.0,Heat,1,2022,False,,2.6,False,1.669178,1.669178,realized
3955,Max Strus,1629622.0,Heat,1,2022,False,,1.75,False,1.669178,1.669178,realized
3955,Max Strus,1629622.0,Heat,2,2023,False,,1.75,False,1.815677,1.815677,realized
3956,Omer Yurtseven,1630209.0,Heat,1,2022,False,,1.6,False,1.489065,1.489065,realized
3956,Omer Yurtseven,1630209.0,Heat,2,2023,False,,1.6,False,1.752638,1.752638,realized
3957,Jimmy Butler,202710.0,Heat,1,2022,False,,46.0,False,36.0162,36.0162,realized
3957,Jimmy Butler,202710.0,Heat,2,2023,False,,46.0,False,37.6533,37.6533,realized
3957,Jimmy Butler,202710.0,Heat,3,2024,False,,46.0,False,45.18396,45.18396,realized
3957,Jimmy Butler,202710.0,Heat,4,2025,True,player,46.0,True,48.798677,48.798677,realized
3958,P.J. Tucker,200782.0,Heat,1,2022,False,,7.175,False,7.0,7.0,realized
3958,P.J. Tucker,200782.0,Heat,2,2023,False,,7.175,False,10.49,10.49,realized
3959,Victor Oladipo,203506.0,Heat,1,2022,False,,2.4,False,1.669178,1.669178,realized
3960,Udonis Haslem,2617.0,Heat,1,2022,False,,2.6,False,1.669178,1.669178,realized
3986,Nikola Jovic,1631107.0,Heat,1,2023,False,,2.875,False,2.23992,2.23992,realized
3986,Nikola Jovic,1631107.0,Heat,2,2024,False,,2.875,False,2.352,2.352,realized
3986,Nikola Jovic,1631107.0,Heat,3,2025,False,,2.875,False,2.4642,2.4642,realized
3986,Nikola Jovic,1631107.0,Heat,4,2026,False,,2.875,False,4.445417,4.445417,realized
3987,Caleb Martin,1628997.0,Heat,1,2023,False,,6.833,False,6.479,6.479,realized
3987,Caleb Martin,1628997.0,Heat,2,2024,False,,6.833,False,6.80295,6.80295,realized
3987,Caleb Martin,1628997.0,Heat,3,2025,False,,6.833,False,9.186594,9.186594,realized
3988,Dewayne Dedmon,203473.0,Heat,1,2023,False,,4.5,False,0.580373,0.580373,realized
3988,Dewayne Dedmon,203473.0,Heat,2,2024,False,,4.5,False,,4.5,estimated_flat
3989,Victor Oladipo,203506.0,Heat,1,2023,False,,5.5,False,8.75,8.75,realized
3989,Victor Oladipo,203506.0,Heat,2,2024,False,,5.5,False,,5.5,estimated_flat
3995,Udonis Haslem,2617.0,Heat,1,2023,False,,2.9,False,1.83609,1.83609,realized
3997,Tyler Herro,1629639.0,Heat,1,2023,False,,32.5,False,5.722116,5.722116,realized
3997,Tyler Herro,1629639.0,Heat,2,2024,False,,32.5,False,27.0,27.0,realized
3997,Tyler Herro,1629639.0,Heat,3,2025,False,,32.5,False,29.0,29.0,realized
3997,Tyler Herro,1629639.0,Heat,4,2026,False,,32.5,False,31.0,31.0,realized
4006,Kevin Love,201567.0,Heat,1,2023,False,,3.1,False,3.114138,3.114138,realized
4016,Jaime Jaquez Jr.,1631170.0,Heat,1,2024,False,,4.25,False,3.5106,3.5106,realized
4016,Jaime Jaquez Jr.,1631170.0,Heat,2,2025,False,,4.25,False,3.6858,3.6858,realized
4016,Jaime Jaquez Jr.,1631170.0,Heat,3,2026,False,,4.25,False,3.8616,3.8616,realized
4016,Jaime Jaquez Jr.,1631170.0,Heat,4,2027,False,,4.25,False,,4.25,estimated_flat
4018,Orlando Robinson,1631115.0,Heat,1,2024,False,,3.9,False,1.801769,1.801769,realized
4019,Josh Richardson,1626196.0,Heat,1,2024,False,,2.95,False,2.891467,2.891467,realized
4019,Josh Richardson,1626196.0,Heat,2,2025,False,,2.95,False,3.051153,3.051153,realized
4020,Kevin Love,201567.0,Heat,1,2024,False,,3.95,False,3.835738,3.835738,realized
4020,Kevin Love,201567.0,Heat,2,2025,True,player,3.95,False,3.85,3.85,realized
4021,Thomas Bryant,1628418.0,Heat,1,2024,False,,2.7,False,2.528233,2.528233,realized
4021,Thomas Bryant,1628418.0,Heat,2,2025,False,,2.7,False,2.087519,2.087519,realized
4022,Max Strus,1629622.0,Heat,1,2024,False,,15.575,False,14.487684,14.487684,realized
4022,Max Strus,1629622.0,Heat,2,2025,False,,15.575,False,15.212068,15.212068,realized
4022,Max Strus,1629622.0,Heat,3,2026,False,,15.575,False,15.936452,15.936452,realized
4022,Max Strus,1629622.0,Heat,4,2027,False,,15.575,False,,15.575,estimated_flat
4033,Dru Smith,1630696.0,Heat,1,2024,False,,1.95,False,,1.95,estimated_flat
4033,Dru Smith,1630696.0,Heat,2,2025,False,,1.95,False,0.0,0.0,realized
4043,Pelle Larsson,1641796.0,Heat,1,2025,False,,1.8,False,1.157153,1.157153,realized
4043,Pelle Larsson,1641796.0,Heat,2,2026,False,,1.8,False,1.955377,1.955377,realized
4043,Pelle Larsson,1641796.0,Heat,3,2027,False,,1.8,False,,1.8,estimated_flat
4044,Thomas Bryant,1628418.0,Heat,1,2025,False,,2.8,False,2.087519,2.087519,realized
4045,Alec Burks,202692.0,Heat,1,2025,False,,3.3,False,2.087519,2.087519,realized
4046,Edrice Adebayo / Bam Adebayo,1628389.0,Heat,1,2025,False,,55.333,False,34.84834,34.84834,realized
4046,Edrice Adebayo / Bam Adebayo,1628389.0,Heat,2,2026,False,,55.333,False,37.09662,37.09662,realized
4046,Edrice Adebayo / Bam Adebayo,1628389.0,Heat,3,2027,True,player,55.333,True,,55.333,estimated_flat
4048,Kevin Love,201567.0,Heat,1,2025,False,,4.0,False,3.85,3.85,realized
4048,Kevin Love,201567.0,Heat,2,2026,False,,4.0,False,4.15,4.15,realized
4049,Haywood Highsmith,1629312.0,Heat,1,2025,False,,5.5,False,5.2,5.2,realized
4049,Haywood Highsmith,1629312.0,Heat,2,2026,False,,5.5,False,5.616,5.616,realized
4058,Keshad Johnson,1642352.0,Heat,1,2025,False,,1.35,False,0.724883,0.724883,realized
4058,Keshad Johnson,1642352.0,Heat,2,2026,False,,1.35,False,1.955377,1.955377,realized
4060,Kasparas Jakucionis,1642857.0,Heat,1,2026,False,,4.425,False,3.6588,3.6588,realized
4060,Kasparas Jakucionis,1642857.0,Heat,2,2027,False,,4.425,False,,4.425,estimated_flat
4060,Kasparas Jakucionis,1642857.0,Heat,3,2028,False,,4.425,False,,4.425,estimated_flat
4060,Kasparas Jakucionis,1642857.0,Heat,4,2029,False,,4.425,False,,4.425,estimated_flat
4062,Duncan Robinson,1629130.0,Heat,1,2026,False,,15.0,False,16.834692,16.834692,realized
4062,Duncan Robinson,1629130.0,Heat,2,2027,False,,15.0,False,,15.0,estimated_flat
4062,Duncan Robinson,1629130.0,Heat,3,2028,False,,15.0,False,,15.0,estimated_flat
4063,Davion Mitchell,1630558.0,Heat,1,2026,False,,4.0,False,11.6,11.6,realized
4063,Davion Mitchell,1630558.0,Heat,2,2027,False,,4.0,False,,4.0,estimated_flat
4066,Dru Smith,1630696.0,Heat,1,2026,False,,2.6,False,2.37887,2.37887,realized
4066,Dru Smith,1630696.0,Heat,2,2027,False,,2.6,False,,2.6,estimated_flat
4066,Dru Smith,1630696.0,Heat,3,2028,False,,2.6,False,,2.6,estimated_flat
4072,Nikola Jovic,1631107.0,Heat,1,2026,False,,15.6,False,4.445417,4.445417,realized
4072,Nikola Jovic,1631107.0,Heat,2,2027,False,,15.6,False,,15.6,estimated_flat
4072,Nikola Jovic,1631107.0,Heat,3,2028,False,,15.6,False,,15.6,estimated_flat
4072,Nikola Jovic,1631107.0,Heat,4,2029,False,,15.6,False,,15.6,estimated_flat
4077,Myron Gardner,1642066.0,Heat,1,2026,False,,1.833,False,0.0,0.0,realized
4077,Myron Gardner,1642066.0,Heat,2,2027,False,,1.833,False,,1.833,estimated_flat
4077,Myron Gardner,1642066.0,Heat,3,2028,False,,1.833,False,,1.833,estimated_flat
4079,Jahmir Young,1642443.0,Heat,1,2026,False,,1.2,False,0.0,0.0,realized
4079,Jahmir Young,1642443.0,Heat,2,2027,False,,1.2,False,,1.2,estimated_flat
4081,Simone Fontecchio,1631323.0,Heat,1,2027,False,,2.6,False,,2.6,estimated_flat
4083,Andrew Wiggins,203952.0,Heat,1,2027,False,,16.9,False,,16.9,estimated_flat
4083,Andrew Wiggins,203952.0,Heat,2,2028,True,player,16.9,True,,16.9,estimated_flat
4084,Tim Hardaway Jr.,203501.0,Heat,1,2027,False,,6.1,False,,6.1,estimated_flat
4091,Jabari Parker,203953.0,Bucks,1,2015,False,,5.0,False,4.93056,4.93056,realized
4091,Jabari Parker,203953.0,Bucks,2,2016,False,,5.0,False,5.15244,5.15244,realized
4094,Jerryd Bayless,201573.0,Bucks,1,2015,False,,3.0,False,3.0,3.0,realized
4094,Jerryd Bayless,201573.0,Bucks,2,2016,False,,3.0,False,3.0,3.0,realized
4105,Greg Monroe,202328.0,Bucks,1,2016,False,,16.667,False,16.4075,16.4075,realized
4105,Greg Monroe,202328.0,Bucks,2,2017,False,,16.667,False,17.145838,17.145838,realized
4105,Greg Monroe,202328.0,Bucks,3,2018,False,,16.667,False,5.0,5.0,realized
4106,Khris Middleton,203114.0,Bucks,1,2016,False,,14.0,False,14.7,14.7,realized
4106,Khris Middleton,203114.0,Bucks,2,2017,False,,14.0,False,15.2,15.2,realized
4106,Khris Middleton,203114.0,Bucks,3,2018,False,,14.0,False,14.1,14.1,realized
4106,Khris Middleton,203114.0,Bucks,4,2019,False,,14.0,False,13.0,13.0,realized
4106,Khris Middleton,203114.0,Bucks,5,2020,False,,14.0,False,30.603448,30.603448,realized
4107,Rashad Vaughn,1626173.0,Bucks,1,2016,False,,1.8,False,1.73304,1.73304,realized
4107,Rashad Vaughn,1626173.0,Bucks,2,2017,False,,1.8,False,1.81104,1.81104,realized
4108,Chris Copeland,203142.0,Bucks,1,2016,False,,1.1,False,,1.1,estimated_flat
4122,Mirza Teletovic,203141.0,Bucks,1,2017,False,,10.0,False,10.5,10.5,realized
4122,Mirza Teletovic,203141.0,Bucks,2,2018,False,,10.0,False,,10.0,estimated_flat
4122,Mirza Teletovic,203141.0,Bucks,3,2019,False,,10.0,False,,10.0,estimated_flat
4124,Thon Maker,1627748.0,Bucks,1,2017,False,,2.65,False,2.5686,2.5686,realized
4124,Thon Maker,1627748.0,Bucks,2,2018,False,,2.65,False,2.68416,2.68416,realized
4125,Miles Plumlee,203101.0,Bucks,1,2017,False,,13.0,False,12.5,12.5,realized
4125,Miles Plumlee,203101.0,Bucks,2,2018,False,,13.0,False,12.5,12.5,realized
4125,Miles Plumlee,203101.0,Bucks,3,2019,False,,13.0,False,12.5,12.5,realized
4125,Miles Plumlee,203101.0,Bucks,4,2020,False,,13.0,False,,13.0,estimated_flat
4131,Giannis Antetokounmpo,203507.0,Bucks,1,2017,False,,25.0,False,2.995421,2.995421,realized
4131,Giannis Antetokounmpo,203507.0,Bucks,2,2018,False,,25.0,False,22.47191,22.47191,realized
4131,Giannis Antetokounmpo,203507.0,Bucks,3,2019,False,,25.0,False,24.157303,24.157303,realized
4131,Giannis Antetokounmpo,203507.0,Bucks,4,2020,False,,25.0,False,25.842697,25.842697,realized
4139,D.J. Wilson,1628391.0,Bucks,1,2018,False,,2.35,False,2.13504,2.13504,realized
4139,D.J. Wilson,1628391.0,Bucks,2,2019,False,,2.35,False,2.53428,2.53428,realized
4139,D.J. Wilson,1628391.0,Bucks,3,2020,False,,2.35,False,2.96112,2.96112,realized
4139,D.J. Wilson,1628391.0,Bucks,4,2021,False,,2.35,False,4.54828,4.54828,realized
4142,Sterling Brown,1628425.0,Bucks,1,2018,False,,1.267,False,0.815615,0.815615,realized
4142,Sterling Brown,1628425.0,Bucks,2,2019,False,,1.267,False,1.378242,1.378242,realized
4142,Sterling Brown,1628425.0,Bucks,3,2020,False,,1.267,False,1.61852,1.61852,realized
4143,Tony Snell,203503.0,Bucks,1,2018,False,,11.0,False,9.821429,9.821429,realized
4143,Tony Snell,203503.0,Bucks,2,2019,False,,11.0,False,10.807143,10.807143,realized
4143,Tony Snell,203503.0,Bucks,3,2020,False,,11.0,False,11.392857,11.392857,realized
4143,Tony Snell,203503.0,Bucks,4,2021,False,,11.0,False,12.178571,12.178571,realized
4146,Jason Terry,1891.0,Bucks,1,2018,False,,2.3,False,1.471382,1.471382,realized
4158,Shabazz Muhammad,203498.0,Bucks,1,2018,False,,0.347,False,0.324203,0.324203,realized
4163,Ersan Ilyasova,101141.0,Bucks,1,2019,False,,7.0,False,7.0,7.0,realized
4163,Ersan Ilyasova,101141.0,Bucks,2,2020,False,,7.0,False,7.0,7.0,realized
4163,Ersan Ilyasova,101141.0,Bucks,3,2021,False,,7.0,False,0.754783,0.754783,realized
4164,Donte DiVincenzo,1628978.0,Bucks,1,2019,False,,2.7,False,2.481,2.481,realized
4164,Donte DiVincenzo,1628978.0,Bucks,2,2020,False,,2.7,False,2.9058,2.9058,realized
4164,Donte DiVincenzo,1628978.0,Bucks,3,2021,False,,2.7,False,3.04416,3.04416,realized
4164,Donte DiVincenzo,1628978.0,Bucks,4,2022,False,,2.7,False,4.67583,4.67583,realized
4165,Ersan Ilyasova,101141.0,Bucks,1,2019,False,,7.0,False,7.0,7.0,realized
4165,Ersan Ilyasova,101141.0,Bucks,2,2020,False,,7.0,False,7.0,7.0,realized
4165,Ersan Ilyasova,101141.0,Bucks,3,2021,False,,7.0,False,0.754783,0.754783,realized
4166,Brook Lopez,201572.0,Bucks,1,2019,False,,3.4,False,3.382,3.382,realized
4182,Pau Gasol,2200.0,Bucks,1,2019,False,,0.527,False,0.333285,0.333285,realized
4183,Eric Bledsoe,202339.0,Bucks,1,2019,False,,17.5,False,15.0,15.0,realized
4183,Eric Bledsoe,202339.0,Bucks,2,2020,False,,17.5,False,15.625,15.625,realized
4183,Eric Bledsoe,202339.0,Bucks,3,2021,False,,17.5,False,16.875,16.875,realized
4183,Eric Bledsoe,202339.0,Bucks,4,2022,False,,17.5,False,18.125,18.125,realized
4184,Tim Frazier,204025.0,Bucks,1,2019,False,,0.211,False,,0.211,estimated_flat
4187,Brook Lopez,201572.0,Bucks,1,2020,False,,13.0,False,12.093024,12.093024,realized
4187,Brook Lopez,201572.0,Bucks,2,2021,False,,13.0,False,12.697675,12.697675,realized
4187,Brook Lopez,201572.0,Bucks,3,2022,False,,13.0,False,13.302325,13.302325,realized
4187,Brook Lopez,201572.0,Bucks,4,2023,False,,13.0,False,13.906976,13.906976,realized
4188,Malcolm Brogdon,1627763.0,Bucks,1,2020,False,,21.25,False,20.0,20.0,realized
4188,Malcolm Brogdon,1627763.0,Bucks,2,2021,False,,21.25,False,20.7,20.7,realized
4188,Malcolm Brogdon,1627763.0,Bucks,3,2022,False,,21.25,False,21.7,21.7,realized
4188,Malcolm Brogdon,1627763.0,Bucks,4,2023,False,,21.25,False,22.6,22.6,realized
4189,George Hill,201588.0,Bucks,1,2020,False,,9.6,False,9.133907,9.133907,realized
4189,George Hill,201588.0,Bucks,2,2021,False,,9.6,False,9.590602,9.590602,realized
4189,George Hill,201588.0,Bucks,3,2022,False,,9.6,False,4.0,4.0,realized
4190,Khris Middleton,203114.0,Bucks,1,2020,False,,35.5,False,30.603448,30.603448,realized
4190,Khris Middleton,203114.0,Bucks,2,2021,False,,35.5,False,33.051724,33.051724,realized
4190,Khris Middleton,203114.0,Bucks,3,2022,False,,35.5,False,35.5,35.5,realized
4190,Khris Middleton,203114.0,Bucks,4,2023,False,,35.5,False,37.948276,37.948276,realized
4190,Khris Middleton,203114.0,Bucks,5,2024,False,,35.5,False,29.320988,29.320988,realized
4191,Robin Lopez,201577.0,Bucks,1,2020,False,,4.885,False,4.767,4.767,realized
4191,Robin Lopez,201577.0,Bucks,2,2021,False,,4.885,False,7.3,7.3,realized
4192,Wesley Matthews / Wes Matthews Jr.,202083.0,Bucks,1,2020,False,,5.26,False,2.564753,2.564753,realized
4193,Thanasis Antetokounmpo,203648.0,Bucks,1,2020,False,,1.575,False,1.445697,1.445697,realized
4193,Thanasis Antetokounmpo,203648.0,Bucks,2,2021,False,,1.575,False,1.701593,1.701593,realized
4195,Dragan Bender,1627733.0,Bucks,1,2020,False,,1.75,False,,1.75,estimated_flat
4195,Dragan Bender,1627733.0,Bucks,2,2021,False,,1.75,False,,1.75,estimated_flat
4196,Kyle Korver,2594.0,Bucks,1,2020,False,,2.6,False,1.620564,1.620564,realized
4204,Jordan Nwora,1629670.0,Bucks,1,2021,False,,1.2,False,0.89831,0.89831,realized
4204,Jordan Nwora,1629670.0,Bucks,2,2022,False,,1.2,False,1.517981,1.517981,realized
4206,Pat Connaughton,1626192.0,Bucks,1,2021,False,,5.333,False,4.938273,4.938273,realized
4206,Pat Connaughton,1626192.0,Bucks,2,2022,False,,5.333,False,5.333334,5.333334,realized
4206,Pat Connaughton,1626192.0,Bucks,3,2023,False,,5.333,False,5.728393,5.728393,realized
4207,Bobby Portis,1626171.0,Bucks,1,2021,False,,3.7,False,3.623,3.623,realized
4207,Bobby Portis,1626171.0,Bucks,2,2022,False,,3.7,False,4.3476,4.3476,realized
4208,Bryn Forbes,1627854.0,Bucks,1,2021,False,,2.4,False,2.337145,2.337145,realized
4208,Bryn Forbes,1627854.0,Bucks,2,2022,False,,2.4,False,4.5,4.5,realized
4211,Torrey Craig,1628470.0,Bucks,1,2021,False,,1.7,False,1.620564,1.620564,realized
4215,Sam Merrill,1630241.0,Bucks,1,2021,False,,1.2,False,0.89831,0.89831,realized
4215,Sam Merrill,1630241.0,Bucks,2,2022,False,,1.2,False,,1.2,estimated_flat
4217,Giannis Antetokounmpo,203507.0,Bucks,1,2021,False,,45.64,False,27.528088,27.528088,realized
4217,Giannis Antetokounmpo,203507.0,Bucks,2,2022,False,,45.64,False,39.3449,39.3449,realized
4217,Giannis Antetokounmpo,203507.0,Bucks,3,2023,False,,45.64,False,42.492492,42.492492,realized
4217,Giannis Antetokounmpo,203507.0,Bucks,4,2024,False,,45.64,False,45.640084,45.640084,realized
4217,Giannis Antetokounmpo,203507.0,Bucks,5,2025,False,,45.64,False,48.787676,48.787676,realized
4217,Giannis Antetokounmpo,203507.0,Bucks,6,2026,True,player,45.64,False,54.12645,54.12645,realized
4220,Jrue Holiday,201950.0,Bucks,1,2021,False,,33.75,False,27.026111,27.026111,realized
4220,Jrue Holiday,201950.0,Bucks,2,2022,False,,33.75,False,31.171333,31.171333,realized
4220,Jrue Holiday,201950.0,Bucks,3,2023,False,,33.75,False,34.31948,34.31948,realized
4220,Jrue Holiday,201950.0,Bucks,4,2024,False,,33.75,False,37.620347,37.620347,realized
4220,Jrue Holiday,201950.0,Bucks,5,2025,True,player,33.75,False,30.0,30.0,realized
4223,Mamadi Diakite,1629603.0,Bucks,1,2021,False,,1.167,False,0.160173,0.160173,realized
4223,Mamadi Diakite,1629603.0,Bucks,2,2022,False,,1.167,False,,1.167,estimated_flat
4223,Mamadi Diakite,1629603.0,Bucks,3,2023,False,,1.167,False,,1.167,estimated_flat
4226,Bobby Portis,1626171.0,Bucks,1,2022,False,,4.45,False,4.3476,4.3476,realized
4226,Bobby Portis,1626171.0,Bucks,2,2023,False,,4.45,False,10.84335,10.84335,realized
4227,George Hill,201588.0,Bucks,1,2022,False,,4.0,False,4.0,4.0,realized
4227,George Hill,201588.0,Bucks,2,2023,False,,4.0,False,4.0,4.0,realized
4228,Rodney Hood,203918.0,Bucks,1,2022,False,,2.2,False,1.669178,1.669178,realized
4229,Semi Ojeleye,1628400.0,Bucks,1,2022,False,,1.8,False,,1.8,estimated_flat
4230,Georgios Kalaitzakis,1630686.0,Bucks,1,2022,False,,1.433,False,,1.433,estimated_flat
4230,Georgios Kalaitzakis,1630686.0,Bucks,2,2023,False,,1.433,False,,1.433,estimated_flat
4230,Georgios Kalaitzakis,1630686.0,Bucks,3,2024,False,,1.433,False,,1.433,estimated_flat
4231,Thanasis Antetokounmpo,203648.0,Bucks,1,2022,False,,1.8,False,1.729217,1.729217,realized
4231,Thanasis Antetokounmpo,203648.0,Bucks,2,2023,True,player,1.8,False,1.87872,1.87872,realized
4235,Javin DeLaurier,1629602.0,Bucks,1,2022,False,,0.925,False,,0.925,estimated_flat
4236,Tremont Waters,1629682.0,Bucks,1,2022,False,,1.7,False,,1.7,estimated_flat
4244,Grayson Allen,1628960.0,Bucks,1,2022,False,,10.0,False,4.054695,4.054695,realized
4244,Grayson Allen,1628960.0,Bucks,2,2023,False,,10.0,False,8.925,8.925,realized
4260,Bobby Portis,1626171.0,Bucks,1,2023,False,,12.25,False,10.84335,10.84335,realized
4260,Bobby Portis,1626171.0,Bucks,2,2024,False,,12.25,False,11.710818,11.710818,realized
4260,Bobby Portis,1626171.0,Bucks,3,2025,False,,12.25,False,12.578286,12.578286,realized
4260,Bobby Portis,1626171.0,Bucks,4,2026,False,,12.25,False,13.445754,13.445754,realized
4261,Jevon Carter,1628975.0,Bucks,1,2023,False,,2.1,False,2.1,2.1,realized
4261,Jevon Carter,1628975.0,Bucks,2,2024,False,,2.1,False,6.190476,6.190476,realized
4262,Joe Ingles,204060.0,Bucks,1,2023,False,,6.5,False,6.479,6.479,realized
4263,Wesley Matthews / Wes Matthews Jr.,202083.0,Bucks,1,2023,False,,2.9,False,1.83609,1.83609,realized
4264,MarJon Beauchamp,1630699.0,Bucks,1,2023,False,,3.15,False,2.4852,2.4852,realized
4264,MarJon Beauchamp,1630699.0,Bucks,2,2024,False,,3.15,False,2.6094,2.6094,realized
4264,MarJon Beauchamp,1630699.0,Bucks,3,2025,False,,3.15,False,2.73372,2.73372,realized
4264,MarJon Beauchamp,1630699.0,Bucks,4,2026,False,,3.15,False,0.0,0.0,realized
4265,Rayjon Tucker,1629730.0,Bucks,1,2023,False,,1.9,False,,1.9,estimated_flat
4268,Pat Connaughton,1626192.0,Bucks,1,2023,False,,9.433,False,5.728393,5.728393,realized
4268,Pat Connaughton,1626192.0,Bucks,2,2024,False,,9.433,False,9.423869,9.423869,realized
4268,Pat Connaughton,1626192.0,Bucks,3,2025,False,,9.433,False,9.423869,9.423869,realized
4269,Serge Ibaka,201586.0,Bucks,1,2023,False,,2.9,False,,2.9,estimated_flat
4270,Jevon Carter,1628975.0,Bucks,1,2023,False,,2.1,False,2.1,2.1,realized
4270,Jevon Carter,1628975.0,Bucks,2,2024,True,player,2.1,False,6.190476,6.190476,realized
4287,Brook Lopez,201572.0,Bucks,1,2024,False,,24.0,False,25.0,25.0,realized
4287,Brook Lopez,201572.0,Bucks,2,2025,False,,24.0,False,23.0,23.0,realized
4288,Khris Middleton,203114.0,Bucks,1,2024,False,,31.0,False,29.320988,29.320988,realized
4288,Khris Middleton,203114.0,Bucks,2,2025,False,,31.0,False,31.0,31.0,realized
4288,Khris Middleton,203114.0,Bucks,3,2026,True,player,31.0,False,33.296296,33.296296,realized
4289,Malik Beasley,1627736.0,Bucks,1,2024,False,,2.7,False,2.019706,2.019706,realized
4290,Robin Lopez,201577.0,Bucks,1,2024,False,,3.2,False,,3.2,estimated_flat
4291,A.J. Green,1631260.0,Bucks,1,2024,False,,2.1,False,1.901769,1.901769,realized
4291,A.J. Green,1631260.0,Bucks,2,2025,False,,2.1,False,2.120693,2.120693,realized
4291,A.J. Green,1631260.0,Bucks,3,2026,False,,2.1,False,2.301587,2.301587,realized
4292,Andre Jackson Jr.,1641748.0,Bucks,1,2024,False,,1.9,False,1.119563,1.119563,realized
4292,Andre Jackson Jr.,1641748.0,Bucks,2,2025,False,,1.9,False,1.891857,1.891857,realized
4292,Andre Jackson Jr.,1641748.0,Bucks,3,2026,False,,1.9,False,2.221677,2.221677,realized
4292,Andre Jackson Jr.,1641748.0,Bucks,4,2027,False,,1.9,False,,1.9,estimated_flat
4293,Chris Livingston,1641753.0,Bucks,1,2024,False,,1.9,False,1.119563,1.119563,realized
4293,Chris Livingston,1641753.0,Bucks,2,2025,False,,1.9,False,1.891857,1.891857,realized
4293,Chris Livingston,1641753.0,Bucks,3,2026,False,,1.9,False,0.0,0.0,realized
4293,Chris Livingston,1641753.0,Bucks,4,2027,False,,1.9,False,,1.9,estimated_flat
4294,Jae Crowder,203109.0,Bucks,1,2024,False,,3.2,False,2.019706,2.019706,realized
4296,Thanasis Antetokounmpo,203648.0,Bucks,1,2024,False,,2.4,False,2.019706,2.019706,realized
4301,Cameron Payne,1626166.0,Bucks,1,2024,False,,2.9,False,2.019706,2.019706,realized
4306,Giannis Antetokounmpo,203507.0,Bucks,1,2024,False,,59.033,False,45.640084,45.640084,realized
4306,Giannis Antetokounmpo,203507.0,Bucks,2,2025,False,,59.033,False,48.787676,48.787676,realized
4306,Giannis Antetokounmpo,203507.0,Bucks,3,2026,False,,59.033,False,54.12645,54.12645,realized
4311,Tyler Smith,1641890.0,Bucks,1,2025,False,,1.975,False,1.157153,1.157153,realized
4311,Tyler Smith,1641890.0,Bucks,2,2026,False,,1.975,False,0.0,0.0,realized
4311,Tyler Smith,1641890.0,Bucks,3,2027,False,,1.975,False,,1.975,estimated_flat
4311,Tyler Smith,1641890.0,Bucks,4,2028,True,team,1.975,False,,1.975,estimated_flat
4312,A.J. Johnson,1642358.0,Bucks,1,2025,False,,3.7,False,2.795294,2.795294,realized
4312,A.J. Johnson,1642358.0,Bucks,2,2026,False,,3.7,False,3.09048,3.09048,realized
4312,A.J. Johnson,1642358.0,Bucks,3,2027,False,,3.7,False,,3.7,estimated_flat
4312,A.J. Johnson,1642358.0,Bucks,4,2028,False,,3.7,False,,3.7,estimated_flat
4313,Delon Wright,1626153.0,Bucks,1,2025,False,,3.3,False,2.087519,2.087519,realized
4315,Taurean Prince,1627752.0,Bucks,1,2025,False,,3.0,False,2.087519,2.087519,realized
4316,Gary Trent Jr.,1629018.0,Bucks,1,2025,False,,2.6,False,2.087519,2.087519,realized
4331,Bobby Portis,1626171.0,Bucks,1,2026,False,,14.667,False,13.445754,13.445754,realized
4331,Bobby Portis,1626171.0,Bucks,2,2027,False,,14.667,False,,14.667,estimated_flat
4331,Bobby Portis,1626171.0,Bucks,3,2028,False,,14.667,False,,14.667,estimated_flat
4332,Myles Turner,1626167.0,Bucks,1,2026,False,,26.75,False,25.318251,25.318251,realized
4332,Myles Turner,1626167.0,Bucks,2,2027,False,,26.75,False,,26.75,estimated_flat
4332,Myles Turner,1626167.0,Bucks,3,2028,False,,26.75,False,,26.75,estimated_flat
4332,Myles Turner,1626167.0,Bucks,4,2029,False,,26.75,False,,26.75,estimated_flat
4333,Gary Trent Jr.,1629018.0,Bucks,1,2026,False,,3.75,False,3.697105,3.697105,realized
4333,Gary Trent Jr.,1629018.0,Bucks,2,2027,False,,3.75,False,,3.75,estimated_flat
4334,Kevin Porter Jr.,1629645.0,Bucks,1,2026,False,,3.5,False,5.134,5.134,realized
4334,Kevin Porter Jr.,1629645.0,Bucks,2,2027,False,,3.5,False,,3.5,estimated_flat
4335,Ryan Rollins,1631157.0,Bucks,1,2026,False,,4.0,False,4.0,4.0,realized
4335,Ryan Rollins,1631157.0,Bucks,2,2027,False,,4.0,False,,4.0,estimated_flat
4335,Ryan Rollins,1631157.0,Bucks,3,2028,False,,4.0,False,,4.0,estimated_flat
4336,Taurean Prince,1627752.0,Bucks,1,2026,False,,3.55,False,3.303774,3.303774,realized
4336,Taurean Prince,1627752.0,Bucks,2,2027,False,,3.55,False,,3.55,estimated_flat
4337,Gary Harris,203914.0,Bucks,1,2026,False,,3.7,False,3.634153,3.634153,realized
4337,Gary Harris,203914.0,Bucks,2,2027,False,,3.7,False,,3.7,estimated_flat
4338,Jericho Sims,1630579.0,Bucks,1,2026,False,,2.65,False,2.461463,2.461463,realized
4338,Jericho Sims,1630579.0,Bucks,2,2027,False,,2.65,False,,2.65,estimated_flat
4339,Chris Livingston,1641753.0,Bucks,1,2026,False,,2.3,False,0.0,0.0,realized
4340,Cole Anthony,1630175.0,Bucks,1,2026,False,,2.7,False,2.296274,2.296274,realized
4342,Thanasis Antetokounmpo,203648.0,Bucks,1,2026,False,,2.9,False,2.296274,2.296274,realized
4348,A.J. Green,1631260.0,Bucks,1,2026,False,,11.25,False,2.301587,2.301587,realized
4348,A.J. Green,1631260.0,Bucks,2,2027,False,,11.25,False,,11.25,estimated_flat
4348,A.J. Green,1631260.0,Bucks,3,2028,False,,11.25,False,,11.25,estimated_flat
4348,A.J. Green,1631260.0,Bucks,4,2029,False,,11.25,False,,11.25,estimated_flat
4357,Pete Nance,1631250.0,Bucks,1,2027,False,,2.65,False,,2.65,estimated_flat
4357,Pete Nance,1631250.0,Bucks,2,2028,False,,2.65,False,,2.65,estimated_flat
4358,Ousmane Dieng,1631172.0,Bucks,1,2027,False,,5.833,False,,5.833,estimated_flat
4358,Ousmane Dieng,1631172.0,Bucks,2,2028,False,,5.833,False,,5.833,estimated_flat
4358,Ousmane Dieng,1631172.0,Bucks,3,2029,True,team,5.833,False,,5.833,estimated_flat
4359,Gary Trent Jr.,1629018.0,Bucks,1,2027,False,,16.0,False,,16.0,estimated_flat
4359,Gary Trent Jr.,1629018.0,Bucks,2,2028,False,,16.0,False,,16.0,estimated_flat
4359,Gary Trent Jr.,1629018.0,Bucks,3,2029,False,,16.0,False,,16.0,estimated_flat
4359,Gary Trent Jr.,1629018.0,Bucks,4,2030,False,,16.0,False,,16.0,estimated_flat
4361,Zach LaVine,203897.0,Timberwolves,1,2015,False,,2.1,False,2.05584,2.05584,realized
4361,Zach LaVine,203897.0,Timberwolves,2,2016,False,,2.1,False,2.14836,2.14836,realized
4363,Maurice Williams / Mo Williams,2590.0,Timberwolves,1,2015,False,,3.75,False,3.965074,3.965074,realized
4367,Ricky Rubio,201937.0,Timberwolves,1,2015,False,,14.0,False,4.660479,4.660479,realized
4367,Ricky Rubio,201937.0,Timberwolves,2,2016,False,,14.0,False,12.7,12.7,realized
4367,Ricky Rubio,201937.0,Timberwolves,3,2017,False,,14.0,False,13.575,13.575,realized
4367,Ricky Rubio,201937.0,Timberwolves,4,2018,False,,14.0,False,14.275,14.275,realized
4377,Karl-Anthony Towns,1626157.0,Timberwolves,1,2016,False,,5.85,False,5.7036,5.7036,realized
4377,Karl-Anthony Towns,1626157.0,Timberwolves,2,2017,False,,5.85,False,5.96016,5.96016,realized
4378,Kevin Garnett,708.0,Timberwolves,1,2016,False,,8.0,False,8.5,8.5,realized
4378,Kevin Garnett,708.0,Timberwolves,2,2017,False,,8.0,False,,8.0,estimated_flat
4379,Nemanja Bjelica,202357.0,Timberwolves,1,2016,False,,3.9,False,3.950001,3.950001,realized
4379,Nemanja Bjelica,202357.0,Timberwolves,2,2017,False,,3.9,False,3.8,3.8,realized
4379,Nemanja Bjelica,202357.0,Timberwolves,3,2018,False,,3.9,False,3.949999,3.949999,realized
4393,Brandon Rush,201575.0,Timberwolves,1,2017,False,,3.5,False,3.5,3.5,realized
4394,Kris Dunn,1627739.0,Timberwolves,1,2017,False,,3.6,False,3.87252,3.87252,realized
4394,Kris Dunn,1627739.0,Timberwolves,2,2018,False,,3.6,False,4.04676,4.04676,realized
4395,Cole Aldrich,202332.0,Timberwolves,1,2017,False,,7.333,False,7.643979,7.643979,realized
4395,Cole Aldrich,202332.0,Timberwolves,2,2018,False,,7.333,False,7.3,7.3,realized
4395,Cole Aldrich,202332.0,Timberwolves,3,2019,False,,7.333,False,,7.333,estimated_flat
4396,Jordan Hill,201941.0,Timberwolves,1,2017,False,,4.0,False,4.0,4.0,realized
4396,Jordan Hill,201941.0,Timberwolves,2,2018,False,,4.0,False,,4.0,estimated_flat
4400,Gorgui Dieng,203476.0,Timberwolves,1,2017,False,,16.0,False,2.348783,2.348783,realized
4400,Gorgui Dieng,203476.0,Timberwolves,2,2018,False,,16.0,False,14.11236,14.11236,realized
4400,Gorgui Dieng,203476.0,Timberwolves,3,2019,False,,16.0,False,15.170787,15.170787,realized
4400,Gorgui Dieng,203476.0,Timberwolves,4,2020,False,,16.0,False,16.229213,16.229213,realized
4406,Justin Patton,1628383.0,Timberwolves,1,2018,False,,2.45,False,2.24748,2.24748,realized
4406,Justin Patton,1628383.0,Timberwolves,2,2019,False,,2.45,False,,2.45,estimated_flat
4407,Jeff Teague,201952.0,Timberwolves,1,2018,False,,19.0,False,19.0,19.0,realized
4407,Jeff Teague,201952.0,Timberwolves,2,2019,False,,19.0,False,19.0,19.0,realized
4407,Jeff Teague,201952.0,Timberwolves,3,2020,False,,19.0,False,19.0,19.0,realized
4408,Taj Gibson,201959.0,Timberwolves,1,2018,False,,14.0,False,14.0,14.0,realized
4408,Taj Gibson,201959.0,Timberwolves,2,2019,False,,14.0,False,14.0,14.0,realized
4409,Jamal Crawford,2037.0,Timberwolves,1,2018,False,,4.45,False,4.328,4.328,realized
4409,Jamal Crawford,2037.0,Timberwolves,2,2019,False,,4.45,False,1.512601,1.512601,realized
4412,Shabazz Muhammad,203498.0,Timberwolves,1,2018,False,,1.7,False,0.324203,0.324203,realized
4412,Shabazz Muhammad,203498.0,Timberwolves,2,2019,False,,1.7,False,,1.7,estimated_flat
4416,Andrew Wiggins,203952.0,Timberwolves,1,2018,False,,29.6,False,7.574323,7.574323,realized
4416,Andrew Wiggins,203952.0,Timberwolves,2,2019,False,,29.6,False,25.46725,25.46725,realized
4416,Andrew Wiggins,203952.0,Timberwolves,3,2020,False,,29.6,False,27.50463,27.50463,realized
4416,Andrew Wiggins,203952.0,Timberwolves,4,2021,False,,29.6,False,29.54201,29.54201,realized
4416,Andrew Wiggins,203952.0,Timberwolves,5,2022,False,,29.6,False,31.57939,31.57939,realized
4422,Derrick Rose,201565.0,Timberwolves,1,2019,False,,2.4,False,1.512601,1.512601,realized
4423,Josh Okogie,1629006.0,Timberwolves,1,2019,False,,2.35,False,2.16072,2.16072,realized
4423,Josh Okogie,1629006.0,Timberwolves,2,2020,False,,2.35,False,2.53068,2.53068,realized
4423,Josh Okogie,1629006.0,Timberwolves,3,2021,False,,2.35,False,2.65104,2.65104,realized
4423,Josh Okogie,1629006.0,Timberwolves,4,2022,False,,2.35,False,4.087904,4.087904,realized
4425,Keita Bates-Diop,1628966.0,Timberwolves,1,2019,False,,1.15,False,0.838464,0.838464,realized
4425,Keita Bates-Diop,1628966.0,Timberwolves,2,2020,False,,1.15,False,1.416852,1.416852,realized
4426,Anthony Tolliver,201229.0,Timberwolves,1,2019,False,,5.75,False,5.75,5.75,realized
4428,James Nunnally,203263.0,Timberwolves,1,2019,False,,1.45,False,,1.45,estimated_flat
4428,James Nunnally,203263.0,Timberwolves,2,2020,False,,1.45,False,,1.45,estimated_flat
4429,Luol Deng,2736.0,Timberwolves,1,2019,False,,2.4,False,1.512601,1.512601,realized
4430,Karl-Anthony Towns,1626157.0,Timberwolves,1,2019,False,,31.6,False,7.839435,7.839435,realized
4430,Karl-Anthony Towns,1626157.0,Timberwolves,2,2020,False,,31.6,False,27.285,27.285,realized
4430,Karl-Anthony Towns,1626157.0,Timberwolves,3,2021,False,,31.6,False,29.4678,29.4678,realized
4430,Karl-Anthony Towns,1626157.0,Timberwolves,4,2022,False,,31.6,False,31.6506,31.6506,realized
4430,Karl-Anthony Towns,1626157.0,Timberwolves,5,2023,False,,31.6,False,33.8334,33.8334,realized
4444,Jarrett Culver,1629633.0,Timberwolves,1,2020,False,,5.95,False,5.81364,5.81364,realized
4444,Jarrett Culver,1629633.0,Timberwolves,2,2021,False,,5.95,False,6.10428,6.10428,realized
4445,Noah Vonleh,203943.0,Timberwolves,1,2020,False,,2.0,False,2.0,2.0,realized
4446,Jordan Bell,1628395.0,Timberwolves,1,2020,False,,1.6,False,0.25,0.25,realized
4447,Naz Reid,1629675.0,Timberwolves,1,2020,False,,1.525,False,0.89831,0.89831,realized
4447,Naz Reid,1629675.0,Timberwolves,2,2021,False,,1.525,False,1.517981,1.517981,realized
4447,Naz Reid,1629675.0,Timberwolves,3,2022,False,,1.525,False,1.782621,1.782621,realized
4447,Naz Reid,1629675.0,Timberwolves,4,2023,False,,1.525,False,1.930681,1.930681,realized
4455,Malik Beasley,1627736.0,Timberwolves,1,2021,False,,14.925,False,13.425895,13.425895,realized
4455,Malik Beasley,1627736.0,Timberwolves,2,2022,False,,14.925,False,14.491964,14.491964,realized
4455,Malik Beasley,1627736.0,Timberwolves,3,2023,False,,14.925,False,15.558035,15.558035,realized
4455,Malik Beasley,1627736.0,Timberwolves,4,2024,False,,14.925,False,2.019706,2.019706,realized
4456,Juancho Hernangomez / Juan Hernangomez,1627823.0,Timberwolves,1,2021,False,,7.0,False,6.493,6.493,realized
4456,Juancho Hernangomez / Juan Hernangomez,1627823.0,Timberwolves,2,2022,False,,7.0,False,6.80319,6.80319,realized
4456,Juancho Hernangomez / Juan Hernangomez,1627823.0,Timberwolves,3,2023,False,,7.0,False,,7.0,estimated_flat
4458,Anthony Edwards,1630162.0,Timberwolves,1,2021,False,,10.0,False,9.75744,9.75744,realized
4458,Anthony Edwards,1630162.0,Timberwolves,2,2022,False,,10.0,False,10.24548,10.24548,realized
4459,Jaden McDaniels,1630183.0,Timberwolves,1,2021,False,,2.0,False,1.96476,1.96476,realized
4459,Jaden McDaniels,1630183.0,Timberwolves,2,2022,False,,2.0,False,2.06328,2.06328,realized
4468,Jordan McLaughlin,1629162.0,Timberwolves,1,2022,False,,2.167,False,2.0,2.0,realized
4468,Jordan McLaughlin,1629162.0,Timberwolves,2,2023,False,,2.167,False,2.16,2.16,realized
4468,Jordan McLaughlin,1629162.0,Timberwolves,3,2024,False,,2.167,False,2.42,2.42,realized
4469,Jarred Vanderbilt,1629020.0,Timberwolves,1,2022,False,,4.367,False,4.05,4.05,realized
4469,Jarred Vanderbilt,1629020.0,Timberwolves,2,2023,False,,4.367,False,4.374,4.374,realized
4469,Jarred Vanderbilt,1629020.0,Timberwolves,3,2024,False,,4.367,False,4.64,4.64,realized
4479,Patrick Beverley,201976.0,Timberwolves,1,2022,False,,13.0,False,14.320987,14.320987,realized
4482,Taurean Prince,1627752.0,Timberwolves,1,2022,False,,7.3,False,13.334375,13.334375,realized
4482,Taurean Prince,1627752.0,Timberwolves,2,2023,False,,7.3,False,7.1,7.1,realized
4483,Karl-Anthony Towns,1626157.0,Timberwolves,1,2023,False,,56.0,False,33.8334,33.8334,realized
4483,Karl-Anthony Towns,1626157.0,Timberwolves,2,2024,False,,56.0,False,36.0162,36.0162,realized
4483,Karl-Anthony Towns,1626157.0,Timberwolves,3,2025,False,,56.0,False,49.2058,49.2058,realized
4483,Karl-Anthony Towns,1626157.0,Timberwolves,4,2026,False,,56.0,False,53.142264,53.142264,realized
4484,Kyle Anderson,203937.0,Timberwolves,1,2023,False,,9.0,False,8.780488,8.780488,realized
4484,Kyle Anderson,203937.0,Timberwolves,2,2024,False,,9.0,False,9.219512,9.219512,realized
4485,Wendell Moore Jr.,1631111.0,Timberwolves,1,2023,False,,2.95,False,2.30652,2.30652,realized
4485,Wendell Moore Jr.,1631111.0,Timberwolves,2,2024,False,,2.95,False,2.42172,2.42172,realized
4485,Wendell Moore Jr.,1631111.0,Timberwolves,3,2025,False,,2.95,False,2.53704,2.53704,realized
4485,Wendell Moore Jr.,1631111.0,Timberwolves,4,2026,False,,2.95,False,0.0,0.0,realized
4487,Austin Rivers,203085.0,Timberwolves,1,2023,False,,2.9,False,1.76697,1.76697,realized
4488,Josh Minott,1631169.0,Timberwolves,1,2023,False,,1.7,False,1.017781,1.017781,realized
4488,Josh Minott,1631169.0,Timberwolves,2,2024,False,,1.7,False,1.719864,1.719864,realized
4488,Josh Minott,1631169.0,Timberwolves,3,2025,False,,1.7,False,2.019699,2.019699,realized
4488,Josh Minott,1631169.0,Timberwolves,4,2026,True,team,1.7,False,2.37887,2.37887,realized
4489,Nathan Knight,1630233.0,Timberwolves,1,2023,False,,1.9,False,1.83609,1.83609,realized
4489,Nathan Knight,1630233.0,Timberwolves,2,2024,True,team,1.9,False,,1.9,estimated_flat
4492,C.J. Elleby,1629604.0,Timberwolves,1,2023,False,,1.8,False,,1.8,estimated_flat
4493,Luka Garza,1630568.0,Timberwolves,1,2023,False,,1.6,False,,1.6,estimated_flat
4501,Naz Reid,1629675.0,Timberwolves,1,2023,False,,14.0,False,1.930681,1.930681,realized
4501,Naz Reid,1629675.0,Timberwolves,2,2024,False,,14.0,False,12.9504,12.9504,realized
4501,Naz Reid,1629675.0,Timberwolves,3,2025,False,,14.0,False,13.986432,13.986432,realized
4504,Anthony Edwards,1630162.0,Timberwolves,1,2024,False,,41.18,False,13.534817,13.534817,realized
4504,Anthony Edwards,1630162.0,Timberwolves,2,2025,False,,41.18,False,42.1764,42.1764,realized
4504,Anthony Edwards,1630162.0,Timberwolves,3,2026,False,,41.18,False,45.550512,45.550512,realized
4504,Anthony Edwards,1630162.0,Timberwolves,4,2027,False,,41.18,False,,41.18,estimated_flat
4504,Anthony Edwards,1630162.0,Timberwolves,5,2028,False,,41.18,False,,41.18,estimated_flat
4505,Leonard Miller,1631159.0,Timberwolves,1,2024,False,,2.075,False,1.8,1.8,realized
4505,Leonard Miller,1631159.0,Timberwolves,2,2025,False,,2.075,False,1.891857,1.891857,realized
4505,Leonard Miller,1631159.0,Timberwolves,3,2026,False,,2.075,False,2.221677,2.221677,realized
4505,Leonard Miller,1631159.0,Timberwolves,4,2027,False,,2.075,False,,2.075,estimated_flat
4506,Shake Milton,1629003.0,Timberwolves,1,2024,False,,5.0,False,0.475908,0.475908,realized
4506,Shake Milton,1629003.0,Timberwolves,2,2025,False,,5.0,False,2.875,2.875,realized
4507,Troy Brown Jr.,1628972.0,Timberwolves,1,2024,False,,4.0,False,4.0,4.0,realized
4507,Troy Brown Jr.,1628972.0,Timberwolves,2,2025,False,,4.0,False,,4.0,estimated_flat
4508,Nickeil Alexander-Walker,1629638.0,Timberwolves,1,2024,False,,4.5,False,4.6875,4.6875,realized
4508,Nickeil Alexander-Walker,1629638.0,Timberwolves,2,2025,False,,4.5,False,4.3125,4.3125,realized
4522,Jaden McDaniels,1630183.0,Timberwolves,1,2024,False,,26.2,False,3.901399,3.901399,realized
4522,Jaden McDaniels,1630183.0,Timberwolves,2,2025,False,,26.2,False,22.586207,22.586207,realized
4522,Jaden McDaniels,1630183.0,Timberwolves,3,2026,False,,26.2,False,24.393103,24.393103,realized
4522,Jaden McDaniels,1630183.0,Timberwolves,4,2027,False,,26.2,False,,26.2,estimated_flat
4522,Jaden McDaniels,1630183.0,Timberwolves,5,2028,False,,26.2,False,,26.2,estimated_flat
4524,Mike Conley Jr.,201144.0,Timberwolves,1,2024,False,,10.5,False,24.36,24.36,realized
4524,Mike Conley Jr.,201144.0,Timberwolves,2,2025,False,,10.5,False,9.975962,9.975962,realized
4531,Luka Garza,1630568.0,Timberwolves,1,2025,False,,2.25,False,2.162606,2.162606,realized
4531,Luka Garza,1630568.0,Timberwolves,2,2026,True,team,2.25,False,2.461463,2.461463,realized
4532,Kyle Anderson,203937.0,Timberwolves,1,2025,False,,9.0,False,8.780488,8.780488,realized
4532,Kyle Anderson,203937.0,Timberwolves,2,2026,False,,9.0,False,9.219512,9.219512,realized
4532,Kyle Anderson,203937.0,Timberwolves,3,2027,False,,9.0,False,,9.0,estimated_flat
4533,Joe Ingles,204060.0,Timberwolves,1,2025,False,,3.3,False,2.087519,2.087519,realized
4534,Rob Dillingham,1642265.0,Timberwolves,1,2025,False,,7.125,False,6.26292,6.26292,realized
4534,Rob Dillingham,1642265.0,Timberwolves,2,2026,False,,7.125,False,6.57612,6.57612,realized
4534,Rob Dillingham,1642265.0,Timberwolves,3,2027,False,,7.125,False,,7.125,estimated_flat
4534,Rob Dillingham,1642265.0,Timberwolves,4,2028,False,,7.125,False,,7.125,estimated_flat
4535,Terrence Shannon Jr.,1630545.0,Timberwolves,1,2025,False,,3.275,False,2.54664,2.54664,realized
4535,Terrence Shannon Jr.,1630545.0,Timberwolves,2,2026,False,,3.275,False,2.67408,2.67408,realized
4535,Terrence Shannon Jr.,1630545.0,Timberwolves,3,2027,False,,3.275,False,,3.275,estimated_flat
4535,Terrence Shannon Jr.,1630545.0,Timberwolves,4,2028,False,,3.275,False,,3.275,estimated_flat
4538,P.J. Dozier,1628408.0,Timberwolves,1,2025,False,,2.6,False,2.087519,2.087519,realized
4544,Rudy Gobert,203497.0,Timberwolves,1,2025,False,,36.667,False,43.827586,43.827586,realized
4544,Rudy Gobert,203497.0,Timberwolves,2,2026,False,,36.667,False,35.0,35.0,realized
4544,Rudy Gobert,203497.0,Timberwolves,3,2027,False,,36.667,False,,36.667,estimated_flat
4545,Jaylen Clark,1641740.0,Timberwolves,1,2025,False,,1.35,False,0.492323,0.492323,realized
4545,Jaylen Clark,1641740.0,Timberwolves,2,2026,True,team,1.35,False,2.191897,2.191897,realized
4548,Joe Ingles,204060.0,Timberwolves,1,2026,False,,3.6,False,2.296274,2.296274,realized
4549,Nickeil Alexander-Walker,1629638.0,Timberwolves,1,2026,False,,15.5,False,15.1618,15.1618,realized
4549,Nickeil Alexander-Walker,1629638.0,Timberwolves,2,2027,False,,15.5,False,,15.5,estimated_flat
4549,Nickeil Alexander-Walker,1629638.0,Timberwolves,3,2028,False,,15.5,False,,15.5,estimated_flat
4549,Nickeil Alexander-Walker,1629638.0,Timberwolves,4,2029,False,,15.5,False,,15.5,estimated_flat
4550,Joan Beringer,1642866.0,Timberwolves,1,2026,False,,5.075,False,4.20108,4.20108,realized
4550,Joan Beringer,1642866.0,Timberwolves,2,2027,False,,5.075,False,,5.075,estimated_flat
4550,Joan Beringer,1642866.0,Timberwolves,3,2028,False,,5.075,False,,5.075,estimated_flat
4550,Joan Beringer,1642866.0,Timberwolves,4,2029,False,,5.075,False,,5.075,estimated_flat
4552,Naz Reid,1629675.0,Timberwolves,1,2026,False,,25.0,False,21.551724,21.551724,realized
4552,Naz Reid,1629675.0,Timberwolves,2,2027,False,,25.0,False,,25.0,estimated_flat
4552,Naz Reid,1629675.0,Timberwolves,3,2028,False,,25.0,False,,25.0,estimated_flat
4552,Naz Reid,1629675.0,Timberwolves,4,2029,False,,25.0,False,,25.0,estimated_flat
4552,Naz Reid,1629675.0,Timberwolves,5,2030,True,player,25.0,False,,25.0,estimated_flat
4553,Julius Randle,203944.0,Timberwolves,1,2026,False,,33.333,False,30.864198,30.864198,realized
4553,Julius Randle,203944.0,Timberwolves,2,2027,False,,33.333,False,,33.333,estimated_flat
4553,Julius Randle,203944.0,Timberwolves,3,2028,True,player,33.333,False,,33.333,estimated_flat
4556,Nah'Shon Hyland / Bones Hyland,1630538.0,Timberwolves,1,2026,False,,2.5,False,2.296274,2.296274,realized
4570,Nah'Shon Hyland / Bones Hyland,1630538.0,Timberwolves,1,2027,False,,2.8,False,,2.8,estimated_flat
4571,Ayo Dosunmu,1630245.0,Timberwolves,1,2027,False,,22.4,False,,22.4,estimated_flat
4571,Ayo Dosunmu,1630245.0,Timberwolves,2,2028,False,,22.4,False,,22.4,estimated_flat
4571,Ayo Dosunmu,1630245.0,Timberwolves,3,2029,False,,22.4,False,,22.4,estimated_flat
4571,Ayo Dosunmu,1630245.0,Timberwolves,4,2030,False,,22.4,False,,22.4,estimated_flat
4571,Ayo Dosunmu,1630245.0,Timberwolves,5,2031,True,player,22.4,False,,22.4,estimated_flat
4572,Jaylen Clark,1641740.0,Timberwolves,1,2027,False,,3.333,False,,3.333,estimated_flat
4572,Jaylen Clark,1641740.0,Timberwolves,2,2028,False,,3.333,False,,3.333,estimated_flat
4572,Jaylen Clark,1641740.0,Timberwolves,3,2029,False,,3.333,False,,3.333,estimated_flat
4573,Trey Lyles,1626168.0,Timberwolves,1,2027,False,,3.9,False,,3.9,estimated_flat
4582,John Salmons,2422.0,Pelicans,1,2015,False,,2.0,False,,2.0,estimated_flat
4597,Alexis Ajinca / Alex Ajinca,201582.0,Pelicans,1,2016,False,,5.05,False,4.389607,4.389607,realized
4597,Alexis Ajinca / Alex Ajinca,201582.0,Pelicans,2,2017,False,,5.05,False,4.713203,4.713203,realized
4597,Alexis Ajinca / Alex Ajinca,201582.0,Pelicans,3,2018,False,,5.05,False,,5.05,estimated_flat
4597,Alexis Ajinca / Alex Ajinca,201582.0,Pelicans,4,2019,False,,5.05,False,,5.05,estimated_flat
4598,Anthony Davis,203076.0,Pelicans,1,2016,False,,29.0,False,7.07073,7.07073,realized
4598,Anthony Davis,203076.0,Pelicans,2,2017,False,,29.0,False,22.11675,22.11675,realized
4598,Anthony Davis,203076.0,Pelicans,3,2018,False,,29.0,False,23.775506,23.775506,realized
4598,Anthony Davis,203076.0,Pelicans,4,2019,False,,29.0,False,25.434263,25.434263,realized
4598,Anthony Davis,203076.0,Pelicans,5,2020,False,,29.0,False,27.093019,27.093019,realized
4599,Dante Cunningham,201967.0,Pelicans,1,2016,False,,3.0,False,2.85,2.85,realized
4599,Dante Cunningham,201967.0,Pelicans,2,2017,False,,3.0,False,2.97825,2.97825,realized
4599,Dante Cunningham,201967.0,Pelicans,3,2018,False,,3.0,False,,3.0,estimated_flat
4600,Omer Asik,201600.0,Pelicans,1,2016,False,,11.6,False,9.213483,9.213483,realized
4600,Omer Asik,201600.0,Pelicans,2,2017,False,,11.6,False,9.904494,9.904494,realized
4600,Omer Asik,201600.0,Pelicans,3,2018,False,,11.6,False,,11.6,estimated_flat
4600,Omer Asik,201600.0,Pelicans,4,2019,False,,11.6,False,,11.6,estimated_flat
4600,Omer Asik,201600.0,Pelicans,5,2020,False,,11.6,False,,11.6,estimated_flat
4608,Norris Cole (Gene),202708.0,Pelicans,1,2016,False,,3.0,False,3.036927,3.036927,realized
4633,Troy Daniels,203584.0,Hornets,1,2017,False,,3.333,False,3.33294,3.33294,realized
4633,Troy Daniels,203584.0,Hornets,2,2018,False,,3.333,False,3.40852,3.40852,realized
4633,Troy Daniels,203584.0,Hornets,3,2019,False,,3.333,False,3.258549,3.258549,realized
4634,E'Twaun Moore,202734.0,Pelicans,1,2017,False,,8.5,False,8.081363,8.081363,realized
4634,E'Twaun Moore,202734.0,Pelicans,2,2018,False,,8.5,False,8.445024,8.445024,realized
4634,E'Twaun Moore,202734.0,Pelicans,3,2019,False,,8.5,False,8.808685,8.808685,realized
4634,E'Twaun Moore,202734.0,Pelicans,4,2020,False,,8.5,False,8.664928,8.664928,realized
4635,Langston Galloway,204038.0,Pelicans,1,2017,False,,5.0,False,5.2,5.2,realized
4635,Langston Galloway,204038.0,Pelicans,2,2018,False,,5.0,False,6.666667,6.666667,realized
4636,Solomon Hill,203524.0,Pelicans,1,2017,False,,13.0,False,11.241218,11.241218,realized
4636,Solomon Hill,203524.0,Pelicans,2,2018,False,,13.0,False,12.236535,12.236535,realized
4636,Solomon Hill,203524.0,Pelicans,3,2019,False,,13.0,False,12.252928,12.252928,realized
4636,Solomon Hill,203524.0,Pelicans,4,2020,False,,13.0,False,12.758781,12.758781,realized
4638,Buddy Hield,1627741.0,Pelicans,1,2017,False,,3.95,False,3.5172,3.5172,realized
4638,Buddy Hield,1627741.0,Pelicans,2,2018,False,,3.95,False,3.67548,3.67548,realized
4641,Tim Frazier,204025.0,Pelicans,1,2017,False,,2.05,False,2.09,2.09,realized
4641,Tim Frazier,204025.0,Pelicans,2,2018,False,,2.05,False,2.0,2.0,realized
4645,Lance Stephenson,202362.0,Pelicans,1,2017,False,,1.22,False,4.0,4.0,realized
4660,Jordan Crawford,202348.0,Pelicans,1,2017,False,,0.95,False,,0.95,estimated_flat
4660,Jordan Crawford,202348.0,Pelicans,2,2018,False,,0.95,False,0.05819,0.05819,realized
4663,Quinn Cook,1626188.0,Pelicans,1,2017,False,,0.65,False,,0.65,estimated_flat
4663,Quinn Cook,1626188.0,Pelicans,2,2018,False,,0.65,False,0.014832,0.014832,realized
4665,Jrue Holiday,201950.0,Pelicans,1,2018,False,,25.2,False,25.686667,25.686667,realized
4665,Jrue Holiday,201950.0,Pelicans,2,2019,False,,25.2,False,25.976111,25.976111,realized
4665,Jrue Holiday,201950.0,Pelicans,3,2020,False,,25.2,False,26.231111,26.231111,realized
4665,Jrue Holiday,201950.0,Pelicans,4,2021,False,,25.2,False,27.026111,27.026111,realized
4665,Jrue Holiday,201950.0,Pelicans,5,2022,False,,25.2,False,31.171333,31.171333,realized
4666,Frank Jackson,1628402.0,Pelicans,1,2018,False,,1.267,False,,1.267,estimated_flat
4666,Frank Jackson,1628402.0,Pelicans,2,2019,False,,1.267,False,1.378242,1.378242,realized
4666,Frank Jackson,1628402.0,Pelicans,3,2020,False,,1.267,False,1.61852,1.61852,realized
4667,Rajon Rondo,200765.0,Pelicans,1,2018,False,,3.3,False,3.3,3.3,realized
4669,Darius Miller,203121.0,Pelicans,1,2018,False,,1.5,False,2.1,2.1,realized
4672,Ian Clark,203546.0,Pelicans,1,2018,False,,1.6,False,1.471382,1.471382,realized
4675,Tony Allen,2754.0,Pelicans,1,2018,False,,2.3,False,,2.3,estimated_flat
4677,Dante Cunningham,201967.0,Pelicans,1,2018,False,,2.3,False,,2.3,estimated_flat
4679,Jameer Nelson (Sr.),2749.0,Pelicans,1,2018,False,,3.2,False,1.429818,1.429818,realized
4680,Josh Smith,2746.0,Pelicans,1,2018,False,,2.2,False,,2.2,estimated_flat
4685,DeAndre Liggins,202732.0,Pelicans,1,2018,False,,1.2,False,,1.2,estimated_flat
4685,DeAndre Liggins,202732.0,Pelicans,2,2019,False,,1.2,False,,1.2,estimated_flat
4688,Emeka Okafor,2731.0,Pelicans,1,2018,False,,1.5,False,,1.5,estimated_flat
4688,Emeka Okafor,2731.0,Pelicans,2,2019,False,,1.5,False,,1.5,estimated_flat
4695,Elfrid Payton,203901.0,Pelicans,1,2019,False,,2.7,False,3.0,3.0,realized
4697,Julius Randle,203944.0,Pelicans,1,2019,False,,8.85,False,8.641,8.641,realized
4697,Julius Randle,203944.0,Pelicans,2,2020,False,,8.85,False,18.0,18.0,realized
4701,Troy Williams,1627786.0,Pelicans,1,2019,False,,1.5,False,,1.5,estimated_flat
4702,Jahlil Okafor,1626143.0,Pelicans,1,2019,False,,1.6,False,1.567007,1.567007,realized
4702,Jahlil Okafor,1626143.0,Pelicans,2,2020,False,,1.6,False,1.702486,1.702486,realized
4703,Darius Morris,202721.0,Pelicans,1,2019,False,,1.75,False,,1.75,estimated_flat
4703,Darius Morris,202721.0,Pelicans,2,2020,False,,1.75,False,,1.75,estimated_flat
4704,Jarrett Jack,101127.0,Pelicans,1,2019,False,,2.4,False,,2.4,estimated_flat
4707,Dairis Bertans,1629541.0,Pelicans,1,2019,False,,0.8,False,0.19422,0.19422,realized
4707,Dairis Bertans,1629541.0,Pelicans,2,2020,False,,0.8,False,,0.8,estimated_flat
4708,Zion Williamson,1629627.0,Pelicans,1,2020,False,,10.0,False,9.75744,9.75744,realized
4708,Zion Williamson,1629627.0,Pelicans,2,2021,False,,10.0,False,10.24548,10.24548,realized
4709,Jaxson Hayes,1629637.0,Pelicans,1,2020,False,,5.0,False,4.86204,4.86204,realized
4709,Jaxson Hayes,1629637.0,Pelicans,2,2021,False,,5.0,False,5.10516,5.10516,realized
4710,Nickeil Alexander-Walker,1629638.0,Pelicans,1,2020,False,,3.05,False,2.96484,2.96484,realized
4710,Nickeil Alexander-Walker,1629638.0,Pelicans,2,2021,False,,3.05,False,3.11316,3.11316,realized
4711,J.J. Redick,200755.0,Pelicans,1,2020,False,,13.25,False,13.4863,13.4863,realized
4711,J.J. Redick,200755.0,Pelicans,2,2021,False,,13.25,False,,13.25,estimated_flat
4713,Darius Miller,203121.0,Pelicans,1,2020,False,,7.125,False,,7.125,estimated_flat
4713,Darius Miller,203121.0,Pelicans,2,2021,False,,7.125,False,,7.125,estimated_flat
4716,Nicolo Melli,1629740.0,Pelicans,1,2020,False,,4.0,False,4.102564,4.102564,realized
4716,Nicolo Melli,1629740.0,Pelicans,2,2021,False,,4.0,False,3.897436,3.897436,realized
4725,Joshia Gray / Josh Gray,1627982.0,Pelicans,1,2021,False,,1.767,False,,1.767,estimated_flat
4725,Joshia Gray / Josh Gray,1627982.0,Pelicans,2,2022,False,,1.767,False,,1.767,estimated_flat
4725,Joshia Gray / Josh Gray,1627982.0,Pelicans,3,2023,False,,1.767,False,,1.767,estimated_flat
4726,Kenrich Williams,1629026.0,Pelicans,1,2021,False,,2.0,False,2.0,2.0,realized
4726,Kenrich Williams,1629026.0,Pelicans,2,2022,False,,2.0,False,2.0,2.0,realized
4726,Kenrich Williams,1629026.0,Pelicans,3,2023,False,,2.0,False,2.0,2.0,realized
4727,Zylan Cheatham,1629597.0,Pelicans,1,2021,False,,1.667,False,,1.667,estimated_flat
4727,Zylan Cheatham,1629597.0,Pelicans,2,2022,False,,1.667,False,,1.667,estimated_flat
4727,Zylan Cheatham,1629597.0,Pelicans,3,2023,False,,1.667,False,,1.667,estimated_flat
4728,Guillermo Hernangomez / Willy Hernangomez,1626195.0,Pelicans,1,2021,False,,1.7,False,1.620564,1.620564,realized
4729,Brandon Ingram,1627742.0,Pelicans,1,2021,False,,31.65,False,27.285,27.285,realized
4729,Brandon Ingram,1627742.0,Pelicans,2,2022,False,,31.65,False,29.4678,29.4678,realized
4729,Brandon Ingram,1627742.0,Pelicans,3,2023,False,,31.65,False,31.6506,31.6506,realized
4729,Brandon Ingram,1627742.0,Pelicans,4,2024,False,,31.65,False,33.8334,33.8334,realized
4729,Brandon Ingram,1627742.0,Pelicans,5,2025,False,,31.65,False,36.0162,36.0162,realized
4731,Kira Lewis Jr.,1630184.0,Pelicans,1,2021,False,,3.75,False,3.6402,3.6402,realized
4731,Kira Lewis Jr.,1630184.0,Pelicans,2,2022,False,,3.75,False,3.82224,3.82224,realized
4732,Sindarius Thornwell,1628414.0,Pelicans,1,2021,False,,1.7,False,,1.7,estimated_flat
4733,Wenyen Gabriel,1629117.0,Pelicans,1,2021,False,,1.6,False,1.620564,1.620564,realized
4733,Wenyen Gabriel,1629117.0,Pelicans,2,2022,False,,1.6,False,0.028779,0.028779,realized
4746,Naji Marshall,1630230.0,Pelicans,1,2021,False,,1.133,False,0.12,0.12,realized
4746,Naji Marshall,1630230.0,Pelicans,2,2022,False,,1.133,False,1.517981,1.517981,realized
4746,Naji Marshall,1630230.0,Pelicans,3,2023,False,,1.133,False,1.782621,1.782621,realized
4747,Lonzo Ball,1628366.0,Pelicans,1,2022,False,,20.0,False,18.604651,18.604651,realized
4747,Lonzo Ball,1628366.0,Pelicans,2,2023,False,,20.0,False,,20.0,estimated_flat
4747,Lonzo Ball,1628366.0,Pelicans,3,2024,False,,20.0,False,,20.0,estimated_flat
4747,Lonzo Ball,1628366.0,Pelicans,4,2025,False,,20.0,False,21.395348,21.395348,realized
4748,Trey Murphy III,1630530.0,Pelicans,1,2022,False,,3.7,False,3.05376,3.05376,realized
4748,Trey Murphy III,1630530.0,Pelicans,2,2023,False,,3.7,False,3.20652,3.20652,realized
4748,Trey Murphy III,1630530.0,Pelicans,3,2024,False,,3.7,False,3.35928,3.35928,realized
4748,Trey Murphy III,1630530.0,Pelicans,4,2025,False,,3.7,False,5.159855,5.159855,realized
4749,Marcos Louzada Silva / Didi Louzada Silva / Didi Louzada,1629712.0,Pelicans,1,2022,False,,1.925,False,1.786878,1.786878,realized
4749,Marcos Louzada Silva / Didi Louzada Silva / Didi Louzada,1629712.0,Pelicans,2,2023,False,,1.925,False,,1.925,estimated_flat
4749,Marcos Louzada Silva / Didi Louzada Silva / Didi Louzada,1629712.0,Pelicans,3,2024,False,,1.925,False,,1.925,estimated_flat
4749,Marcos Louzada Silva / Didi Louzada Silva / Didi Louzada,1629712.0,Pelicans,4,2025,False,,1.925,False,,1.925,estimated_flat
4750,Guillermo Hernangomez / Willy Hernangomez,1626195.0,Pelicans,1,2022,False,,2.433,False,2.32722,2.32722,realized
4750,Guillermo Hernangomez / Willy Hernangomez,1626195.0,Pelicans,2,2023,False,,2.433,False,2.443581,2.443581,realized
4750,Guillermo Hernangomez / Willy Hernangomez,1626195.0,Pelicans,3,2024,False,,2.433,False,,2.433,estimated_flat
4751,Herbert Jones / Herb Jones (Keyshawn),1630529.0,Pelicans,1,2022,False,,1.767,False,1.7,1.7,realized
4751,Herbert Jones / Herb Jones (Keyshawn),1630529.0,Pelicans,2,2023,False,,1.767,False,1.785,1.785,realized
4751,Herbert Jones / Herb Jones (Keyshawn),1630529.0,Pelicans,3,2024,False,,1.767,False,12.01515,12.01515,realized
4754,Josh Hart,1628404.0,Pelicans,1,2022,False,,12.633,False,12.0,12.0,realized
4754,Josh Hart,1628404.0,Pelicans,2,2023,False,,12.633,False,12.96,12.96,realized
4754,Josh Hart,1628404.0,Pelicans,3,2024,False,,12.633,False,12.96,12.96,realized
4761,Jonas Valanciunas,202685.0,Pelicans,1,2022,False,,15.05,False,14.0,14.0,realized
4761,Jonas Valanciunas,202685.0,Pelicans,2,2023,False,,15.05,False,14.7,14.7,realized
4777,Jose Alvarado,1630631.0,Pelicans,1,2022,False,,1.625,False,1.5,1.5,realized
4777,Jose Alvarado,1630631.0,Pelicans,2,2023,False,,1.625,False,1.563518,1.563518,realized
4777,Jose Alvarado,1630631.0,Pelicans,3,2024,False,,1.625,False,1.836096,1.836096,realized
4777,Jose Alvarado,1630631.0,Pelicans,4,2025,False,,1.625,False,1.988598,1.988598,realized
4778,Zion Williamson,1629627.0,Pelicans,1,2023,False,,38.6,False,13.534817,13.534817,realized
4778,Zion Williamson,1629627.0,Pelicans,2,2024,False,,38.6,False,34.00525,34.00525,realized
4778,Zion Williamson,1629627.0,Pelicans,3,2025,False,,38.6,False,36.72567,36.72567,realized
4778,Zion Williamson,1629627.0,Pelicans,4,2026,False,,38.6,False,39.44609,39.44609,realized
4778,Zion Williamson,1629627.0,Pelicans,5,2027,False,,38.6,False,,38.6,estimated_flat
4779,Dyson Daniels,1630700.0,Pelicans,1,2023,False,,6.275,False,5.5086,5.5086,realized
4779,Dyson Daniels,1630700.0,Pelicans,2,2024,False,,6.275,False,5.78412,5.78412,realized
4779,Dyson Daniels,1630700.0,Pelicans,3,2025,False,,6.275,False,6.05952,6.05952,realized
4779,Dyson Daniels,1630700.0,Pelicans,4,2026,False,,6.275,False,7.707709,7.707709,realized
4787,C.J. McCollum,203468.0,Pelicans,1,2023,False,,32.0,False,33.333333,33.333333,realized
4787,C.J. McCollum,203468.0,Pelicans,2,2024,False,,32.0,False,35.802469,35.802469,realized
4788,Larry Nance Jr.,1626204.0,Pelicans,1,2023,False,,10.8,False,9.672727,9.672727,realized
4788,Larry Nance Jr.,1626204.0,Pelicans,2,2024,False,,10.8,False,10.375,10.375,realized
4798,Jordan Hawkins,1641722.0,Pelicans,1,2024,False,,5.15,False,4.31016,4.31016,realized
4798,Jordan Hawkins,1641722.0,Pelicans,2,2025,False,,5.15,False,4.52568,4.52568,realized
4798,Jordan Hawkins,1641722.0,Pelicans,3,2026,False,,5.15,False,4.74132,4.74132,realized
4798,Jordan Hawkins,1641722.0,Pelicans,4,2027,False,,5.15,False,,5.15,estimated_flat
4799,Cody Zeller,203469.0,Pelicans,1,2024,False,,3.2,False,2.019706,2.019706,realized
4800,E.J. Liddell,1630604.0,Pelicans,1,2024,False,,2.067,False,1.801769,1.801769,realized
4800,E.J. Liddell,1630604.0,Pelicans,2,2025,False,,2.067,False,0.0,0.0,realized
4800,E.J. Liddell,1630604.0,Pelicans,3,2026,False,,2.067,False,0.0,0.0,realized
4801,Herbert Jones / Herb Jones (Keyshawn),1630529.0,Pelicans,1,2024,False,,13.45,False,12.01515,12.01515,realized
4801,Herbert Jones / Herb Jones (Keyshawn),1630529.0,Pelicans,2,2025,False,,13.45,False,12.976362,12.976362,realized
4801,Herbert Jones / Herb Jones (Keyshawn),1630529.0,Pelicans,3,2026,False,,13.45,False,13.937574,13.937574,realized
4801,Herbert Jones / Herb Jones (Keyshawn),1630529.0,Pelicans,4,2027,False,,13.45,False,,13.45,estimated_flat
4818,Cody Zeller,203469.0,Pelicans,1,2025,False,,3.667,False,,3.667,estimated_flat
4818,Cody Zeller,203469.0,Pelicans,2,2026,False,,3.667,False,,3.667,estimated_flat
4818,Cody Zeller,203469.0,Pelicans,3,2027,False,,3.667,False,,3.667,estimated_flat
4819,Jonas Valanciunas,202685.0,Pelicans,1,2025,False,,10.0,False,9.9,9.9,realized
4819,Jonas Valanciunas,202685.0,Pelicans,2,2026,False,,10.0,False,10.395,10.395,realized
4819,Jonas Valanciunas,202685.0,Pelicans,3,2027,False,,10.0,False,,10.0,estimated_flat
4820,Yves Missi,1642274.0,Pelicans,1,2025,False,,3.9,False,3.1932,3.1932,realized
4820,Yves Missi,1642274.0,Pelicans,2,2026,False,,3.9,False,3.35304,3.35304,realized
4820,Yves Missi,1642274.0,Pelicans,3,2027,False,,3.9,False,,3.9,estimated_flat
4820,Yves Missi,1642274.0,Pelicans,4,2028,False,,3.9,False,,3.9,estimated_flat
4821,Daniel Theis,1628464.0,Pelicans,1,2025,False,,2.8,False,2.087519,2.087519,realized
4823,Karlo Matkovic,1631255.0,Pelicans,1,2025,False,,1.8,False,1.407153,1.407153,realized
4823,Karlo Matkovic,1631255.0,Pelicans,2,2026,False,,1.8,False,1.955377,1.955377,realized
4823,Karlo Matkovic,1631255.0,Pelicans,3,2027,False,,1.8,False,,1.8,estimated_flat
4824,Javonte Green,1629750.0,Pelicans,1,2025,False,,2.4,False,0.599862,0.599862,realized
4833,Jose Alvarado,1630631.0,Pelicans,1,2025,False,,4.5,False,1.988598,1.988598,realized
4833,Jose Alvarado,1630631.0,Pelicans,2,2026,False,,4.5,False,4.5,4.5,realized
4838,Trey Murphy III,1630530.0,Pelicans,1,2025,False,,28.0,False,5.159855,5.159855,realized
4838,Trey Murphy III,1630530.0,Pelicans,2,2026,False,,28.0,False,25.0,25.0,realized
4838,Trey Murphy III,1630530.0,Pelicans,3,2027,False,,28.0,False,,28.0,estimated_flat
4838,Trey Murphy III,1630530.0,Pelicans,4,2028,False,,28.0,False,,28.0,estimated_flat
4840,Elfrid Payton,203901.0,Pelicans,1,2025,False,,2.5,False,1.739599,1.739599,realized
4853,Derik Queen,1642852.0,Pelicans,1,2026,False,,6.1,False,5.15796,5.15796,realized
4853,Derik Queen,1642852.0,Pelicans,2,2027,False,,6.1,False,,6.1,estimated_flat
4853,Derik Queen,1642852.0,Pelicans,3,2028,False,,6.1,False,,6.1,estimated_flat
4853,Derik Queen,1642852.0,Pelicans,4,2029,False,,6.1,False,,6.1,estimated_flat
4854,Jeremiah Fears,1642847.0,Pelicans,1,2026,False,,8.55,False,7.52004,7.52004,realized
4854,Jeremiah Fears,1642847.0,Pelicans,2,2027,False,,8.55,False,,8.55,estimated_flat
4854,Jeremiah Fears,1642847.0,Pelicans,3,2028,False,,8.55,False,,8.55,estimated_flat
4854,Jeremiah Fears,1642847.0,Pelicans,4,2029,False,,8.55,False,,8.55,estimated_flat
4856,Kevon Looney,1626172.0,Pelicans,1,2026,False,,4.5,False,8.0,8.0,realized
4856,Kevon Looney,1626172.0,Pelicans,2,2027,False,,4.5,False,,4.5,estimated_flat
4857,Herbert Jones / Herb Jones (Keyshawn),1630529.0,Pelicans,1,2026,False,,22.533,False,13.937574,13.937574,realized
4857,Herbert Jones / Herb Jones (Keyshawn),1630529.0,Pelicans,2,2027,False,,22.533,False,,22.533,estimated_flat
4857,Herbert Jones / Herb Jones (Keyshawn),1630529.0,Pelicans,3,2028,False,,22.533,False,,22.533,estimated_flat
4869,DeAndre Jordan,201599.0,Pelicans,1,2026,False,,3.6,False,2.26988,2.26988,realized
4870,Bryce McGowens,1631121.0,Pelicans,1,2026,False,,2.067,False,0.0,0.0,realized
4870,Bryce McGowens,1631121.0,Pelicans,2,2027,False,,2.067,False,,2.067,estimated_flat
4870,Bryce McGowens,1631121.0,Pelicans,3,2028,False,,2.067,False,,2.067,estimated_flat
4874,DeAndre Jordan,201599.0,Pelicans,1,2027,False,,4.0,False,,4.0,estimated_flat
4874,DeAndre Jordan,201599.0,Pelicans,2,2028,False,,4.0,False,,4.0,estimated_flat
4885,Derek Fisher,965.0,Knicks,1,2014,False,,5.0,False,0.884293,0.884293,realized
4885,Derek Fisher,965.0,Knicks,2,2015,False,,5.0,False,,5.0,estimated_flat
4885,Derek Fisher,965.0,Knicks,3,2016,False,,5.0,False,,5.0,estimated_flat
4885,Derek Fisher,965.0,Knicks,4,2017,False,,5.0,False,,5.0,estimated_flat
4885,Derek Fisher,965.0,Knicks,5,2018,False,,5.0,False,,5.0,estimated_flat
4887,Carmelo Anthony,2546.0,Knicks,1,2015,False,,24.8,False,22.458401,22.458401,realized
4887,Carmelo Anthony,2546.0,Knicks,2,2016,False,,24.8,False,22.875,22.875,realized
4887,Carmelo Anthony,2546.0,Knicks,3,2017,False,,24.8,False,24.55938,24.55938,realized
4887,Carmelo Anthony,2546.0,Knicks,4,2018,False,,24.8,False,26.24376,26.24376,realized
4887,Carmelo Anthony,2546.0,Knicks,5,2019,False,,24.8,False,,24.8,estimated_flat
4888,Jason Smith,201160.0,Knicks,1,2015,False,,3.3,False,3.278,3.278,realized
4907,Arron Afflalo,201167.0,Knicks,1,2016,False,,8.0,False,8.0,8.0,realized
4907,Arron Afflalo,201167.0,Knicks,2,2017,False,,8.0,False,12.5,12.5,realized
4908,Derrick Williams,202682.0,Knicks,1,2016,False,,5.0,False,,5.0,estimated_flat
4908,Derrick Williams,202682.0,Knicks,2,2017,False,,5.0,False,,5.0,estimated_flat
4910,Robin Lopez,201577.0,Knicks,1,2016,False,,20.0,False,12.65,12.65,realized
4910,Robin Lopez,201577.0,Knicks,2,2017,False,,20.0,False,13.21925,13.21925,realized
4910,Robin Lopez,201577.0,Knicks,3,2018,False,,20.0,False,13.7885,13.7885,realized
4912,Louis Amundson / Lou Amundson,200811.0,Knicks,1,2016,False,,1.65,False,1.635476,1.635476,realized
4913,Jerian Grant,1626170.0,Knicks,1,2016,False,,1.6,False,1.57236,1.57236,realized
4913,Jerian Grant,1626170.0,Knicks,2,2017,False,,1.6,False,1.64304,1.64304,realized
4914,Kristaps Porzingis,204001.0,Knicks,1,2016,False,,4.2,False,4.13172,4.13172,realized
4914,Kristaps Porzingis,204001.0,Knicks,2,2017,False,,4.2,False,4.31772,4.31772,realized
4915,Kevin Seraphin,202338.0,Knicks,1,2016,False,,2.8,False,2.814,2.814,realized
4930,Brandon Jennings,201943.0,Knicks,1,2017,False,,5.0,False,1.2,1.2,realized
4931,Courtney Lee,201584.0,Knicks,1,2017,False,,12.0,False,11.242,11.242,realized
4931,Courtney Lee,201584.0,Knicks,2,2018,False,,12.0,False,11.74789,11.74789,realized
4931,Courtney Lee,201584.0,Knicks,3,2019,False,,12.0,False,,12.0,estimated_flat
4931,Courtney Lee,201584.0,Knicks,4,2020,False,,12.0,False,12.75967,12.75967,realized
4932,Joakim Noah,201149.0,Knicks,1,2017,False,,18.0,False,17.0,17.0,realized
4932,Joakim Noah,201149.0,Knicks,2,2018,False,,18.0,False,17.765,17.765,realized
4932,Joakim Noah,201149.0,Knicks,3,2019,False,,18.0,False,1.093858,1.093858,realized
4932,Joakim Noah,201149.0,Knicks,4,2020,False,,18.0,False,,18.0,estimated_flat
4933,Lance Thomas,202498.0,Knicks,1,2017,False,,6.25,False,6.191,6.191,realized
4933,Lance Thomas,202498.0,Knicks,2,2018,False,,6.25,False,6.655325,6.655325,realized
4933,Lance Thomas,202498.0,Knicks,3,2019,False,,6.25,False,7.11965,7.11965,realized
4933,Lance Thomas,202498.0,Knicks,4,2020,False,,6.25,False,,6.25,estimated_flat
4944,Chasson Randle,1626184.0,Knicks,1,2017,False,,0.75,False,,0.75,estimated_flat
4944,Chasson Randle,1626184.0,Knicks,2,2018,False,,0.75,False,,0.75,estimated_flat
4949,Frank Ntilikina,1628373.0,Knicks,1,2018,False,,3.85,False,3.50112,3.50112,realized
4949,Frank Ntilikina,1628373.0,Knicks,2,2019,False,,3.85,False,4.15572,4.15572,realized
4950,Tim Hardaway Jr.,203501.0,Knicks,1,2018,False,,17.75,False,16.5,16.5,realized
4950,Tim Hardaway Jr.,203501.0,Knicks,2,2019,False,,17.75,False,19.200127,19.200127,realized
4950,Tim Hardaway Jr.,203501.0,Knicks,3,2020,False,,17.75,False,20.025127,20.025127,realized
4950,Tim Hardaway Jr.,203501.0,Knicks,4,2021,False,,17.75,False,18.975,18.975,realized
4953,Ron Baker,1627758.0,Knicks,1,2018,False,,4.45,False,4.328,4.328,realized
4953,Ron Baker,1627758.0,Knicks,2,2019,False,,4.45,False,,4.45,estimated_flat
4955,Ramon Sessions,201196.0,Knicks,1,2018,False,,2.3,False,,2.3,estimated_flat
4956,Jamel Artis,1628503.0,Knicks,1,2018,False,,0.816,False,,0.816,estimated_flat
4957,Nigel Hayes-Davis,1628502.0,Knicks,1,2018,False,,0.816,False,0.055296,0.055296,realized
4965,Troy Williams,1627786.0,Knicks,1,2018,False,,0.9,False,,0.9,estimated_flat
4965,Troy Williams,1627786.0,Knicks,2,2019,False,,0.9,False,,0.9,estimated_flat
4969,Kevin Knox II,1628995.0,Knicks,1,2019,False,,4.05,False,3.73992,3.73992,realized
4969,Kevin Knox II,1628995.0,Knicks,2,2020,False,,4.05,False,4.38012,4.38012,realized
4969,Kevin Knox II,1628995.0,Knicks,3,2021,False,,4.05,False,4.58868,4.58868,realized
4969,Kevin Knox II,1628995.0,Knicks,4,2022,False,,4.05,False,5.845978,5.845978,realized
4970,Luke Kornet,1628436.0,Knicks,1,2019,False,,1.6,False,1.61926,1.61926,realized
4971,Mario Hezonja,1626209.0,Knicks,1,2019,False,,6.5,False,6.5,6.5,realized
4972,Mitchell Robinson,1629011.0,Knicks,1,2019,False,,1.6,False,1.48544,1.48544,realized
4972,Mitchell Robinson,1629011.0,Knicks,2,2020,False,,1.6,False,1.559712,1.559712,realized
4972,Mitchell Robinson,1629011.0,Knicks,3,2021,False,,1.6,False,1.663861,1.663861,realized
4973,Noah Vonleh,203943.0,Knicks,1,2019,False,,1.6,False,1.512601,1.512601,realized
4983,Allonzo Trier,1629019.0,Knicks,1,2019,False,,3.4,False,3.382,3.382,realized
4989,Henry Ellenson,1627740.0,Knicks,1,2019,False,,1.0,False,,1.0,estimated_flat
4989,Henry Ellenson,1627740.0,Knicks,2,2020,False,,1.0,False,,1.0,estimated_flat
4991,R.J. Barrett,1629628.0,Knicks,1,2020,False,,8.05,False,7.83996,7.83996,realized
4991,R.J. Barrett,1629628.0,Knicks,2,2021,False,,8.05,False,8.23176,8.23176,realized
4992,Ignas Brazdeikis / Iggy Brazdeikis,1629649.0,Knicks,1,2020,False,,1.2,False,0.89831,0.89831,realized
4992,Ignas Brazdeikis / Iggy Brazdeikis,1629649.0,Knicks,2,2021,False,,1.2,False,,1.2,estimated_flat
4993,Bobby Portis,1626171.0,Knicks,1,2020,False,,15.0,False,15.0,15.0,realized
4993,Bobby Portis,1626171.0,Knicks,2,2021,True,team,15.0,False,3.623,3.623,realized
4994,Elfrid Payton,203901.0,Knicks,1,2020,False,,8.0,False,8.0,8.0,realized
4994,Elfrid Payton,203901.0,Knicks,2,2021,False,,8.0,False,4.767,4.767,realized
4995,Julius Randle,203944.0,Knicks,1,2020,False,,20.7,False,18.0,18.0,realized
4995,Julius Randle,203944.0,Knicks,2,2021,False,,20.7,False,20.79,20.79,realized
4995,Julius Randle,203944.0,Knicks,3,2022,False,,20.7,False,19.8,19.8,realized
4996,Taj Gibson,201959.0,Knicks,1,2020,False,,10.0,False,9.0,9.0,realized
4996,Taj Gibson,201959.0,Knicks,2,2021,False,,10.0,False,1.442968,1.442968,realized
4997,Wayne Ellington,201961.0,Knicks,1,2020,False,,8.0,False,8.0,8.0,realized
4997,Wayne Ellington,201961.0,Knicks,2,2021,False,,8.0,False,1.620564,1.620564,realized
4998,Marcus Morris,202694.0,Knicks,1,2020,False,,15.0,False,15.0,15.0,realized
4999,Reggie Bullock,203493.0,Knicks,1,2020,False,,4.1,False,4.0,4.0,realized
4999,Reggie Bullock,203493.0,Knicks,2,2021,False,,4.1,False,4.2,4.2,realized
5010,Alec Burks,202692.0,Knicks,1,2021,False,,6.0,False,6.0,6.0,realized
5012,Obi Toppin,1630167.0,Knicks,1,2021,False,,5.0,False,4.86204,4.86204,realized
5012,Obi Toppin,1630167.0,Knicks,2,2022,False,,5.0,False,5.10516,5.10516,realized
5013,Nerlens Noel,203457.0,Knicks,1,2021,False,,5.0,False,5.0,5.0,realized
5014,Immanuel Quickley,1630193.0,Knicks,1,2021,False,,2.15,False,2.10552,2.10552,realized
5014,Immanuel Quickley,1630193.0,Knicks,2,2022,False,,2.15,False,2.21064,2.21064,realized
5015,Michael Kidd-Gilchrist,203077.0,Knicks,1,2021,False,,2.3,False,,2.3,estimated_flat
5016,Elfrid Payton,203901.0,Knicks,1,2021,False,,4.8,False,4.767,4.767,realized
5037,Quentin Grimes,1629656.0,Knicks,1,2022,False,,2.775,False,2.16864,2.16864,realized
5037,Quentin Grimes,1629656.0,Knicks,2,2023,False,,2.775,False,2.277,2.277,realized
5037,Quentin Grimes,1629656.0,Knicks,3,2024,False,,2.775,False,2.38572,2.38572,realized
5037,Quentin Grimes,1629656.0,Knicks,4,2025,False,,2.775,False,4.296682,4.296682,realized
5039,Nerlens Noel,203457.0,Knicks,1,2022,False,,9.267,False,8.8,8.8,realized
5039,Nerlens Noel,203457.0,Knicks,2,2023,False,,9.267,False,,9.267,estimated_flat
5039,Nerlens Noel,203457.0,Knicks,3,2024,True,team,9.267,False,,9.267,estimated_flat
5040,Miles McBride,1630540.0,Knicks,1,2022,False,,1.433,False,0.925258,0.925258,realized
5040,Miles McBride,1630540.0,Knicks,2,2023,False,,1.433,False,1.563518,1.563518,realized
5040,Miles McBride,1630540.0,Knicks,3,2024,True,team,1.433,False,1.836096,1.836096,realized
5041,Kemba Walker,202689.0,Knicks,1,2022,False,,8.95,False,8.72902,8.72902,realized
5041,Kemba Walker,202689.0,Knicks,2,2023,False,,8.95,False,,8.95,estimated_flat
5042,Alec Burks,202692.0,Knicks,1,2022,False,,10.0,False,9.536,9.536,realized
5042,Alec Burks,202692.0,Knicks,2,2023,False,,10.0,False,10.0128,10.0128,realized
5042,Alec Burks,202692.0,Knicks,3,2024,True,team,10.0,False,10.4896,10.4896,realized
5043,Derrick Rose,201565.0,Knicks,1,2022,False,,14.333,False,13.44512,13.44512,realized
5043,Derrick Rose,201565.0,Knicks,2,2023,False,,14.333,False,14.52073,14.52073,realized
5043,Derrick Rose,201565.0,Knicks,3,2024,False,,14.333,False,3.196448,3.196448,realized
5044,Taj Gibson,201959.0,Knicks,1,2022,False,,5.05,False,4.91,4.91,realized
5044,Taj Gibson,201959.0,Knicks,2,2023,False,,5.05,False,1.83609,1.83609,realized
5048,Julius Randle,203944.0,Knicks,1,2022,False,,29.25,False,19.8,19.8,realized
5048,Julius Randle,203944.0,Knicks,2,2023,False,,29.25,False,26.136,26.136,realized
5048,Julius Randle,203944.0,Knicks,3,2024,False,,29.25,False,26.94384,26.94384,realized
5048,Julius Randle,203944.0,Knicks,4,2025,False,,29.25,False,33.07392,33.07392,realized
5066,Jericho Sims,1630579.0,Knicks,1,2023,False,,1.9,False,1.637966,1.637966,realized
5066,Jericho Sims,1630579.0,Knicks,2,2024,False,,1.9,False,1.927896,1.927896,realized
5066,Jericho Sims,1630579.0,Knicks,3,2025,False,,1.9,False,2.092344,2.092344,realized
5068,Isaiah Hartenstein,1628392.0,Knicks,1,2023,False,,8.0,False,8.854879,8.854879,realized
5068,Isaiah Hartenstein,1628392.0,Knicks,2,2024,False,,8.0,False,9.245121,9.245121,realized
5069,Jalen Brunson,1628973.0,Knicks,1,2023,False,,26.0,False,27.733332,27.733332,realized
5069,Jalen Brunson,1628973.0,Knicks,2,2024,False,,26.0,False,26.346666,26.346666,realized
5069,Jalen Brunson,1628973.0,Knicks,3,2025,False,,26.0,False,24.960001,24.960001,realized
5069,Jalen Brunson,1628973.0,Knicks,4,2026,True,player,26.0,False,34.944001,34.944001,realized
5070,Mitchell Robinson,1629011.0,Knicks,1,2023,False,,15.0,False,17.045454,17.045454,realized
5070,Mitchell Robinson,1629011.0,Knicks,2,2024,False,,15.0,False,15.681818,15.681818,realized
5070,Mitchell Robinson,1629011.0,Knicks,3,2025,False,,15.0,False,14.318182,14.318182,realized
5070,Mitchell Robinson,1629011.0,Knicks,4,2026,False,,15.0,False,12.954546,12.954546,realized
5071,R.J. Barrett,1629628.0,Knicks,1,2023,False,,30.0,False,10.900635,10.900635,realized
5071,R.J. Barrett,1629628.0,Knicks,2,2024,False,,30.0,False,23.883929,23.883929,realized
5071,R.J. Barrett,1629628.0,Knicks,3,2025,False,,30.0,False,25.794643,25.794643,realized
5071,R.J. Barrett,1629628.0,Knicks,4,2026,False,,30.0,False,27.705357,27.705357,realized
5074,Sviatoslav Mykhailiuk / Svi Mykhailiuk,1629004.0,Knicks,1,2023,False,,2.0,False,1.968175,1.968175,realized
5088,DaQuan Jeffries,1629610.0,Knicks,1,2023,False,,1.2,False,,1.2,estimated_flat
5088,DaQuan Jeffries,1629610.0,Knicks,2,2024,False,,1.2,False,,1.2,estimated_flat
5089,Isaiah Roby,1629676.0,Knicks,1,2023,False,,1.25,False,0.4,0.4,realized
5089,Isaiah Roby,1629676.0,Knicks,2,2024,False,,1.25,False,,1.25,estimated_flat
5093,Jacob Toppin,1631210.0,Knicks,1,2024,False,,1.1,False,,1.1,estimated_flat
5095,Donte DiVincenzo,1628978.0,Knicks,1,2024,False,,11.725,False,10.9,10.9,realized
5095,Donte DiVincenzo,1628978.0,Knicks,2,2025,False,,11.725,False,11.445,11.445,realized
5095,Donte DiVincenzo,1628978.0,Knicks,3,2026,False,,11.725,False,11.99,11.99,realized
5095,Donte DiVincenzo,1628978.0,Knicks,4,2027,False,,11.725,False,,11.725,estimated_flat
5103,Josh Hart,1628404.0,Knicks,1,2024,False,,20.225,False,12.96,12.96,realized
5103,Josh Hart,1628404.0,Knicks,2,2025,False,,20.225,False,18.144,18.144,realized
5103,Josh Hart,1628404.0,Knicks,3,2026,False,,20.225,False,19.47224,19.47224,realized
5103,Josh Hart,1628404.0,Knicks,4,2027,False,,20.225,False,,20.225,estimated_flat
5108,Dylan Windler,1629685.0,Knicks,1,2024,False,,2.2,False,,2.2,estimated_flat
5114,Miles McBride,1630540.0,Knicks,1,2024,False,,4.333,False,1.836096,1.836096,realized
5114,Miles McBride,1630540.0,Knicks,2,2025,False,,4.333,False,4.710144,4.710144,realized
5114,Miles McBride,1630540.0,Knicks,3,2026,False,,4.333,False,4.333333,4.333333,realized
5127,Pacome Dadiet,1642359.0,Knicks,1,2025,False,,3.25,False,1.80808,1.80808,realized
5127,Pacome Dadiet,1642359.0,Knicks,2,2026,False,,3.25,False,2.8476,2.8476,realized
5127,Pacome Dadiet,1642359.0,Knicks,3,2027,False,,3.25,False,,3.25,estimated_flat
5127,Pacome Dadiet,1642359.0,Knicks,4,2028,False,,3.25,False,,3.25,estimated_flat
5128,Tyler Kolek,1642278.0,Knicks,1,2025,False,,2.275,False,2.087519,2.087519,realized
5128,Tyler Kolek,1642278.0,Knicks,2,2026,False,,2.275,False,2.191897,2.191897,realized
5128,Tyler Kolek,1642278.0,Knicks,3,2027,False,,2.275,False,,2.275,estimated_flat
5128,Tyler Kolek,1642278.0,Knicks,4,2028,False,,2.275,False,,2.275,estimated_flat
5130,Shake Milton,1629003.0,Knicks,1,2025,False,,3.067,False,2.875,2.875,realized
5130,Shake Milton,1629003.0,Knicks,2,2026,False,,3.067,False,,3.067,estimated_flat
5130,Shake Milton,1629003.0,Knicks,3,2027,False,,3.067,False,,3.067,estimated_flat
5131,Keita Bates-Diop,1628966.0,Knicks,1,2025,False,,2.5,False,,2.5,estimated_flat
5131,Keita Bates-Diop,1628966.0,Knicks,2,2026,False,,2.5,False,,2.5,estimated_flat
5133,Jalen Brunson,1628973.0,Knicks,1,2025,False,,39.125,False,24.960001,24.960001,realized
5133,Jalen Brunson,1628973.0,Knicks,2,2026,False,,39.125,False,34.944001,34.944001,realized
5133,Jalen Brunson,1628973.0,Knicks,3,2027,False,,39.125,False,,39.125,estimated_flat
5133,Jalen Brunson,1628973.0,Knicks,4,2028,True,player,39.125,True,,39.125,estimated_flat
5134,Cameron Payne,1626166.0,Knicks,1,2025,False,,3.0,False,2.087519,2.087519,realized
5136,Precious Achiuwa,1630173.0,Knicks,1,2025,False,,6.0,False,6.0,6.0,realized
5138,Mikal Bridges,1628969.0,Knicks,1,2025,False,,22.5,False,23.3,23.3,realized
5138,Mikal Bridges,1628969.0,Knicks,2,2026,False,,22.5,False,24.9,24.9,realized
5138,Mikal Bridges,1628969.0,Knicks,3,2027,False,,22.5,False,,22.5,estimated_flat
5138,Mikal Bridges,1628969.0,Knicks,4,2028,False,,22.5,False,,22.5,estimated_flat
5144,Charles Brown Jr. / Charlie Brown Jr.,1629718.0,Knicks,1,2025,False,,2.567,False,,2.567,estimated_flat
5144,Charles Brown Jr. / Charlie Brown Jr.,1629718.0,Knicks,2,2026,False,,2.567,False,,2.567,estimated_flat
5144,Charles Brown Jr. / Charlie Brown Jr.,1629718.0,Knicks,3,2027,False,,2.567,False,,2.567,estimated_flat
5147,DaQuan Jeffries,1629610.0,Knicks,1,2025,False,,2.733,False,2.425404,2.425404,realized
5147,DaQuan Jeffries,1629610.0,Knicks,2,2026,False,,2.733,False,2.743776,2.743776,realized
5147,DaQuan Jeffries,1629610.0,Knicks,3,2027,False,,2.733,False,,2.733,estimated_flat
5153,Ariel Hukporti,1630574.0,Knicks,1,2025,False,,2.9,False,1.064049,1.064049,realized
5153,Ariel Hukporti,1630574.0,Knicks,2,2026,False,,2.9,False,1.955377,1.955377,realized
5156,Landry Shamet,1629013.0,Knicks,1,2025,False,,1.7,False,1.34369,1.34369,realized
5162,Guerschon Yabusele,1627824.0,Knicks,1,2026,False,,5.65,False,5.5,5.5,realized
5162,Guerschon Yabusele,1627824.0,Knicks,2,2027,False,,5.65,False,,5.65,estimated_flat
5163,Jordan Clarkson,203903.0,Knicks,1,2026,False,,3.6,False,2.296274,2.296274,realized
5182,Andre Drummond,203083.0,Knicks,1,2027,False,,3.9,False,,3.9,estimated_flat
5183,Jose Alvarado,1630631.0,Knicks,1,2027,False,,4.8,False,,4.8,estimated_flat
5183,Jose Alvarado,1630631.0,Knicks,2,2028,False,,4.8,False,,4.8,estimated_flat
5183,Jose Alvarado,1630631.0,Knicks,3,2029,False,,4.8,False,,4.8,estimated_flat
5184,Landry Shamet,1629013.0,Knicks,1,2027,False,,6.0,False,,6.0,estimated_flat
5184,Landry Shamet,1629013.0,Knicks,2,2028,False,,6.0,False,,6.0,estimated_flat
5184,Landry Shamet,1629013.0,Knicks,3,2029,False,,6.0,False,,6.0,estimated_flat
5184,Landry Shamet,1629013.0,Knicks,4,2030,True,player,6.0,False,,6.0,estimated_flat
5185,Mohamed Diawara,1642885.0,Knicks,1,2027,False,,2.825,False,,2.825,estimated_flat
5185,Mohamed Diawara,1642885.0,Knicks,2,2028,False,,2.825,False,,2.825,estimated_flat
5185,Mohamed Diawara,1642885.0,Knicks,3,2029,False,,2.825,False,,2.825,estimated_flat
5185,Mohamed Diawara,1642885.0,Knicks,4,2030,True,team,2.825,False,,2.825,estimated_flat
5186,Jordan Clarkson,203903.0,Knicks,1,2027,False,,3.9,False,,3.9,estimated_flat
5193,Mitch McGary,203956.0,Thunder,1,2015,False,,1.45,False,1.40004,1.40004,realized
5193,Mitch McGary,203956.0,Thunder,2,2016,False,,1.45,False,1.46304,1.46304,realized
5196,Thabo Sefolosha,200757.0,Thunder,1,2015,False,,4.0,False,4.15,4.15,realized
5196,Thabo Sefolosha,200757.0,Thunder,2,2016,False,,4.0,False,4.0,4.0,realized
5196,Thabo Sefolosha,200757.0,Thunder,3,2017,False,,4.0,False,3.85,3.85,realized
5197,Anthony Morrow,201627.0,Thunder,1,2015,False,,3.333,False,3.2,3.2,realized
5197,Anthony Morrow,201627.0,Thunder,2,2016,False,,3.333,False,3.344,3.344,realized
5197,Anthony Morrow,201627.0,Thunder,3,2017,False,,3.333,False,,3.333,estimated_flat
5203,Nick Collison,2555.0,Thunder,1,2015,False,,3.75,False,2.242003,2.242003,realized
5203,Nick Collison,2555.0,Thunder,2,2016,False,,3.75,False,3.75,3.75,realized
5206,Cameron Payne,1626166.0,Thunder,1,2016,False,,2.05,False,2.02152,2.02152,realized
5206,Cameron Payne,1626166.0,Thunder,2,2017,False,,2.05,False,2.11248,2.11248,realized
5207,Kyle Singler,202713.0,Thunder,1,2016,False,,5.0,False,4.5,4.5,realized
5207,Kyle Singler,202713.0,Thunder,2,2017,False,,5.0,False,4.8375,4.8375,realized
5207,Kyle Singler,202713.0,Thunder,3,2018,False,,5.0,False,4.6665,4.6665,realized
5207,Kyle Singler,202713.0,Thunder,4,2019,False,,5.0,False,,5.0,estimated_flat
5207,Kyle Singler,202713.0,Thunder,5,2020,False,,5.0,False,,5.0,estimated_flat
5208,Enes Kanter / Enes Freedom,202683.0,Thunder,1,2016,False,,17.5,False,16.4075,16.4075,realized
5208,Enes Kanter / Enes Freedom,202683.0,Thunder,2,2017,False,,17.5,False,17.145838,17.145838,realized
5208,Enes Kanter / Enes Freedom,202683.0,Thunder,3,2018,False,,17.5,False,20.566801,20.566801,realized
5208,Enes Kanter / Enes Freedom,202683.0,Thunder,4,2019,False,,17.5,False,0.487109,0.487109,realized
5209,Josh Huestis,203962.0,Thunder,1,2016,False,,1.15,False,1.14024,1.14024,realized
5209,Josh Huestis,203962.0,Thunder,2,2017,False,,1.15,False,1.19148,1.19148,realized
5218,Alex Abrines,203518.0,Thunder,1,2017,False,,6.0,False,5.994764,5.994764,realized
5218,Alex Abrines,203518.0,Thunder,2,2018,False,,6.0,False,5.725,5.725,realized
5218,Alex Abrines,203518.0,Thunder,3,2019,False,,6.0,False,,6.0,estimated_flat
5219,Russell Westbrook,201566.0,Thunder,1,2017,False,,28.567,False,26.5401,26.5401,realized
5219,Russell Westbrook,201566.0,Thunder,2,2018,False,,28.567,False,28.530608,28.530608,realized
5219,Russell Westbrook,201566.0,Thunder,3,2019,False,,28.567,False,35.65415,35.65415,realized
5220,Domantas Sabonis,1627734.0,Thunder,1,2017,False,,2.5,False,2.4402,2.4402,realized
5220,Domantas Sabonis,1627734.0,Thunder,2,2018,False,,2.5,False,2.55,2.55,realized
5221,Ronnie Price,101179.0,Thunder,1,2017,False,,2.5,False,,2.5,estimated_flat
5221,Ronnie Price,101179.0,Thunder,2,2018,False,,2.5,False,,2.5,estimated_flat
5227,Steven Adams,203500.0,Thunder,1,2017,False,,25.0,False,3.140517,3.140517,realized
5227,Steven Adams,203500.0,Thunder,2,2018,False,,25.0,False,22.47191,22.47191,realized
5227,Steven Adams,203500.0,Thunder,3,2019,False,,25.0,False,24.157303,24.157303,realized
5227,Steven Adams,203500.0,Thunder,4,2020,False,,25.0,False,25.842697,25.842697,realized
5228,Victor Oladipo,203506.0,Thunder,1,2017,False,,21.0,False,6.55296,6.55296,realized
5228,Victor Oladipo,203506.0,Thunder,2,2018,False,,21.0,False,21.0,21.0,realized
5228,Victor Oladipo,203506.0,Thunder,3,2019,False,,21.0,False,21.0,21.0,realized
5228,Victor Oladipo,203506.0,Thunder,4,2020,False,,21.0,False,21.0,21.0,realized
5231,Patrick Patterson,202335.0,Thunder,1,2018,False,,5.467,False,5.192,5.192,realized
5231,Patrick Patterson,202335.0,Thunder,2,2019,False,,5.467,False,5.4516,5.4516,realized
5231,Patrick Patterson,202335.0,Thunder,3,2020,False,,5.467,False,1.620564,1.620564,realized
5232,Raymond Felton,101109.0,Thunder,1,2018,False,,2.3,False,1.471382,1.471382,realized
5233,Andre Roberson,203460.0,Thunder,1,2018,False,,10.0,False,9.25926,9.25926,realized
5233,Andre Roberson,203460.0,Thunder,2,2019,False,,10.0,False,,10.0,estimated_flat
5233,Andre Roberson,203460.0,Thunder,3,2020,False,,10.0,False,10.74074,10.74074,realized
5234,Dakari Johnson,1626177.0,Thunder,1,2018,False,,1.1,False,0.815615,0.815615,realized
5234,Dakari Johnson,1626177.0,Thunder,2,2019,False,,1.1,False,,1.1,estimated_flat
5235,Nick Collison,2555.0,Thunder,1,2018,False,,2.3,False,1.471382,1.471382,realized
5236,Terrance Ferguson,1628390.0,Thunder,1,2018,False,,1.9,False,1.785,1.785,realized
5236,Terrance Ferguson,1628390.0,Thunder,2,2019,False,,1.9,False,2.11884,2.11884,realized
5242,Russell Westbrook,201566.0,Thunder,1,2018,False,,41.4,False,28.530608,28.530608,realized
5242,Russell Westbrook,201566.0,Thunder,2,2019,False,,41.4,False,35.65415,35.65415,realized
5242,Russell Westbrook,201566.0,Thunder,3,2020,False,,41.4,False,38.506482,38.506482,realized
5242,Russell Westbrook,201566.0,Thunder,4,2021,False,,41.4,False,41.358814,41.358814,realized
5242,Russell Westbrook,201566.0,Thunder,5,2022,False,,41.4,False,44.211146,44.211146,realized
5247,Corey Brewer,201147.0,Thunder,1,2018,False,,0.526,False,0.340829,0.340829,realized
5249,Paul George,202331.0,Thunder,1,2019,False,,34.225,False,30.5607,30.5607,realized
5249,Paul George,202331.0,Thunder,2,2020,False,,34.225,False,33.005556,33.005556,realized
5249,Paul George,202331.0,Thunder,3,2021,False,,34.225,False,35.450412,35.450412,realized
5249,Paul George,202331.0,Thunder,4,2022,False,,34.225,False,39.3449,39.3449,realized
5250,Nerlens Noel,203457.0,Thunder,1,2019,False,,1.875,False,1.757429,1.757429,realized
5250,Nerlens Noel,203457.0,Thunder,2,2020,False,,1.875,False,1.620564,1.620564,realized
5251,Jerami Grant,203924.0,Thunder,1,2019,False,,9.0,False,8.653847,8.653847,realized
5251,Jerami Grant,203924.0,Thunder,2,2020,False,,9.0,False,9.346153,9.346153,realized
5251,Jerami Grant,203924.0,Thunder,3,2021,False,,9.0,False,19.05,19.05,realized
5252,Raymond Felton,101109.0,Thunder,1,2019,False,,2.4,False,1.512601,1.512601,realized
5268,Markieff Morris,202693.0,Thunder,1,2019,False,,0.573,False,0.427289,0.427289,realized
5272,Nerlens Noel,203457.0,Thunder,1,2020,False,,2.0,False,1.620564,1.620564,realized
5273,Darius Bazley,1629647.0,Thunder,1,2020,False,,2.35,False,2.2848,2.2848,realized
5273,Darius Bazley,1629647.0,Thunder,2,2021,False,,2.35,False,2.39916,2.39916,realized
5274,Mike Muscala,203488.0,Thunder,1,2020,False,,2.15,False,2.028594,2.028594,realized
5274,Mike Muscala,203488.0,Thunder,2,2021,True,player,2.15,False,2.283034,2.283034,realized
5275,Justin Patton,1628383.0,Thunder,1,2020,False,,1.7,False,0.183115,0.183115,realized
5275,Justin Patton,1628383.0,Thunder,2,2021,False,,1.7,False,,1.7,estimated_flat
5275,Justin Patton,1628383.0,Thunder,3,2022,True,team,1.7,False,,1.7,estimated_flat
5286,Luguentz Dort,1629652.0,Thunder,1,2020,False,,1.35,False,0.155647,0.155647,realized
5286,Luguentz Dort,1629652.0,Thunder,2,2021,False,,1.35,False,1.517981,1.517981,realized
5286,Luguentz Dort,1629652.0,Thunder,3,2022,False,,1.35,False,1.782621,1.782621,realized
5286,Luguentz Dort,1629652.0,Thunder,4,2023,False,,1.35,False,15.277778,15.277778,realized
5291,Steven Adams,203500.0,Thunder,1,2021,False,,17.5,False,29.592695,29.592695,realized
5291,Steven Adams,203500.0,Thunder,2,2022,False,,17.5,False,17.073171,17.073171,realized
5292,Danilo Gallinari,201568.0,Thunder,1,2021,False,,20.467,False,19.5,19.5,realized
5292,Danilo Gallinari,201568.0,Thunder,2,2022,False,,20.467,False,20.475,20.475,realized
5292,Danilo Gallinari,201568.0,Thunder,3,2023,False,,20.467,False,,20.467,estimated_flat
5294,Aleksej Pokusevski,1630197.0,Thunder,1,2021,False,,3.05,False,2.96484,2.96484,realized
5294,Aleksej Pokusevski,1630197.0,Thunder,2,2022,False,,3.05,False,3.11316,3.11316,realized
5298,Frank Jackson,1628402.0,Thunder,1,2021,False,,1.75,False,,1.75,estimated_flat
5298,Frank Jackson,1628402.0,Thunder,2,2022,False,,1.75,False,3.0,3.0,realized
5302,Theo Maledon,1630177.0,Thunder,1,2021,False,,1.967,False,2.0,2.0,realized
5302,Theo Maledon,1630177.0,Thunder,2,2022,False,,1.967,False,2.0,2.0,realized
5302,Theo Maledon,1630177.0,Thunder,3,2023,False,,1.967,False,,1.967,estimated_flat
5302,Theo Maledon,1630177.0,Thunder,4,2024,True,team,1.967,False,,1.967,estimated_flat
5304,Moses Brown,1629650.0,Thunder,1,2021,False,,1.7,False,1.25,1.25,realized
5304,Moses Brown,1629650.0,Thunder,2,2022,False,,1.7,False,,1.7,estimated_flat
5304,Moses Brown,1629650.0,Thunder,3,2023,False,,1.7,False,,1.7,estimated_flat
5304,Moses Brown,1629650.0,Thunder,4,2024,False,,1.7,False,2.019706,2.019706,realized
5307,Gabriel Deck,1630466.0,Thunder,1,2021,False,,3.667,False,3.87037,3.87037,realized
5307,Gabriel Deck,1630466.0,Thunder,2,2022,False,,3.667,False,,3.667,estimated_flat
5307,Gabriel Deck,1630466.0,Thunder,3,2023,False,,3.667,False,,3.667,estimated_flat
5311,Charles Brown Jr. / Charlie Brown Jr.,1629718.0,Thunder,1,2021,False,,0.85,False,,0.85,estimated_flat
5311,Charles Brown Jr. / Charlie Brown Jr.,1629718.0,Thunder,2,2022,False,,0.85,False,,0.85,estimated_flat
5312,Shai Gilgeous-Alexander,1628983.0,Thunder,1,2022,False,,34.4,False,5.495532,5.495532,realized
5312,Shai Gilgeous-Alexander,1628983.0,Thunder,2,2023,False,,34.4,False,30.91375,30.91375,realized
5312,Shai Gilgeous-Alexander,1628983.0,Thunder,3,2024,False,,34.4,False,33.38685,33.38685,realized
5312,Shai Gilgeous-Alexander,1628983.0,Thunder,4,2025,False,,34.4,False,35.85995,35.85995,realized
5312,Shai Gilgeous-Alexander,1628983.0,Thunder,5,2026,False,,34.4,False,38.33305,38.33305,realized
5313,Josh Giddey,1630581.0,Thunder,1,2022,False,,6.8,False,5.988,5.988,realized
5313,Josh Giddey,1630581.0,Thunder,2,2023,False,,6.8,False,6.2874,6.2874,realized
5313,Josh Giddey,1630581.0,Thunder,3,2024,False,,6.8,False,6.58704,6.58704,realized
5313,Josh Giddey,1630581.0,Thunder,4,2025,False,,6.8,False,8.352367,8.352367,realized
5314,Tre Mann,1630544.0,Thunder,1,2022,False,,3.513,False,2.90124,2.90124,realized
5314,Tre Mann,1630544.0,Thunder,2,2023,False,,3.513,False,3.0462,3.0462,realized
5314,Tre Mann,1630544.0,Thunder,3,2024,False,,3.513,False,3.1914,3.1914,realized
5314,Tre Mann,1630544.0,Thunder,4,2025,False,,3.513,False,4.908373,4.908373,realized
5315,Jeremiah Robinson-Earl,1630526.0,Thunder,1,2022,False,,1.975,False,2.0,2.0,realized
5315,Jeremiah Robinson-Earl,1630526.0,Thunder,2,2023,False,,1.975,False,2.0,2.0,realized
5315,Jeremiah Robinson-Earl,1630526.0,Thunder,3,2024,False,,1.975,False,0.648843,0.648843,realized
5315,Jeremiah Robinson-Earl,1630526.0,Thunder,4,2025,False,,1.975,False,2.19697,2.19697,realized
5316,Mike Muscala,203488.0,Thunder,1,2022,False,,3.5,False,3.5,3.5,realized
5316,Mike Muscala,203488.0,Thunder,2,2023,False,,3.5,False,3.5,3.5,realized
5319,Vit Krejci,1630249.0,Thunder,1,2022,False,,1.575,False,0.925258,0.925258,realized
5319,Vit Krejci,1630249.0,Thunder,2,2023,False,,1.575,False,1.563518,1.563518,realized
5319,Vit Krejci,1630249.0,Thunder,3,2024,False,,1.575,False,,1.575,estimated_flat
5319,Vit Krejci,1630249.0,Thunder,4,2025,False,,1.575,False,2.162606,2.162606,realized
5328,Olivier Sarr,1630846.0,Thunder,1,2022,False,,0.925,False,,0.925,estimated_flat
5338,Aaron Wiggins,1630598.0,Thunder,1,2022,False,,1.6,False,1.0,1.0,realized
5338,Aaron Wiggins,1630598.0,Thunder,2,2023,False,,1.6,False,1.563518,1.563518,realized
5338,Aaron Wiggins,1630598.0,Thunder,3,2024,False,,1.6,False,1.836096,1.836096,realized
5338,Aaron Wiggins,1630598.0,Thunder,4,2025,False,,1.6,False,10.981303,10.981303,realized
5338,Aaron Wiggins,1630598.0,Thunder,5,2026,True,team,1.6,True,10.102803,10.102803,realized
5345,Chet Holmgren,1631096.0,Thunder,1,2023,False,,11.225,False,,11.225,estimated_flat
5345,Chet Holmgren,1631096.0,Thunder,2,2024,False,,11.225,False,10.386,10.386,realized
5345,Chet Holmgren,1631096.0,Thunder,3,2025,False,,11.225,False,10.88064,10.88064,realized
5345,Chet Holmgren,1631096.0,Thunder,4,2026,False,,11.225,False,13.731368,13.731368,realized
5346,Jalen Williams,1631114.0,Thunder,1,2023,False,,5.075,False,4.34148,4.34148,realized
5346,Jalen Williams,1631114.0,Thunder,2,2024,False,,5.075,False,4.55868,4.55868,realized
5346,Jalen Williams,1631114.0,Thunder,3,2025,False,,5.075,False,4.77576,4.77576,realized
5346,Jalen Williams,1631114.0,Thunder,4,2026,False,,5.075,False,6.580997,6.580997,realized
5348,Ousmane Dieng,1631172.0,Thunder,1,2023,False,,5.275,False,4.56984,4.56984,realized
5348,Ousmane Dieng,1631172.0,Thunder,2,2024,False,,5.275,False,4.79844,4.79844,realized
5348,Ousmane Dieng,1631172.0,Thunder,3,2025,False,,5.275,False,5.02704,5.02704,realized
5348,Ousmane Dieng,1631172.0,Thunder,4,2026,False,,5.275,False,6.670882,6.670882,realized
5349,Luguentz Dort,1629652.0,Thunder,1,2023,False,,16.5,False,15.277778,15.277778,realized
5349,Luguentz Dort,1629652.0,Thunder,2,2024,False,,16.5,False,15.277778,15.277778,realized
5349,Luguentz Dort,1629652.0,Thunder,3,2025,False,,16.5,False,17.0,17.0,realized
5349,Luguentz Dort,1629652.0,Thunder,4,2026,False,,16.5,False,18.222222,18.222222,realized
5349,Luguentz Dort,1629652.0,Thunder,5,2027,False,,16.5,False,,16.5,estimated_flat
5349,Luguentz Dort,1629652.0,Thunder,6,2028,True,team,16.5,True,,16.5,estimated_flat
5350,Jaylin Williams (Michael),1631119.0,Thunder,1,2023,False,,2.05,False,2.0,2.0,realized
5350,Jaylin Williams (Michael),1631119.0,Thunder,2,2024,False,,2.05,False,2.0,2.0,realized
5350,Jaylin Williams (Michael),1631119.0,Thunder,3,2025,False,,2.05,False,2.019699,2.019699,realized
5350,Jaylin Williams (Michael),1631119.0,Thunder,4,2026,False,,2.05,False,8.450704,8.450704,realized
5351,Kenrich Williams,1629026.0,Thunder,1,2023,False,,6.8,False,2.0,2.0,realized
5351,Kenrich Williams,1629026.0,Thunder,2,2024,False,,6.8,False,6.175,6.175,realized
5351,Kenrich Williams,1629026.0,Thunder,3,2025,False,,6.8,False,6.669,6.669,realized
5351,Kenrich Williams,1629026.0,Thunder,4,2026,False,,6.8,False,7.163,7.163,realized
5353,Mike Muscala,203488.0,Thunder,1,2023,False,,2.6,False,3.5,3.5,realized
5354,Mike Muscala,203488.0,Thunder,1,2023,False,,3.5,False,3.5,3.5,realized
5354,Mike Muscala,203488.0,Thunder,2,2024,True,team,3.5,False,0.51073,0.51073,realized
5361,Isaiah Joe,1630198.0,Thunder,1,2023,False,,2.0,False,1.83609,1.83609,realized
5361,Isaiah Joe,1630198.0,Thunder,2,2024,False,,2.0,False,1.997238,1.997238,realized
5361,Isaiah Joe,1630198.0,Thunder,3,2025,True,team,2.0,False,12.99165,12.99165,realized
5364,Lindy Waters III,1630322.0,Thunder,1,2023,False,,3.15,False,1.927896,1.927896,realized
5364,Lindy Waters III,1630322.0,Thunder,2,2024,True,team,3.15,False,0.766095,0.766095,realized
5370,Cason Wallace,1641717.0,Thunder,1,2024,False,,6.025,False,5.2914,5.2914,realized
5370,Cason Wallace,1641717.0,Thunder,2,2025,False,,6.025,False,5.55588,5.55588,realized
5370,Cason Wallace,1641717.0,Thunder,3,2026,False,,6.025,False,5.82024,5.82024,realized
5370,Cason Wallace,1641717.0,Thunder,4,2027,False,,6.025,False,,6.025,estimated_flat
5372,Vasilije Micic / Vasa Micic,203995.0,Thunder,1,2024,False,,7.867,False,7.723,7.723,realized
5372,Vasilije Micic / Vasa Micic,203995.0,Thunder,2,2025,False,,7.867,False,7.723,7.723,realized
5372,Vasilije Micic / Vasa Micic,203995.0,Thunder,3,2026,False,,7.867,False,,7.867,estimated_flat
5374,Jack White,1631298.0,Thunder,1,2024,False,,1.95,False,,1.95,estimated_flat
5374,Jack White,1631298.0,Thunder,2,2025,False,,1.95,False,,1.95,estimated_flat
5388,Isaiah Hartenstein,1628392.0,Thunder,1,2025,False,,29.0,False,30.0,30.0,realized
5388,Isaiah Hartenstein,1628392.0,Thunder,2,2026,False,,29.0,False,28.5,28.5,realized
5388,Isaiah Hartenstein,1628392.0,Thunder,3,2027,True,team,29.0,False,,29.0,estimated_flat
5390,Dillon Jones,1641794.0,Thunder,1,2025,False,,3.375,False,2.62236,2.62236,realized
5390,Dillon Jones,1641794.0,Thunder,2,2026,False,,3.375,False,0.0,0.0,realized
5390,Dillon Jones,1641794.0,Thunder,3,2027,False,,3.375,False,,3.375,estimated_flat
5390,Dillon Jones,1641794.0,Thunder,4,2028,False,,3.375,False,,3.375,estimated_flat
5391,Aaron Wiggins,1630598.0,Thunder,1,2025,False,,9.0,False,10.981303,10.981303,realized
5391,Aaron Wiggins,1630598.0,Thunder,2,2026,False,,9.0,False,10.102803,10.102803,realized
5391,Aaron Wiggins,1630598.0,Thunder,3,2027,False,,9.0,False,,9.0,estimated_flat
5391,Aaron Wiggins,1630598.0,Thunder,4,2028,False,,9.0,False,,9.0,estimated_flat
5391,Aaron Wiggins,1630598.0,Thunder,5,2029,False,,9.0,False,,9.0,estimated_flat
5392,Isaiah Joe,1630198.0,Thunder,1,2025,False,,12.0,False,12.99165,12.99165,realized
5392,Isaiah Joe,1630198.0,Thunder,2,2026,False,,12.0,False,12.362338,12.362338,realized
5392,Isaiah Joe,1630198.0,Thunder,3,2027,False,,12.0,False,,12.0,estimated_flat
5392,Isaiah Joe,1630198.0,Thunder,4,2028,False,,12.0,False,,12.0,estimated_flat
5393,Nikola Topic,1642260.0,Thunder,1,2025,False,,5.75,False,,5.75,estimated_flat
5393,Nikola Topic,1642260.0,Thunder,2,2026,False,,5.75,False,5.18292,5.18292,realized
5393,Nikola Topic,1642260.0,Thunder,3,2027,False,,5.75,False,,5.75,estimated_flat
5393,Nikola Topic,1642260.0,Thunder,4,2028,False,,5.75,False,,5.75,estimated_flat
5404,Branden Carlson,1642382.0,Thunder,1,2025,False,,0.99,False,0.0,0.0,realized
5405,Alex Caruso,1627936.0,Thunder,1,2025,False,,20.25,False,9.89,9.89,realized
5405,Alex Caruso,1627936.0,Thunder,2,2026,False,,20.25,False,18.102,18.102,realized
5405,Alex Caruso,1627936.0,Thunder,3,2027,False,,20.25,False,,20.25,estimated_flat
5405,Alex Caruso,1627936.0,Thunder,4,2028,False,,20.25,False,,20.25,estimated_flat
5410,Jaylin Williams (Michael),1631119.0,Thunder,1,2025,False,,8.0,False,2.019699,2.019699,realized
5410,Jaylin Williams (Michael),1631119.0,Thunder,2,2026,False,,8.0,False,8.450704,8.450704,realized
5410,Jaylin Williams (Michael),1631119.0,Thunder,3,2027,False,,8.0,False,,8.0,estimated_flat
5413,Ajay Mitchell,1642349.0,Thunder,1,2026,False,,2.9,False,3.0,3.0,realized
5413,Ajay Mitchell,1642349.0,Thunder,2,2027,False,,2.9,False,,2.9,estimated_flat
5413,Ajay Mitchell,1642349.0,Thunder,3,2028,False,,2.9,False,,2.9,estimated_flat
5414,Shai Gilgeous-Alexander,1628983.0,Thunder,1,2026,False,,68.1,False,38.33305,38.33305,realized
5414,Shai Gilgeous-Alexander,1628983.0,Thunder,2,2027,False,,68.1,False,,68.1,estimated_flat
5414,Shai Gilgeous-Alexander,1628983.0,Thunder,3,2028,False,,68.1,False,,68.1,estimated_flat
5414,Shai Gilgeous-Alexander,1628983.0,Thunder,4,2029,False,,68.1,False,,68.1,estimated_flat
5415,Chet Holmgren,1631096.0,Thunder,1,2026,False,,47.98,False,13.731368,13.731368,realized
5415,Chet Holmgren,1631096.0,Thunder,2,2027,False,,47.98,False,,47.98,estimated_flat
5415,Chet Holmgren,1631096.0,Thunder,3,2028,False,,47.98,False,,47.98,estimated_flat
5415,Chet Holmgren,1631096.0,Thunder,4,2029,False,,47.98,False,,47.98,estimated_flat
5415,Chet Holmgren,1631096.0,Thunder,5,2030,False,,47.98,False,,47.98,estimated_flat
5416,Jalen Williams,1631114.0,Thunder,1,2026,False,,47.98,False,6.580997,6.580997,realized
5416,Jalen Williams,1631114.0,Thunder,2,2027,False,,47.98,False,,47.98,estimated_flat
5416,Jalen Williams,1631114.0,Thunder,3,2028,False,,47.98,False,,47.98,estimated_flat
5416,Jalen Williams,1631114.0,Thunder,4,2029,False,,47.98,False,,47.98,estimated_flat
5416,Jalen Williams,1631114.0,Thunder,5,2030,False,,47.98,False,,47.98,estimated_flat
5436,Isaiah Hartenstein,1628392.0,Thunder,1,2027,False,,25.0,False,,25.0,estimated_flat
5436,Isaiah Hartenstein,1628392.0,Thunder,2,2028,False,,25.0,False,,25.0,estimated_flat
5436,Isaiah Hartenstein,1628392.0,Thunder,3,2029,False,,25.0,False,,25.0,estimated_flat
5437,Kenrich Williams,1629026.0,Thunder,1,2027,False,,5.0,False,,5.0,estimated_flat
5444,Elfrid Payton,203901.0,Magic,1,2015,False,,2.45,False,2.39784,2.39784,realized
5444,Elfrid Payton,203901.0,Magic,2,2016,False,,2.45,False,2.50572,2.50572,realized
5445,Ben Gordon,2732.0,Magic,1,2015,False,,4.5,False,4.5,4.5,realized
5445,Ben Gordon,2732.0,Magic,2,2016,False,,4.5,False,,4.5,estimated_flat
5446,Channing Frye,101112.0,Magic,1,2015,False,,8.0,False,8.579088,8.579088,realized
5446,Channing Frye,101112.0,Magic,2,2016,False,,8.0,False,,8.0,estimated_flat
5446,Channing Frye,101112.0,Magic,3,2017,False,,8.0,False,7.806971,7.806971,realized
5446,Channing Frye,101112.0,Magic,4,2018,False,,8.0,False,,8.0,estimated_flat
5448,Luke Ridnour,2557.0,Magic,1,2015,False,,2.75,False,2.75,2.75,realized
5448,Luke Ridnour,2557.0,Magic,2,2016,False,,2.75,False,,2.75,estimated_flat
5453,Nikola Vucevic,202696.0,Magic,1,2015,False,,13.5,False,2.75126,2.75126,realized
5453,Nikola Vucevic,202696.0,Magic,2,2016,False,,13.5,False,11.25,11.25,realized
5453,Nikola Vucevic,202696.0,Magic,3,2017,False,,13.5,False,11.75,11.75,realized
5453,Nikola Vucevic,202696.0,Magic,4,2018,False,,13.5,False,12.25,12.25,realized
5455,C.J. Watson,201228.0,Magic,1,2016,False,,5.0,False,5.0,5.0,realized
5455,C.J. Watson,201228.0,Magic,2,2017,False,,5.0,False,5.0,5.0,realized
5455,C.J. Watson,201228.0,Magic,3,2018,False,,5.0,False,,5.0,estimated_flat
5456,Kyle O'Quinn,203124.0,Magic,1,2016,False,,4.0,False,3.75,3.75,realized
5456,Kyle O'Quinn,203124.0,Magic,2,2017,False,,4.0,False,3.91875,3.91875,realized
5456,Kyle O'Quinn,203124.0,Magic,3,2018,False,,4.0,False,4.0875,4.0875,realized
5456,Kyle O'Quinn,203124.0,Magic,4,2019,False,,4.0,False,4.449,4.449,realized
5457,Mario Hezonja,1626209.0,Magic,1,2016,False,,3.8,False,3.74148,3.74148,realized
5457,Mario Hezonja,1626209.0,Magic,2,2017,False,,3.8,False,3.90984,3.90984,realized
5459,Tobias Harris,202699.0,Magic,1,2016,False,,16.0,False,16.0,16.0,realized
5459,Tobias Harris,202699.0,Magic,2,2017,False,,16.0,False,17.2,17.2,realized
5459,Tobias Harris,202699.0,Magic,3,2018,False,,16.0,False,16.0,16.0,realized
5459,Tobias Harris,202699.0,Magic,4,2019,False,,16.0,False,14.8,14.8,realized
5470,Bismack Biyombo,202687.0,Magic,1,2017,False,,17.5,False,17.0,17.0,realized
5470,Bismack Biyombo,202687.0,Magic,2,2018,False,,17.5,False,17.0,17.0,realized
5470,Bismack Biyombo,202687.0,Magic,3,2019,False,,17.5,False,17.0,17.0,realized
5470,Bismack Biyombo,202687.0,Magic,4,2020,False,,17.5,False,17.0,17.0,realized
5472,Evan Fournier,203095.0,Magic,1,2017,False,,17.0,False,17.0,17.0,realized
5472,Evan Fournier,203095.0,Magic,2,2018,False,,17.0,False,17.0,17.0,realized
5472,Evan Fournier,203095.0,Magic,3,2019,False,,17.0,False,17.0,17.0,realized
5472,Evan Fournier,203095.0,Magic,4,2020,False,,17.0,False,17.15,17.15,realized
5472,Evan Fournier,203095.0,Magic,5,2021,False,,17.0,False,17.45,17.45,realized
5473,Jeff Green,201145.0,Magic,1,2017,False,,15.0,False,15.0,15.0,realized
5486,Jonathan Isaac,1628371.0,Magic,1,2018,False,,4.6,False,4.18632,4.18632,realized
5486,Jonathan Isaac,1628371.0,Magic,2,2019,False,,4.6,False,4.96908,4.96908,realized
5487,Shelvin Mack,202714.0,Magic,1,2018,False,,6.0,False,6.0,6.0,realized
5487,Shelvin Mack,202714.0,Magic,2,2019,False,,6.0,False,1.512601,1.512601,realized
5488,Jonathon Simmons,203613.0,Magic,1,2018,False,,6.667,False,6.3,6.3,realized
5488,Jonathon Simmons,203613.0,Magic,2,2019,False,,6.667,False,,6.667,estimated_flat
5488,Jonathon Simmons,203613.0,Magic,3,2020,False,,6.667,False,,6.667,estimated_flat
5489,Wesley Iwundu / Wes Iwundu,1628411.0,Magic,1,2018,False,,1.367,False,1.05,1.05,realized
5489,Wesley Iwundu / Wes Iwundu,1628411.0,Magic,2,2019,False,,1.367,False,1.378242,1.378242,realized
5489,Wesley Iwundu / Wes Iwundu,1628411.0,Magic,3,2020,False,,1.367,False,1.61852,1.61852,realized
5490,Arron Afflalo,201167.0,Magic,1,2018,False,,3.2,False,1.471382,1.471382,realized
5492,Marreese Speights,201578.0,Magic,1,2018,False,,2.3,False,1.471382,1.471382,realized
5507,Mohamed Bamba / Mo Bamba,1628964.0,Magic,1,2019,False,,5.3,False,4.86504,4.86504,realized
5507,Mohamed Bamba / Mo Bamba,1628964.0,Magic,2,2020,False,,5.3,False,5.6976,5.6976,realized
5507,Mohamed Bamba / Mo Bamba,1628964.0,Magic,3,2021,False,,5.3,False,5.96904,5.96904,realized
5507,Mohamed Bamba / Mo Bamba,1628964.0,Magic,4,2022,False,,5.3,False,7.568743,7.568743,realized
5508,Aaron Gordon,203932.0,Magic,1,2019,False,,20.0,False,21.590909,21.590909,realized
5508,Aaron Gordon,203932.0,Magic,2,2020,False,,20.0,False,19.863636,19.863636,realized
5508,Aaron Gordon,203932.0,Magic,3,2021,False,,20.0,False,18.136364,18.136364,realized
5508,Aaron Gordon,203932.0,Magic,4,2022,False,,20.0,False,16.409091,16.409091,realized
5509,Isaiah Briscoe,1628515.0,Magic,1,2019,False,,1.5,False,,1.5,estimated_flat
5509,Isaiah Briscoe,1628515.0,Magic,2,2020,False,,1.5,False,,1.5,estimated_flat
5509,Isaiah Briscoe,1628515.0,Magic,3,2021,False,,1.5,False,,1.5,estimated_flat
5509,Isaiah Briscoe,1628515.0,Magic,4,2022,False,,1.5,False,,1.5,estimated_flat
5510,Melvin Frazier Jr.,1628982.0,Magic,1,2019,False,,1.25,False,1.05,1.05,realized
5510,Melvin Frazier Jr.,1628982.0,Magic,2,2020,False,,1.25,False,1.416852,1.416852,realized
5521,Al-Farouq Aminu,202329.0,Magic,1,2020,False,,9.733,False,9.258,9.258,realized
5521,Al-Farouq Aminu,202329.0,Magic,2,2021,False,,9.733,False,,9.733,estimated_flat
5521,Al-Farouq Aminu,202329.0,Magic,3,2022,False,,9.733,False,,9.733,estimated_flat
5522,Nikola Vucevic,202696.0,Magic,1,2020,False,,25.0,False,28.0,28.0,realized
5522,Nikola Vucevic,202696.0,Magic,2,2021,False,,25.0,False,26.0,26.0,realized
5522,Nikola Vucevic,202696.0,Magic,3,2022,False,,25.0,False,24.0,24.0,realized
5522,Nikola Vucevic,202696.0,Magic,4,2023,False,,25.0,False,22.0,22.0,realized
5523,Terrence Ross,203082.0,Magic,1,2020,False,,13.5,False,12.5,12.5,realized
5523,Terrence Ross,203082.0,Magic,2,2021,False,,13.5,False,13.5,13.5,realized
5523,Terrence Ross,203082.0,Magic,3,2022,False,,13.5,False,12.5,12.5,realized
5523,Terrence Ross,203082.0,Magic,4,2023,False,,13.5,False,0.580373,0.580373,realized
5524,Khem Birch,203920.0,Magic,1,2020,False,,3.0,False,3.0,3.0,realized
5524,Khem Birch,203920.0,Magic,2,2021,False,,3.0,False,0.410691,0.410691,realized
5541,Chuma Okeke,1629643.0,Magic,1,2021,False,,3.2,False,3.12108,3.12108,realized
5541,Chuma Okeke,1629643.0,Magic,2,2022,False,,3.2,False,3.27708,3.27708,realized
5542,Cole Anthony,1630175.0,Magic,1,2021,False,,3.35,False,3.28512,3.28512,realized
5542,Cole Anthony,1630175.0,Magic,2,2022,False,,3.35,False,3.4494,3.4494,realized
5543,Gary Clark Jr.,1629109.0,Magic,1,2021,False,,2.05,False,,2.05,estimated_flat
5543,Gary Clark Jr.,1629109.0,Magic,2,2022,False,,2.05,False,,2.05,estimated_flat
5544,Dwayne Bacon,1628407.0,Magic,1,2021,False,,1.75,False,1.678854,1.678854,realized
5544,Dwayne Bacon,1628407.0,Magic,2,2022,False,,1.75,False,,1.75,estimated_flat
5545,Michael Carter-Williams,203487.0,Magic,1,2021,False,,3.3,False,3.3,3.3,realized
5545,Michael Carter-Williams,203487.0,Magic,2,2022,False,,3.3,False,,3.3,estimated_flat
5546,James Ennis III,203516.0,Magic,1,2021,False,,3.3,False,3.3,3.3,realized
5554,Jonathan Isaac,1628371.0,Magic,1,2021,False,,17.475,False,,17.475,estimated_flat
5554,Jonathan Isaac,1628371.0,Magic,2,2022,False,,17.475,False,,17.475,estimated_flat
5554,Jonathan Isaac,1628371.0,Magic,3,2023,False,,17.475,False,17.4,17.4,realized
5554,Jonathan Isaac,1628371.0,Magic,4,2024,False,,17.475,False,17.4,17.4,realized
5555,Markelle Fultz,1628365.0,Magic,1,2021,False,,16.667,False,12.288697,12.288697,realized
5555,Markelle Fultz,1628365.0,Magic,2,2022,False,,16.667,False,16.5,16.5,realized
5555,Markelle Fultz,1628365.0,Magic,3,2023,False,,16.667,False,16.5,16.5,realized
5570,Franz Wagner,1630532.0,Magic,1,2022,False,,5.7,False,5.00784,5.00784,realized
5570,Franz Wagner,1630532.0,Magic,2,2023,False,,5.7,False,5.25828,5.25828,realized
5570,Franz Wagner,1630532.0,Magic,3,2024,False,,5.7,False,5.50872,5.50872,realized
5570,Franz Wagner,1630532.0,Magic,4,2025,False,,5.7,False,7.007092,7.007092,realized
5571,Jalen Suggs,1630591.0,Magic,1,2022,False,,7.5,False,6.59292,6.59292,realized
5571,Jalen Suggs,1630591.0,Magic,2,2023,False,,7.5,False,6.92232,6.92232,realized
5571,Jalen Suggs,1630591.0,Magic,3,2024,False,,7.5,False,7.25208,7.25208,realized
5571,Jalen Suggs,1630591.0,Magic,4,2025,False,,7.5,False,9.188385,9.188385,realized
5572,Robin Lopez,201577.0,Magic,1,2022,False,,5.0,False,5.0,5.0,realized
5574,Moritz Wagner / Moe Wagner,1629021.0,Magic,1,2022,False,,1.8,False,1.729217,1.729217,realized
5574,Moritz Wagner / Moe Wagner,1629021.0,Magic,2,2023,False,,1.8,False,1.87872,1.87872,realized
5583,Wendell Carter Jr.,1628976.0,Magic,1,2022,False,,12.5,False,6.920027,6.920027,realized
5583,Wendell Carter Jr.,1628976.0,Magic,2,2023,False,,12.5,False,14.15,14.15,realized
5583,Wendell Carter Jr.,1628976.0,Magic,3,2024,False,,12.5,False,13.05,13.05,realized
5583,Wendell Carter Jr.,1628976.0,Magic,4,2025,False,,12.5,False,11.95,11.95,realized
5600,Gary Harris,203914.0,Magic,1,2022,False,,13.0,False,20.482143,20.482143,realized
5600,Gary Harris,203914.0,Magic,2,2023,False,,13.0,False,13.0,13.0,realized
5601,Paolo Banchero,1631094.0,Magic,1,2023,False,,12.55,False,11.05512,11.05512,realized
5601,Paolo Banchero,1631094.0,Magic,2,2024,False,,12.55,False,11.60808,11.60808,realized
5601,Paolo Banchero,1631094.0,Magic,3,2025,False,,12.55,False,12.1608,12.1608,realized
5601,Paolo Banchero,1631094.0,Magic,4,2026,False,,12.55,False,15.334769,15.334769,realized
5602,Bol Bol,1629626.0,Magic,1,2023,False,,2.0,False,2.2,2.2,realized
5602,Bol Bol,1629626.0,Magic,2,2024,False,,2.0,False,2.019706,2.019706,realized
5603,Mohamed Bamba / Mo Bamba,1628964.0,Magic,1,2023,False,,10.5,False,10.3,10.3,realized
5603,Mohamed Bamba / Mo Bamba,1628964.0,Magic,2,2024,False,,10.5,False,2.019706,2.019706,realized
5604,Caleb Houstan,1631216.0,Magic,1,2023,False,,2.05,False,2.0,2.0,realized
5604,Caleb Houstan,1631216.0,Magic,2,2024,False,,2.05,False,2.0,2.0,realized
5604,Caleb Houstan,1631216.0,Magic,3,2025,False,,2.05,False,2.019699,2.019699,realized
5604,Caleb Houstan,1631216.0,Magic,4,2026,False,,2.05,False,0.0,0.0,realized
5619,Michael Carter-Williams,203487.0,Magic,1,2023,False,,1.85,False,0.652829,0.652829,realized
5619,Michael Carter-Williams,203487.0,Magic,2,2024,True,team,1.85,False,,1.85,estimated_flat
5623,Anthony Black,1641710.0,Magic,1,2024,False,,8.225,False,7.24548,7.24548,realized
5623,Anthony Black,1641710.0,Magic,2,2025,False,,8.225,False,7.60776,7.60776,realized
5623,Anthony Black,1641710.0,Magic,3,2026,False,,8.225,False,7.97028,7.97028,realized
5623,Anthony Black,1641710.0,Magic,4,2027,False,,8.225,False,,8.225,estimated_flat
5624,Jett Howard,1641724.0,Magic,1,2024,False,,5.8,False,5.0268,5.0268,realized
5624,Jett Howard,1641724.0,Magic,2,2025,False,,5.8,False,5.27832,5.27832,realized
5624,Jett Howard,1641724.0,Magic,3,2026,False,,5.8,False,5.52972,5.52972,realized
5624,Jett Howard,1641724.0,Magic,4,2027,False,,5.8,False,,5.8,estimated_flat
5625,Joe Ingles,204060.0,Magic,1,2024,False,,11.0,False,11.0,11.0,realized
5625,Joe Ingles,204060.0,Magic,2,2025,False,,11.0,False,2.087519,2.087519,realized
5626,Moritz Wagner / Moe Wagner,1629021.0,Magic,1,2024,False,,8.0,False,8.0,8.0,realized
5626,Moritz Wagner / Moe Wagner,1629021.0,Magic,2,2025,False,,8.0,False,11.0,11.0,realized
5636,Cole Anthony,1630175.0,Magic,1,2024,False,,13.033,False,5.539771,5.539771,realized
5636,Cole Anthony,1630175.0,Magic,2,2025,False,,13.033,False,12.9,12.9,realized
5636,Cole Anthony,1630175.0,Magic,3,2026,False,,13.033,False,2.296274,2.296274,realized
5636,Cole Anthony,1630175.0,Magic,4,2027,False,,13.033,False,,13.033,estimated_flat
5639,Franz Wagner,1630532.0,Magic,1,2025,False,,44.8,False,7.007092,7.007092,realized
5639,Franz Wagner,1630532.0,Magic,2,2026,False,,44.8,False,38.66175,38.66175,realized
5639,Franz Wagner,1630532.0,Magic,3,2027,False,,44.8,False,,44.8,estimated_flat
5639,Franz Wagner,1630532.0,Magic,4,2028,False,,44.8,False,,44.8,estimated_flat
5639,Franz Wagner,1630532.0,Magic,5,2029,False,,44.8,False,,44.8,estimated_flat
5640,Gary Harris,203914.0,Magic,1,2025,False,,7.0,False,7.5,7.5,realized
5640,Gary Harris,203914.0,Magic,2,2026,True,team,7.0,False,3.634153,3.634153,realized
5641,Goga Bitadze,1629048.0,Magic,1,2025,False,,8.333,False,9.057971,9.057971,realized
5641,Goga Bitadze,1629048.0,Magic,2,2026,False,,8.333,False,8.333333,8.333333,realized
5641,Goga Bitadze,1629048.0,Magic,3,2027,False,,8.333,False,,8.333,estimated_flat
5642,Jonathan Isaac,1628371.0,Magic,1,2025,False,,16.8,False,27.6,27.6,realized
5642,Jonathan Isaac,1628371.0,Magic,2,2026,False,,16.8,False,15.0,15.0,realized
5642,Jonathan Isaac,1628371.0,Magic,3,2027,False,,16.8,False,,16.8,estimated_flat
5642,Jonathan Isaac,1628371.0,Magic,4,2028,False,,16.8,False,,16.8,estimated_flat
5642,Jonathan Isaac,1628371.0,Magic,5,2029,False,,16.8,False,,16.8,estimated_flat
5643,Kentavious Caldwell-Pope,203484.0,Magic,1,2025,False,,22.0,False,22.757,22.757,realized
5643,Kentavious Caldwell-Pope,203484.0,Magic,2,2026,False,,22.0,False,21.6215,21.6215,realized
5643,Kentavious Caldwell-Pope,203484.0,Magic,3,2027,True,player,22.0,False,,22.0,estimated_flat
5644,Moritz Wagner / Moe Wagner,1629021.0,Magic,1,2025,False,,11.0,False,11.0,11.0,realized
5644,Moritz Wagner / Moe Wagner,1629021.0,Magic,2,2026,True,team,11.0,False,5.0,5.0,realized
5645,Tristan da Silva,1641783.0,Magic,1,2025,False,,4.4,False,3.62844,3.62844,realized
5645,Tristan da Silva,1641783.0,Magic,2,2026,False,,4.4,False,3.80952,3.80952,realized
5645,Tristan da Silva,1641783.0,Magic,3,2027,False,,4.4,False,,4.4,estimated_flat
5645,Tristan da Silva,1641783.0,Magic,4,2028,False,,4.4,False,,4.4,estimated_flat
5646,Cory Joseph,202709.0,Magic,1,2025,False,,3.4,False,3.303771,3.303771,realized
5646,Cory Joseph,202709.0,Magic,2,2026,False,,3.4,False,,3.4,estimated_flat
5647,Antonio Reeves,1641810.0,Magic,1,2025,False,,1.8,False,1.157153,1.157153,realized
5647,Antonio Reeves,1641810.0,Magic,2,2026,False,,1.8,False,0.0,0.0,realized
5647,Antonio Reeves,1641810.0,Magic,3,2027,False,,1.8,False,,1.8,estimated_flat
5656,Wendell Carter Jr.,1628976.0,Magic,1,2025,False,,19.533,False,11.95,11.95,realized
5656,Wendell Carter Jr.,1628976.0,Magic,2,2026,False,,19.533,False,10.85,10.85,realized
5656,Wendell Carter Jr.,1628976.0,Magic,3,2027,True,team,19.533,False,,19.533,estimated_flat
5659,Jalen Suggs,1630591.0,Magic,1,2025,False,,30.1,False,9.188385,9.188385,realized
5659,Jalen Suggs,1630591.0,Magic,2,2026,False,,30.1,False,35.0,35.0,realized
5659,Jalen Suggs,1630591.0,Magic,3,2027,False,,30.1,False,,30.1,estimated_flat
5659,Jalen Suggs,1630591.0,Magic,4,2028,False,,30.1,False,,30.1,estimated_flat
5659,Jalen Suggs,1630591.0,Magic,5,2029,True,team,30.1,True,,30.1,estimated_flat
5661,Jase Richardson,1642859.0,Magic,1,2026,False,,3.825,False,2.98332,2.98332,realized
5661,Jase Richardson,1642859.0,Magic,2,2027,False,,3.825,False,,3.825,estimated_flat
5661,Jase Richardson,1642859.0,Magic,3,2028,False,,3.825,False,,3.825,estimated_flat
5661,Jase Richardson,1642859.0,Magic,4,2029,False,,3.825,False,,3.825,estimated_flat
5662,Noah Penda,1642869.0,Magic,1,2026,False,,2.225,False,1.27287,1.27287,realized
5662,Noah Penda,1642869.0,Magic,2,2027,False,,2.225,False,,2.225,estimated_flat
5662,Noah Penda,1642869.0,Magic,3,2028,False,,2.225,False,,2.225,estimated_flat
5662,Noah Penda,1642869.0,Magic,4,2029,False,,2.225,False,,2.225,estimated_flat
5663,Tyus Jones,1626145.0,Magic,1,2026,False,,7.0,False,7.0,7.0,realized
5664,Moritz Wagner / Moe Wagner,1629021.0,Magic,1,2026,False,,5.0,False,5.0,5.0,realized
5665,Paolo Banchero,1631094.0,Magic,1,2026,False,,47.98,False,15.334769,15.334769,realized
5665,Paolo Banchero,1631094.0,Magic,2,2027,False,,47.98,False,,47.98,estimated_flat
5665,Paolo Banchero,1631094.0,Magic,3,2028,False,,47.98,False,,47.98,estimated_flat
5665,Paolo Banchero,1631094.0,Magic,4,2029,False,,47.98,False,,47.98,estimated_flat
5665,Paolo Banchero,1631094.0,Magic,5,2030,False,,47.98,False,,47.98,estimated_flat
5684,Jevon Carter,1628975.0,Magic,1,2027,False,,3.5,False,,3.5,estimated_flat
5685,Jonathan Isaac,1628371.0,Magic,1,2027,False,,3.5,False,,3.5,estimated_flat
5686,Nikola Vucevic,202696.0,Magic,1,2027,False,,3.9,False,,3.9,estimated_flat
5701,Joel Embiid,203954.0,76ers,1,2015,False,,4.5,False,,4.5,estimated_flat
5701,Joel Embiid,203954.0,76ers,2,2016,False,,4.5,False,,4.5,estimated_flat
5721,Jahlil Okafor,1626143.0,76ers,1,2016,False,,4.7,False,4.58268,4.58268,realized
5721,Jahlil Okafor,1626143.0,76ers,2,2017,False,,4.7,False,4.78884,4.78884,realized
5726,Kendall Marshall,203088.0,76ers,1,2016,False,,2.0,False,2.144772,2.144772,realized
5726,Kendall Marshall,203088.0,76ers,2,2017,False,,2.0,False,,2.0,estimated_flat
5726,Kendall Marshall,203088.0,76ers,3,2018,False,,2.0,False,,2.0,estimated_flat
5726,Kendall Marshall,203088.0,76ers,4,2019,False,,2.0,False,,2.0,estimated_flat
5739,Ben Simmons,1627732.0,76ers,1,2017,False,,6.0,False,,6.0,estimated_flat
5739,Ben Simmons,1627732.0,76ers,2,2018,False,,6.0,False,6.16884,6.16884,realized
5740,Timothe Luwawu-Cabarrot,1627789.0,76ers,1,2017,False,,1.35,False,1.32696,1.32696,realized
5740,Timothe Luwawu-Cabarrot,1627789.0,76ers,2,2018,False,,1.35,False,1.3866,1.3866,realized
5744,Gerald Henderson Jr.,201945.0,76ers,1,2017,False,,9.0,False,9.0,9.0,realized
5744,Gerald Henderson Jr.,201945.0,76ers,2,2018,False,,9.0,False,,9.0,estimated_flat
5745,Jerryd Bayless,201573.0,76ers,1,2017,False,,9.0,False,9.424084,9.424084,realized
5745,Jerryd Bayless,201573.0,76ers,2,2018,False,,9.0,False,9.0,9.0,realized
5745,Jerryd Bayless,201573.0,76ers,3,2019,False,,9.0,False,,9.0,estimated_flat
5746,Sergio Rodriguez,200771.0,76ers,1,2017,False,,8.0,False,8.0,8.0,realized
5747,Dario Saric,203967.0,76ers,1,2017,False,,2.4,False,2.31828,2.31828,realized
5747,Dario Saric,203967.0,76ers,2,2018,False,,2.4,False,2.42256,2.42256,realized
5756,Chasson Randle,1626184.0,76ers,1,2017,False,,1.033,False,,1.033,estimated_flat
5756,Chasson Randle,1626184.0,76ers,2,2018,False,,1.033,False,,1.033,estimated_flat
5756,Chasson Randle,1626184.0,76ers,3,2019,False,,1.033,False,0.869094,0.869094,realized
5764,Furkan Korkmaz,1627788.0,76ers,1,2018,False,,1.5,False,1.46592,1.46592,realized
5764,Furkan Korkmaz,1627788.0,76ers,2,2019,False,,1.5,False,1.74,1.74,realized
5764,Furkan Korkmaz,1627788.0,76ers,3,2020,False,,1.5,False,1.620564,1.620564,realized
5764,Furkan Korkmaz,1627788.0,76ers,4,2021,False,,1.5,False,1.762796,1.762796,realized
5765,Amir Johnson,101161.0,76ers,1,2018,False,,11.0,False,11.0,11.0,realized
5766,J.J. Redick,200755.0,76ers,1,2018,False,,23.0,False,23.0,23.0,realized
5767,Markelle Fultz,1628365.0,76ers,1,2018,False,,7.7,False,7.02624,7.02624,realized
5767,Markelle Fultz,1628365.0,76ers,2,2019,False,,7.7,False,8.33988,8.33988,realized
5767,Markelle Fultz,1628365.0,76ers,3,2020,False,,7.7,False,9.7452,9.7452,realized
5767,Markelle Fultz,1628365.0,76ers,4,2021,False,,7.7,False,12.288697,12.288697,realized
5774,Joel Embiid,203954.0,76ers,1,2018,False,,29.6,False,6.100266,6.100266,realized
5774,Joel Embiid,203954.0,76ers,2,2019,False,,29.6,False,25.46725,25.46725,realized
5774,Joel Embiid,203954.0,76ers,3,2020,False,,29.6,False,27.50463,27.50463,realized
5774,Joel Embiid,203954.0,76ers,4,2021,False,,29.6,False,29.54201,29.54201,realized
5774,Joel Embiid,203954.0,76ers,5,2022,False,,29.6,False,31.57939,31.57939,realized
5778,Robert Covington,203496.0,76ers,1,2018,False,,15.5,False,16.698103,16.698103,realized
5778,Robert Covington,203496.0,76ers,2,2019,False,,15.5,False,10.464092,10.464092,realized
5778,Robert Covington,203496.0,76ers,3,2020,False,,15.5,False,11.301219,11.301219,realized
5778,Robert Covington,203496.0,76ers,4,2021,False,,15.5,False,12.138345,12.138345,realized
5786,Zhaire Smith,1629015.0,76ers,1,2019,False,,2.85,False,2.6118,2.6118,realized
5786,Zhaire Smith,1629015.0,76ers,2,2020,False,,2.85,False,3.0588,3.0588,realized
5786,Zhaire Smith,1629015.0,76ers,3,2021,False,,2.85,False,,2.85,estimated_flat
5786,Zhaire Smith,1629015.0,76ers,4,2022,False,,2.85,False,,2.85,estimated_flat
5787,Landry Shamet,1629013.0,76ers,1,2019,False,,1.85,False,1.70364,1.70364,realized
5787,Landry Shamet,1629013.0,76ers,2,2020,False,,1.85,False,1.99512,1.99512,realized
5787,Landry Shamet,1629013.0,76ers,3,2021,False,,1.85,False,2.09004,2.09004,realized
5787,Landry Shamet,1629013.0,76ers,4,2022,False,,1.85,False,3.768342,3.768342,realized
5788,J.J. Redick,200755.0,76ers,1,2019,False,,12.25,False,12.25,12.25,realized
5789,Amir Johnson,101161.0,76ers,1,2019,False,,2.39,False,1.512601,1.512601,realized
5790,Jonah Bolden,1628413.0,76ers,1,2019,False,,1.75,False,1.69,1.69,realized
5790,Jonah Bolden,1628413.0,76ers,2,2020,False,,1.75,False,,1.75,estimated_flat
5790,Jonah Bolden,1628413.0,76ers,3,2021,False,,1.75,False,,1.75,estimated_flat
5790,Jonah Bolden,1628413.0,76ers,4,2022,False,,1.75,False,,1.75,estimated_flat
5806,Matisse Thybulle,1629680.0,76ers,1,2020,False,,2.65,False,2.58216,2.58216,realized
5806,Matisse Thybulle,1629680.0,76ers,2,2021,False,,2.65,False,2.71128,2.71128,realized
5807,Jimmy Butler,202710.0,76ers,1,2020,False,,35.2,False,32.742,32.742,realized
5807,Jimmy Butler,202710.0,76ers,2,2021,False,,35.2,False,34.3791,34.3791,realized
5807,Jimmy Butler,202710.0,76ers,3,2022,False,,35.2,False,36.0162,36.0162,realized
5807,Jimmy Butler,202710.0,76ers,4,2023,False,,35.2,False,37.6533,37.6533,realized
5809,Shake Milton,1629003.0,76ers,1,2020,False,,1.25,False,1.445697,1.445697,realized
5809,Shake Milton,1629003.0,76ers,2,2021,False,,1.25,False,1.701593,1.701593,realized
5809,Shake Milton,1629003.0,76ers,3,2022,False,,1.25,False,1.846738,1.846738,realized
5809,Shake Milton,1629003.0,76ers,4,2023,True,team,1.25,False,1.997718,1.997718,realized
5810,Al Horford,201143.0,76ers,1,2020,False,,27.25,False,28.0,28.0,realized
5810,Al Horford,201143.0,76ers,2,2021,False,,27.25,False,27.5,27.5,realized
5810,Al Horford,201143.0,76ers,3,2022,False,,27.25,False,27.0,27.0,realized
5810,Al Horford,201143.0,76ers,4,2023,False,,27.25,False,26.5,26.5,realized
5811,Tobias Harris,202699.0,76ers,1,2020,False,,36.0,False,32.742,32.742,realized
5811,Tobias Harris,202699.0,76ers,2,2021,False,,36.0,False,34.35885,34.35885,realized
5811,Tobias Harris,202699.0,76ers,3,2022,False,,36.0,False,35.99595,35.99595,realized
5811,Tobias Harris,202699.0,76ers,4,2023,False,,36.0,False,37.63305,37.63305,realized
5811,Tobias Harris,202699.0,76ers,5,2024,False,,36.0,False,39.27015,39.27015,realized
5812,(James) Mike Scott,203118.0,76ers,1,2020,False,,4.9,False,4.767,4.767,realized
5812,(James) Mike Scott,203118.0,76ers,2,2021,False,,4.9,False,5.00535,5.00535,realized
5813,Kyle O'Quinn,203124.0,76ers,1,2020,False,,2.03,False,1.620564,1.620564,realized
5814,James Ennis III,203516.0,76ers,1,2020,False,,2.05,False,1.882867,1.882867,realized
5814,James Ennis III,203516.0,76ers,2,2021,False,,2.05,False,3.3,3.3,realized
5815,Raulzinho Neto / Raul Neto,203526.0,76ers,1,2020,False,,1.73,False,1.620564,1.620564,realized
5816,Ben Simmons,1627732.0,76ers,1,2020,False,,34.0,False,8.11393,8.11393,realized
5816,Ben Simmons,1627732.0,76ers,2,2021,False,,34.0,False,30.5592,30.5592,realized
5816,Ben Simmons,1627732.0,76ers,3,2022,False,,34.0,False,,34.0,estimated_flat
5816,Ben Simmons,1627732.0,76ers,4,2023,False,,34.0,False,35.448672,35.448672,realized
5816,Ben Simmons,1627732.0,76ers,5,2024,False,,34.0,False,37.893408,37.893408,realized
5818,Furkan Korkmaz,1627788.0,76ers,1,2020,False,,1.7,False,1.620564,1.620564,realized
5818,Furkan Korkmaz,1627788.0,76ers,2,2021,False,,1.7,False,1.762796,1.762796,realized
5819,Trey Burke,203504.0,76ers,1,2020,False,,2.0,False,0.0,0.0,realized
5830,Dwight Howard,2730.0,76ers,1,2021,False,,2.6,False,1.620564,1.620564,realized
5831,Derrick Walton Jr.,1628476.0,76ers,1,2021,False,,1.6,False,,1.6,estimated_flat
5833,Isaiah Joe,1630198.0,76ers,1,2021,False,,1.4,False,0.89831,0.89831,realized
5833,Isaiah Joe,1630198.0,76ers,2,2022,False,,1.4,False,1.517981,1.517981,realized
5833,Isaiah Joe,1630198.0,76ers,3,2023,False,,1.4,False,1.83609,1.83609,realized
5838,Tyrese Maxey,1630178.0,76ers,1,2021,False,,2.55,False,2.47884,2.47884,realized
5838,Tyrese Maxey,1630178.0,76ers,2,2022,False,,2.55,False,2.60292,2.60292,realized
5850,Andre Drummond,203083.0,76ers,1,2022,False,,2.4,False,1.669178,1.669178,realized
5851,Jaden Springer,1630531.0,76ers,1,2022,False,,2.6,False,2.02368,2.02368,realized
5851,Jaden Springer,1630531.0,76ers,2,2023,False,,2.6,False,2.1252,2.1252,realized
5851,Jaden Springer,1630531.0,76ers,3,2024,False,,2.6,False,2.22624,2.22624,realized
5851,Jaden Springer,1630531.0,76ers,4,2025,False,,2.6,False,0.634437,0.634437,realized
5852,Georges Niang,1627777.0,76ers,1,2022,False,,3.35,False,3.3,3.3,realized
5852,Georges Niang,1627777.0,76ers,2,2023,False,,3.35,False,3.465,3.465,realized
5853,Danny Green,201980.0,76ers,1,2022,False,,10.0,False,10.0,10.0,realized
5853,Danny Green,201980.0,76ers,2,2023,False,,10.0,False,2.0,2.0,realized
5855,Furkan Korkmaz,1627788.0,76ers,1,2022,False,,5.0,False,4.62963,4.62963,realized
5855,Furkan Korkmaz,1627788.0,76ers,2,2023,False,,5.0,False,5.0,5.0,realized
5855,Furkan Korkmaz,1627788.0,76ers,3,2024,False,,5.0,False,,5.0,estimated_flat
5857,Joel Embiid,203954.0,76ers,1,2022,False,,49.0,False,31.57939,31.57939,realized
5857,Joel Embiid,203954.0,76ers,2,2023,False,,49.0,False,33.61677,33.61677,realized
5857,Joel Embiid,203954.0,76ers,3,2024,False,,49.0,False,47.60735,47.60735,realized
5857,Joel Embiid,203954.0,76ers,4,2025,True,player,49.0,True,51.415938,51.415938,realized
5861,Charles Bassey,1629646.0,76ers,1,2022,False,,1.433,False,0.925258,0.925258,realized
5861,Charles Bassey,1629646.0,76ers,2,2023,False,,1.433,False,2.6,2.6,realized
5861,Charles Bassey,1629646.0,76ers,3,2024,False,,1.433,False,2.6,2.6,realized
5874,Trevelin Queen,1630243.0,76ers,1,2023,False,,1.8,False,,1.8,estimated_flat
5874,Trevelin Queen,1630243.0,76ers,2,2024,False,,1.8,False,,1.8,estimated_flat
5876,Danuel House Jr.,1627863.0,76ers,1,2023,False,,4.25,False,4.105,4.105,realized
5876,Danuel House Jr.,1627863.0,76ers,2,2024,False,,4.25,False,,4.25,estimated_flat
5877,P.J. Tucker,200782.0,76ers,1,2023,False,,11.067,False,10.49,10.49,realized
5877,P.J. Tucker,200782.0,76ers,2,2024,False,,11.067,False,11.0145,11.0145,realized
5877,P.J. Tucker,200782.0,76ers,3,2025,False,,11.067,False,11.539,11.539,realized
5879,James Harden,201935.0,76ers,1,2023,False,,34.3,False,33.0,33.0,realized
5879,James Harden,201935.0,76ers,2,2024,False,,34.3,False,35.680595,35.680595,realized
5880,Montrezl Harrell,1626149.0,76ers,1,2023,False,,2.6,False,2.46349,2.46349,realized
5880,Montrezl Harrell,1626149.0,76ers,2,2024,False,,2.6,False,,2.6,estimated_flat
5894,Mohamed Bamba / Mo Bamba,1628964.0,76ers,1,2024,False,,2.4,False,2.019706,2.019706,realized
5895,Patrick Beverley,201976.0,76ers,1,2024,False,,3.2,False,2.019706,2.019706,realized
5896,Paul Reed,1630194.0,76ers,1,2024,False,,7.667,False,7.723,7.723,realized
5896,Paul Reed,1630194.0,76ers,2,2025,False,,7.667,False,1.427671,1.427671,realized
5896,Paul Reed,1630194.0,76ers,3,2026,False,,7.667,False,5.335894,5.335894,realized
5898,Filip Petrusev,1630196.0,76ers,1,2024,False,,1.5,False,,1.5,estimated_flat
5898,Filip Petrusev,1630196.0,76ers,2,2025,False,,1.5,False,,1.5,estimated_flat
5899,Montrezl Harrell,1626149.0,76ers,1,2024,False,,2.9,False,,2.9,estimated_flat
5902,Danny Green,201980.0,76ers,1,2024,False,,3.2,False,,3.2,estimated_flat
5914,Ricky Council IV,1641741.0,76ers,1,2024,False,,1.85,False,0.864353,0.864353,realized
5914,Ricky Council IV,1641741.0,76ers,2,2025,False,,1.85,False,1.891857,1.891857,realized
5914,Ricky Council IV,1641741.0,76ers,3,2026,False,,1.85,False,,1.85,estimated_flat
5914,Ricky Council IV,1641741.0,76ers,4,2027,True,team,1.85,False,,1.85,estimated_flat
5918,Buddy Hield,1627741.0,76ers,1,2025,False,,9.45,False,8.780488,8.780488,realized
5918,Buddy Hield,1627741.0,76ers,2,2026,False,,9.45,False,9.219512,9.219512,realized
5918,Buddy Hield,1627741.0,76ers,3,2027,False,,9.45,False,,9.45,estimated_flat
5918,Buddy Hield,1627741.0,76ers,4,2028,False,,9.45,False,,9.45,estimated_flat
5919,Caleb Martin,1628997.0,76ers,1,2025,False,,8.0,False,9.186594,9.186594,realized
5919,Caleb Martin,1628997.0,76ers,2,2026,False,,8.0,False,9.594044,9.594044,realized
5919,Caleb Martin,1628997.0,76ers,3,2027,False,,8.0,False,,8.0,estimated_flat
5919,Caleb Martin,1628997.0,76ers,4,2028,False,,8.0,False,,8.0,estimated_flat
5920,Paul George,202331.0,76ers,1,2025,False,,53.0,False,49.2058,49.2058,realized
5920,Paul George,202331.0,76ers,2,2026,False,,53.0,False,51.66609,51.66609,realized
5920,Paul George,202331.0,76ers,3,2027,False,,53.0,False,,53.0,estimated_flat
5920,Paul George,202331.0,76ers,4,2028,True,player,53.0,False,,53.0,estimated_flat
5921,Andre Drummond,203083.0,76ers,1,2025,False,,5.0,False,5.0,5.0,realized
5921,Andre Drummond,203083.0,76ers,2,2026,False,,5.0,False,5.0,5.0,realized
5922,Kelly Oubre Jr.,1626162.0,76ers,1,2025,False,,8.15,False,7.983,7.983,realized
5922,Kelly Oubre Jr.,1626162.0,76ers,2,2026,False,,8.15,False,8.38215,8.38215,realized
5923,Tyrese Maxey,1630178.0,76ers,1,2025,False,,40.8,False,35.147,35.147,realized
5923,Tyrese Maxey,1630178.0,76ers,2,2026,False,,40.8,False,37.95876,37.95876,realized
5923,Tyrese Maxey,1630178.0,76ers,3,2027,False,,40.8,False,,40.8,estimated_flat
5923,Tyrese Maxey,1630178.0,76ers,4,2028,False,,40.8,False,,40.8,estimated_flat
5923,Tyrese Maxey,1630178.0,76ers,5,2029,False,,40.8,False,,40.8,estimated_flat
5924,Eric Gordon,201569.0,76ers,1,2025,True,player,3.3,True,3.303771,3.303771,realized
5925,Kyle Lowry,200768.0,76ers,1,2025,False,,3.3,False,2.087519,2.087519,realized
5927,Adem Bona,1641737.0,76ers,1,2025,False,,1.975,False,1.157153,1.157153,realized
5927,Adem Bona,1641737.0,76ers,2,2026,False,,1.975,False,1.955377,1.955377,realized
5927,Adem Bona,1641737.0,76ers,3,2027,False,,1.975,False,,1.975,estimated_flat
5927,Adem Bona,1641737.0,76ers,4,2028,False,,1.975,False,,1.975,estimated_flat
5930,Reggie Jackson (Shon),202704.0,76ers,1,2025,False,,3.3,False,2.087519,2.087519,realized
5931,Guerschon Yabusele,1627824.0,76ers,1,2025,False,,2.1,False,2.087519,2.087519,realized
5935,Joel Embiid,203954.0,76ers,1,2025,False,,64.333,False,51.415938,51.415938,realized
5935,Joel Embiid,203954.0,76ers,2,2026,False,,64.333,False,55.224526,55.224526,realized
5935,Joel Embiid,203954.0,76ers,3,2027,False,,64.333,False,,64.333,estimated_flat
5947,Lonnie Walker IV,1629022.0,76ers,1,2025,False,,1.85,False,0.780932,0.780932,realized
5947,Lonnie Walker IV,1629022.0,76ers,2,2026,True,team,1.85,False,,1.85,estimated_flat
5957,Johni Broome,1641780.0,76ers,1,2026,False,,2.175,False,1.27287,1.27287,realized
5957,Johni Broome,1641780.0,76ers,2,2027,False,,2.175,False,,2.175,estimated_flat
5957,Johni Broome,1641780.0,76ers,3,2028,False,,2.175,False,,2.175,estimated_flat
5957,Johni Broome,1641780.0,76ers,4,2029,False,,2.175,False,,2.175,estimated_flat
5959,Eric Gordon,201569.0,76ers,1,2026,False,,3.6,False,2.296274,2.296274,realized
5961,Justin Edwards,1642348.0,76ers,1,2026,False,,2.367,False,2.048494,2.048494,realized
5961,Justin Edwards,1642348.0,76ers,2,2027,False,,2.367,False,,2.367,estimated_flat
5961,Justin Edwards,1642348.0,76ers,3,2028,False,,2.367,False,,2.367,estimated_flat
5962,Trendon Watford,1630570.0,76ers,1,2026,False,,2.65,False,2.461463,2.461463,realized
5962,Trendon Watford,1630570.0,76ers,2,2027,False,,2.65,False,,2.65,estimated_flat
5963,Kyle Lowry,200768.0,76ers,1,2026,False,,3.6,False,2.296274,2.296274,realized
5972,Quentin Grimes,1629656.0,76ers,1,2026,False,,8.7,False,8.741209,8.741209,realized
5983,Jabari Walker,1631133.0,76ers,1,2026,False,,1.65,False,0.0,0.0,realized
5983,Jabari Walker,1631133.0,76ers,2,2027,False,,1.65,False,,1.65,estimated_flat
5985,Dalen Terry,1631207.0,76ers,1,2026,False,,1.35,False,5.399118,5.399118,realized
5985,Dalen Terry,1631207.0,76ers,2,2027,False,,1.35,False,,1.35,estimated_flat
5988,Anfernee Simons,1629014.0,76ers,1,2027,False,,6.15,False,,6.15,estimated_flat
5988,Anfernee Simons,1629014.0,76ers,2,2028,True,player,6.15,False,,6.15,estimated_flat
5989,Ariel Hukporti,1630574.0,76ers,1,2027,False,,3.4,False,,3.4,estimated_flat
5990,Dean Wade,1629731.0,76ers,1,2027,False,,9.675,False,,9.675,estimated_flat
5990,Dean Wade,1629731.0,76ers,2,2028,False,,9.675,False,,9.675,estimated_flat
5990,Dean Wade,1629731.0,76ers,3,2029,False,,9.675,False,,9.675,estimated_flat
5990,Dean Wade,1629731.0,76ers,4,2030,False,,9.675,False,,9.675,estimated_flat
5994,LeBron James,2544.0,76ers,1,2027,False,,4.0,False,,4.0,estimated_flat
5994,LeBron James,2544.0,76ers,2,2028,False,,4.0,False,,4.0,estimated_flat
6000,Anthony Tolliver,201229.0,Suns,1,2015,False,,3.0,False,3.0,3.0,realized
6000,Anthony Tolliver,201229.0,Suns,2,2016,False,,3.0,False,3.0,3.0,realized
6001,P.J. Tucker,200782.0,Suns,1,2015,False,,5.5,False,5.7,5.7,realized
6001,P.J. Tucker,200782.0,Suns,2,2016,False,,5.5,False,5.5,5.5,realized
6001,P.J. Tucker,200782.0,Suns,3,2017,False,,5.5,False,5.3,5.3,realized
6002,Tyler Ennis,203898.0,Suns,1,2015,False,,1.65,False,1.59072,1.59072,realized
6002,Tyler Ennis,203898.0,Suns,2,2016,False,,1.65,False,1.66236,1.66236,realized
6003,T.J. Warren,203933.0,Suns,1,2015,False,,2.0,False,1.95312,1.95312,realized
6003,T.J. Warren,203933.0,Suns,2,2016,False,,2.0,False,2.04108,2.04108,realized
6004,Eric Bledsoe,202339.0,Suns,1,2015,False,,14.0,False,13.0,13.0,realized
6004,Eric Bledsoe,202339.0,Suns,2,2016,False,,14.0,False,13.5,13.5,realized
6004,Eric Bledsoe,202339.0,Suns,3,2017,False,,14.0,False,14.0,14.0,realized
6004,Eric Bledsoe,202339.0,Suns,4,2018,False,,14.0,False,14.5,14.5,realized
6004,Eric Bledsoe,202339.0,Suns,5,2019,False,,14.0,False,15.0,15.0,realized
6009,Marcus Morris,202694.0,Suns,1,2015,False,,5.0,False,2.943221,2.943221,realized
6009,Marcus Morris,202694.0,Suns,2,2016,False,,5.0,False,5.0,5.0,realized
6009,Marcus Morris,202694.0,Suns,3,2017,False,,5.0,False,4.625,4.625,realized
6009,Marcus Morris,202694.0,Suns,4,2018,False,,5.0,False,5.0,5.0,realized
6010,Markieff Morris,202693.0,Suns,1,2015,False,,8.0,False,2.989239,2.989239,realized
6010,Markieff Morris,202693.0,Suns,2,2016,False,,8.0,False,8.0,8.0,realized
6010,Markieff Morris,202693.0,Suns,3,2017,False,,8.0,False,7.4,7.4,realized
6010,Markieff Morris,202693.0,Suns,4,2018,False,,8.0,False,8.0,8.0,realized
6011,Zoran Dragic,204054.0,Suns,1,2015,False,,1.75,False,1.70625,1.70625,realized
6011,Zoran Dragic,204054.0,Suns,2,2016,False,,1.75,False,,1.75,estimated_flat
6020,Tyson Chandler,2199.0,Suns,1,2016,False,,13.0,False,13.0,13.0,realized
6020,Tyson Chandler,2199.0,Suns,2,2017,False,,13.0,False,12.415,12.415,realized
6020,Tyson Chandler,2199.0,Suns,3,2018,False,,13.0,False,13.0,13.0,realized
6020,Tyson Chandler,2199.0,Suns,4,2019,False,,13.0,False,1.33314,1.33314,realized
6021,Devin Booker,1626164.0,Suns,1,2016,False,,2.05,False,2.12784,2.12784,realized
6021,Devin Booker,1626164.0,Suns,2,2017,False,,2.05,False,2.2236,2.2236,realized
6022,Brandon Knight,202688.0,Suns,1,2016,False,,14.0,False,13.5,13.5,realized
6022,Brandon Knight,202688.0,Suns,2,2017,False,,14.0,False,12.60625,12.60625,realized
6022,Brandon Knight,202688.0,Suns,3,2018,False,,14.0,False,,14.0,estimated_flat
6022,Brandon Knight,202688.0,Suns,4,2019,False,,14.0,False,14.63125,14.63125,realized
6022,Brandon Knight,202688.0,Suns,5,2020,False,,14.0,False,15.64375,15.64375,realized
6023,Mirza Teletovic,203141.0,Suns,1,2016,False,,5.5,False,5.5,5.5,realized
6025,Sonny Weems,201603.0,Suns,1,2016,False,,2.9,False,,2.9,estimated_flat
6025,Sonny Weems,201603.0,Suns,2,2017,False,,2.9,False,,2.9,estimated_flat
6049,Dragan Bender,1627733.0,Suns,1,2017,False,,4.35,False,4.27632,4.27632,realized
6049,Dragan Bender,1627733.0,Suns,2,2018,False,,4.35,False,4.4688,4.4688,realized
6050,Marquese Chriss,1627737.0,Suns,1,2017,False,,3.0,False,2.94144,2.94144,realized
6050,Marquese Chriss,1627737.0,Suns,2,2018,False,,3.0,False,3.0738,3.0738,realized
6052,Jared Dudley,201162.0,Suns,1,2017,False,,10.0,False,10.47,10.47,realized
6052,Jared Dudley,201162.0,Suns,2,2018,False,,10.0,False,10.0,10.0,realized
6052,Jared Dudley,201162.0,Suns,3,2019,False,,10.0,False,9.53,9.53,realized
6053,Leandro Barbosa,2571.0,Suns,1,2017,False,,4.0,False,4.0,4.0,realized
6053,Leandro Barbosa,2571.0,Suns,2,2018,False,,4.0,False,,4.0,estimated_flat
6064,Elijah Millsap,202407.0,Suns,1,2017,False,,0.775,False,0.023069,0.023069,realized
6064,Elijah Millsap,202407.0,Suns,2,2018,False,,0.775,False,,0.775,estimated_flat
6065,Josh Jackson,1628367.0,Suns,1,2018,False,,5.55,False,5.09004,5.09004,realized
6065,Josh Jackson,1628367.0,Suns,2,2019,False,,5.55,False,6.04152,6.04152,realized
6067,Davon Reed,1628432.0,Suns,1,2018,False,,1.4,False,0.815615,0.815615,realized
6067,Davon Reed,1628432.0,Suns,2,2019,False,,1.4,False,,1.4,estimated_flat
6067,Davon Reed,1628432.0,Suns,3,2020,False,,1.4,False,,1.4,estimated_flat
6067,Davon Reed,1628432.0,Suns,4,2021,False,,1.4,False,,1.4,estimated_flat
6069,Alan Williams,1626210.0,Suns,1,2018,False,,5.667,False,6.0,6.0,realized
6069,Alan Williams,1626210.0,Suns,2,2019,False,,5.667,False,,5.667,estimated_flat
6069,Alan Williams,1626210.0,Suns,3,2020,False,,5.667,False,,5.667,estimated_flat
6075,Alex Len,203458.0,Suns,1,2018,False,,4.2,False,4.187598,4.187598,realized
6076,T.J. Warren,203933.0,Suns,1,2018,False,,12.5,False,3.152931,3.152931,realized
6076,T.J. Warren,203933.0,Suns,2,2019,False,,12.5,False,11.75,11.75,realized
6076,T.J. Warren,203933.0,Suns,3,2020,False,,12.5,False,10.81,10.81,realized
6076,T.J. Warren,203933.0,Suns,4,2021,False,,12.5,False,12.0,12.0,realized
6086,Shaquille Harrison,1627885.0,Suns,1,2018,False,,0.75,False,,0.75,estimated_flat
6086,Shaquille Harrison,1627885.0,Suns,2,2019,False,,0.75,False,1.311264,1.311264,realized
6088,Deandre Ayton,1629028.0,Suns,1,2019,False,,8.85,False,8.16516,8.16516,realized
6088,Deandre Ayton,1629028.0,Suns,2,2020,False,,8.85,False,9.56292,9.56292,realized
6088,Deandre Ayton,1629028.0,Suns,3,2021,False,,8.85,False,10.0182,10.0182,realized
6088,Deandre Ayton,1629028.0,Suns,4,2022,False,,8.85,False,12.63295,12.63295,realized
6090,Mikal Bridges,1628969.0,Suns,1,2019,False,,3.85,False,3.55296,3.55296,realized
6090,Mikal Bridges,1628969.0,Suns,2,2020,False,,3.85,False,4.161,4.161,realized
6090,Mikal Bridges,1628969.0,Suns,3,2021,False,,3.85,False,4.359,4.359,realized
6090,Mikal Bridges,1628969.0,Suns,4,2022,False,,3.85,False,5.557725,5.557725,realized
6091,Elie Okobo,1629059.0,Suns,1,2019,False,,1.433,False,1.238464,1.238464,realized
6091,Elie Okobo,1629059.0,Suns,2,2020,False,,1.433,False,1.416852,1.416852,realized
6091,Elie Okobo,1629059.0,Suns,3,2021,False,,1.433,False,,1.433,estimated_flat
6092,Trevor Ariza,2772.0,Suns,1,2019,False,,15.0,False,15.0,15.0,realized
6093,Devin Booker,1626164.0,Suns,1,2019,False,,31.6,False,3.314365,3.314365,realized
6093,Devin Booker,1626164.0,Suns,2,2020,False,,31.6,False,27.285,27.285,realized
6093,Devin Booker,1626164.0,Suns,3,2021,False,,31.6,False,29.4678,29.4678,realized
6093,Devin Booker,1626164.0,Suns,4,2022,False,,31.6,False,31.6506,31.6506,realized
6093,Devin Booker,1626164.0,Suns,5,2023,False,,31.6,False,33.8334,33.8334,realized
6095,De'Anthony Melton,1629001.0,Suns,1,2019,False,,1.2,False,0.949,0.949,realized
6095,De'Anthony Melton,1629001.0,Suns,2,2020,False,,1.2,False,1.416852,1.416852,realized
6096,Jamal Crawford,2037.0,Suns,1,2019,False,,2.3,False,1.512601,1.512601,realized
6098,Eric Moreland,203961.0,Suns,1,2019,False,,1.1,False,,1.1,estimated_flat
6103,Raymond Spalding / Ray Spalding,1629034.0,Suns,1,2019,False,,0.8,False,0.184746,0.184746,realized
6103,Raymond Spalding / Ray Spalding,1629034.0,Suns,2,2020,False,,0.8,False,,0.8,estimated_flat
6106,Jalen Lecque,1629665.0,Suns,1,2020,False,,1.525,False,0.89831,0.89831,realized
6106,Jalen Lecque,1629665.0,Suns,2,2021,False,,1.525,False,,1.525,estimated_flat
6106,Jalen Lecque,1629665.0,Suns,3,2022,False,,1.525,False,,1.525,estimated_flat
6106,Jalen Lecque,1629665.0,Suns,4,2023,False,,1.525,False,,1.525,estimated_flat
6107,Cameron Johnson,1629661.0,Suns,1,2020,False,,4.15,False,4.03344,4.03344,realized
6107,Cameron Johnson,1629661.0,Suns,2,2021,False,,4.15,False,4.23516,4.23516,realized
6108,Ty Jerome,1629660.0,Suns,1,2020,False,,2.25,False,2.19348,2.19348,realized
6108,Ty Jerome,1629660.0,Suns,2,2021,False,,2.25,False,2.30304,2.30304,realized
6109,Ricky Rubio,201937.0,Suns,1,2020,False,,17.0,False,16.2,16.2,realized
6109,Ricky Rubio,201937.0,Suns,2,2021,False,,17.0,False,17.0,17.0,realized
6109,Ricky Rubio,201937.0,Suns,3,2022,False,,17.0,False,17.8,17.8,realized
6110,Kelly Oubre Jr.,1626162.0,Suns,1,2020,False,,15.0,False,15.625,15.625,realized
6110,Kelly Oubre Jr.,1626162.0,Suns,2,2021,False,,15.0,False,14.375,14.375,realized
6111,Frank Kaminsky,1626163.0,Suns,1,2020,False,,4.9,False,4.767,4.767,realized
6111,Frank Kaminsky,1626163.0,Suns,2,2021,False,,4.9,False,1.620564,1.620564,realized
6114,Cheick Diallo,1627767.0,Suns,1,2020,False,,0.85,False,1.678854,1.678854,realized
6114,Cheick Diallo,1627767.0,Suns,2,2021,False,,0.85,False,,0.85,estimated_flat
6125,Jevon Carter,1628975.0,Suns,1,2021,False,,3.833,False,3.925,3.925,realized
6125,Jevon Carter,1628975.0,Suns,2,2022,False,,3.833,False,0.441278,0.441278,realized
6125,Jevon Carter,1628975.0,Suns,3,2023,False,,3.833,False,2.1,2.1,realized
6127,Jalen Smith,1630188.0,Suns,1,2021,False,,4.2,False,4.24572,4.24572,realized
6127,Jalen Smith,1630188.0,Suns,2,2022,False,,4.2,False,4.458,4.458,realized
6128,Damian Jones,1627745.0,Suns,1,2021,False,,1.85,False,,1.85,estimated_flat
6128,Damian Jones,1627745.0,Suns,2,2022,False,,1.85,False,,1.85,estimated_flat
6129,Dario Saric,203967.0,Suns,1,2021,False,,9.0,False,9.25,9.25,realized
6129,Dario Saric,203967.0,Suns,2,2022,False,,9.0,False,,9.0,estimated_flat
6129,Dario Saric,203967.0,Suns,3,2023,False,,9.0,False,9.24,9.24,realized
6130,E'Twaun Moore,202734.0,Suns,1,2021,False,,2.3,False,1.620564,1.620564,realized
6131,Jae Crowder,203109.0,Suns,1,2021,False,,9.733,False,9.258,9.258,realized
6131,Jae Crowder,203109.0,Suns,2,2022,False,,9.733,False,9.7209,9.7209,realized
6131,Jae Crowder,203109.0,Suns,3,2023,False,,9.733,False,10.1838,10.1838,realized
6134,Abdel Nader,1627846.0,Suns,1,2022,False,,2.1,False,,2.1,estimated_flat
6134,Abdel Nader,1627846.0,Suns,2,2023,False,,2.1,False,,2.1,estimated_flat
6135,Cameron Payne,1626166.0,Suns,1,2022,False,,6.333,False,6.5,6.5,realized
6135,Cameron Payne,1626166.0,Suns,2,2023,False,,6.333,False,6.0,6.0,realized
6135,Cameron Payne,1626166.0,Suns,3,2024,False,,6.333,False,2.019706,2.019706,realized
6136,Chris Paul,101108.0,Suns,1,2022,False,,30.0,False,30.8,30.8,realized
6136,Chris Paul,101108.0,Suns,2,2023,False,,30.0,False,28.4,28.4,realized
6136,Chris Paul,101108.0,Suns,3,2024,False,,30.0,False,30.8,30.8,realized
6136,Chris Paul,101108.0,Suns,4,2025,False,,30.0,False,10.983,10.983,realized
6137,Frank Kaminsky,1626163.0,Suns,1,2022,False,,2.1,False,,2.1,estimated_flat
6139,JaVale McGee,201580.0,Suns,1,2022,False,,5.0,False,5.0,5.0,realized
6142,Landry Shamet,1629013.0,Suns,1,2022,False,,10.625,False,3.768342,3.768342,realized
6142,Landry Shamet,1629013.0,Suns,2,2023,False,,10.625,False,9.5,9.5,realized
6142,Landry Shamet,1629013.0,Suns,3,2024,False,,10.625,False,10.25,10.25,realized
6142,Landry Shamet,1629013.0,Suns,4,2025,True,team,10.625,True,1.34369,1.34369,realized
6143,Mikal Bridges,1628969.0,Suns,1,2022,False,,22.5,False,5.557725,5.557725,realized
6143,Mikal Bridges,1628969.0,Suns,2,2023,False,,22.5,False,21.0,21.0,realized
6143,Mikal Bridges,1628969.0,Suns,3,2024,False,,22.5,False,21.7,21.7,realized
6143,Mikal Bridges,1628969.0,Suns,4,2025,False,,22.5,False,23.3,23.3,realized
6156,Damion Lee,1627814.0,Suns,1,2023,False,,2.1,False,1.83609,1.83609,realized
6157,Josh Okogie,1629006.0,Suns,1,2023,False,,2.0,False,1.83609,1.83609,realized
6158,Bismack Biyombo,202687.0,Suns,1,2023,False,,2.9,False,1.83609,1.83609,realized
6159,Devin Booker,1626164.0,Suns,1,2023,False,,53.5,False,33.8334,33.8334,realized
6159,Devin Booker,1626164.0,Suns,2,2024,False,,53.5,False,36.0162,36.0162,realized
6159,Devin Booker,1626164.0,Suns,3,2025,False,,53.5,False,49.2058,49.2058,realized
6159,Devin Booker,1626164.0,Suns,4,2026,False,,53.5,False,53.142264,53.142264,realized
6160,Deandre Ayton,1629028.0,Suns,1,2023,False,,33.25,False,30.91375,30.91375,realized
6160,Deandre Ayton,1629028.0,Suns,2,2024,False,,33.25,False,32.459438,32.459438,realized
6160,Deandre Ayton,1629028.0,Suns,3,2025,False,,33.25,False,34.005126,34.005126,realized
6160,Deandre Ayton,1629028.0,Suns,4,2026,False,,33.25,False,8.104,8.104,realized
6172,Ishmail Wainright / Ish Wainright,1630688.0,Suns,1,2023,False,,1.175,False,0.474851,0.474851,realized
6172,Ishmail Wainright / Ish Wainright,1630688.0,Suns,2,2024,True,team,1.175,False,,1.175,estimated_flat
6177,Toumani Camara,1641739.0,Suns,1,2024,False,,1.9,False,1.119563,1.119563,realized
6177,Toumani Camara,1641739.0,Suns,2,2025,False,,1.9,False,1.891857,1.891857,realized
6177,Toumani Camara,1641739.0,Suns,3,2026,False,,1.9,False,2.221677,2.221677,realized
6177,Toumani Camara,1641739.0,Suns,4,2027,False,,1.9,False,,1.9,estimated_flat
6178,Chimezie Metu,1629002.0,Suns,1,2024,False,,2.4,False,,2.4,estimated_flat
6179,Drew Eubanks,1629234.0,Suns,1,2024,False,,2.5,False,2.346614,2.346614,realized
6179,Drew Eubanks,1629234.0,Suns,2,2025,False,,2.5,False,5.0,5.0,realized
6180,Eric Gordon,201569.0,Suns,1,2024,False,,3.3,False,3.196448,3.196448,realized
6180,Eric Gordon,201569.0,Suns,2,2025,False,,3.3,False,3.303771,3.303771,realized
6181,Keita Bates-Diop,1628966.0,Suns,1,2024,False,,2.5,False,2.346614,2.346614,realized
6181,Keita Bates-Diop,1628966.0,Suns,2,2025,False,,2.5,False,,2.5,estimated_flat
6182,Yuta Watanabe,1629139.0,Suns,1,2024,False,,5.0,False,2.346614,2.346614,realized
6182,Yuta Watanabe,1629139.0,Suns,2,2025,False,,5.0,False,,5.0,estimated_flat
6184,Josh Okogie,1629006.0,Suns,1,2024,False,,2.9,False,2.815937,2.815937,realized
6184,Josh Okogie,1629006.0,Suns,2,2025,False,,2.9,False,8.25,8.25,realized
6186,Bol Bol,1629626.0,Suns,1,2024,False,,2.2,False,2.019706,2.019706,realized
6194,Grayson Allen,1628960.0,Suns,1,2024,False,,17.5,False,8.925,8.925,realized
6194,Grayson Allen,1628960.0,Suns,2,2025,False,,17.5,False,15.625,15.625,realized
6194,Grayson Allen,1628960.0,Suns,3,2026,False,,17.5,False,16.875,16.875,realized
6194,Grayson Allen,1628960.0,Suns,4,2027,True,player,17.5,True,,17.5,estimated_flat
6200,Ryan Dunn,1642346.0,Suns,1,2025,False,,3.25,False,2.5308,2.5308,realized
6200,Ryan Dunn,1642346.0,Suns,2,2026,False,,3.25,False,2.65776,2.65776,realized
6200,Ryan Dunn,1642346.0,Suns,3,2027,False,,3.25,False,,3.25,estimated_flat
6200,Ryan Dunn,1642346.0,Suns,4,2028,False,,3.25,False,,3.25,estimated_flat
6201,Damion Lee,1627814.0,Suns,1,2025,False,,2.8,False,2.087519,2.087519,realized
6202,Mason Plumlee,203486.0,Suns,1,2025,False,,3.3,False,2.087519,2.087519,realized
6203,Monte Morris,1628420.0,Suns,1,2025,False,,2.8,False,2.087519,2.087519,realized
6204,Osasere Ighodaro / Oso Ighodaro,1642345.0,Suns,1,2025,False,,1.975,False,1.157153,1.157153,realized
6204,Osasere Ighodaro / Oso Ighodaro,1642345.0,Suns,2,2026,False,,1.975,False,1.955377,1.955377,realized
6204,Osasere Ighodaro / Oso Ighodaro,1642345.0,Suns,3,2027,False,,1.975,False,,1.975,estimated_flat
6204,Osasere Ighodaro / Oso Ighodaro,1642345.0,Suns,4,2028,False,,1.975,False,,1.975,estimated_flat
6205,Royce O'Neale,1626220.0,Suns,1,2025,False,,10.5,False,9.375,9.375,realized
6205,Royce O'Neale,1626220.0,Suns,2,2026,False,,10.5,False,10.125,10.125,realized
6205,Royce O'Neale,1626220.0,Suns,3,2027,False,,10.5,False,,10.5,estimated_flat
6205,Royce O'Neale,1626220.0,Suns,4,2028,False,,10.5,False,,10.5,estimated_flat
6206,Bol Bol,1629626.0,Suns,1,2025,False,,2.4,False,2.087519,2.087519,realized
6207,Josh Okogie,1629006.0,Suns,1,2025,False,,8.0,False,8.25,8.25,realized
6207,Josh Okogie,1629006.0,Suns,2,2026,False,,8.0,False,2.296274,2.296274,realized
6209,Tyus Jones,1626145.0,Suns,1,2025,False,,3.0,False,2.087519,2.087519,realized
6219,Collin Gillespie,1631221.0,Suns,1,2026,False,,2.4,False,2.296274,2.296274,realized
6221,Khaman Maluach,1642863.0,Suns,1,2026,False,,6.825,False,6.01608,6.01608,realized
6221,Khaman Maluach,1642863.0,Suns,2,2027,False,,6.825,False,,6.825,estimated_flat
6221,Khaman Maluach,1642863.0,Suns,3,2028,False,,6.825,False,,6.825,estimated_flat
6221,Khaman Maluach,1642863.0,Suns,4,2029,False,,6.825,False,,6.825,estimated_flat
6223,Rasheer Fleming,1642853.0,Suns,1,2026,False,,2.15,False,1.27287,1.27287,realized
6223,Rasheer Fleming,1642853.0,Suns,2,2027,False,,2.15,False,,2.15,estimated_flat
6223,Rasheer Fleming,1642853.0,Suns,3,2028,False,,2.15,False,,2.15,estimated_flat
6223,Rasheer Fleming,1642853.0,Suns,4,2029,False,,2.15,False,,2.15,estimated_flat
6225,Nigel Hayes-Davis,1628502.0,Suns,1,2026,False,,2.0,False,2.048494,2.048494,realized
6226,Devin Booker,1626164.0,Suns,1,2026,False,,66.6,False,53.142264,53.142264,realized
6226,Devin Booker,1626164.0,Suns,2,2027,False,,66.6,False,,66.6,estimated_flat
6236,Haywood Highsmith,1629312.0,Suns,1,2026,False,,1.9,False,5.616,5.616,realized
6236,Haywood Highsmith,1629312.0,Suns,2,2027,False,,1.9,False,,1.9,estimated_flat
6238,Jamaree Bouyea,1631123.0,Suns,1,2026,False,,1.6,False,0.0,0.0,realized
6238,Jamaree Bouyea,1631123.0,Suns,2,2027,False,,1.6,False,,1.6,estimated_flat
6242,Collin Gillespie,1631221.0,Suns,1,2027,False,,12.0,False,,12.0,estimated_flat
6242,Collin Gillespie,1631221.0,Suns,2,2028,False,,12.0,False,,12.0,estimated_flat
6242,Collin Gillespie,1631221.0,Suns,3,2029,False,,12.0,False,,12.0,estimated_flat
6242,Collin Gillespie,1631221.0,Suns,4,2030,False,,12.0,False,,12.0,estimated_flat
6243,Jordan Goodwin,1630692.0,Suns,1,2027,False,,6.333,False,,6.333,estimated_flat
6243,Jordan Goodwin,1630692.0,Suns,2,2028,False,,6.333,False,,6.333,estimated_flat
6243,Jordan Goodwin,1630692.0,Suns,3,2029,False,,6.333,False,,6.333,estimated_flat
6244,Mark Williams,1631109.0,Suns,1,2027,False,,12.667,False,,12.667,estimated_flat
6244,Mark Williams,1631109.0,Suns,2,2028,False,,12.667,False,,12.667,estimated_flat
6244,Mark Williams,1631109.0,Suns,3,2029,False,,12.667,False,,12.667,estimated_flat
6245,Luke Kennard,1628379.0,Suns,1,2027,False,,6.2,False,,6.2,estimated_flat
6245,Luke Kennard,1628379.0,Suns,2,2028,False,,6.2,False,,6.2,estimated_flat
6255,Nik Stauskas,203917.0,Kings,1,2015,False,,2.6,False,2.74584,2.74584,realized
6255,Nik Stauskas,203917.0,Kings,2,2016,False,,2.6,False,2.86944,2.86944,realized
6256,Darren Collison,201954.0,Kings,1,2015,False,,5.333,False,4.797664,4.797664,realized
6256,Darren Collison,201954.0,Kings,2,2016,False,,5.333,False,5.013559,5.013559,realized
6256,Darren Collison,201954.0,Kings,3,2017,False,,5.333,False,5.229454,5.229454,realized
6257,Isaiah Thomas,202738.0,Kings,1,2015,False,,6.75,False,7.238606,7.238606,realized
6257,Isaiah Thomas,202738.0,Kings,2,2016,False,,6.75,False,6.912869,6.912869,realized
6257,Isaiah Thomas,202738.0,Kings,3,2017,False,,6.75,False,6.587132,6.587132,realized
6257,Isaiah Thomas,202738.0,Kings,4,2018,False,,6.75,False,6.261395,6.261395,realized
6265,Ramon Sessions,201196.0,Kings,1,2015,False,,2.1,False,2.077,2.077,realized
6265,Ramon Sessions,201196.0,Kings,2,2016,False,,2.1,False,2.170465,2.170465,realized
6267,Rudy Gay,200752.0,Kings,1,2015,False,,13.333,False,19.317326,19.317326,realized
6267,Rudy Gay,200752.0,Kings,2,2016,False,,13.333,False,12.403101,12.403101,realized
6267,Rudy Gay,200752.0,Kings,3,2017,False,,13.333,False,13.333333,13.333333,realized
6277,Kosta Koufos,201585.0,Kings,1,2016,False,,8.25,False,7.7,7.7,realized
6277,Kosta Koufos,201585.0,Kings,2,2017,False,,8.25,False,8.0465,8.0465,realized
6277,Kosta Koufos,201585.0,Kings,3,2018,False,,8.25,False,8.393,8.393,realized
6277,Kosta Koufos,201585.0,Kings,4,2019,False,,8.25,False,8.7395,8.7395,realized
6278,Marco Belinelli,201158.0,Kings,1,2016,False,,6.333,False,6.060606,6.060606,realized
6278,Marco Belinelli,201158.0,Kings,2,2017,False,,6.333,False,6.333333,6.333333,realized
6278,Marco Belinelli,201158.0,Kings,3,2018,False,,6.333,False,0.490461,0.490461,realized
6279,Rajon Rondo,200765.0,Kings,1,2016,False,,10.0,False,9.5,9.5,realized
6281,Omri Casspi,201956.0,Kings,1,2016,False,,3.0,False,2.836186,2.836186,realized
6281,Omri Casspi,201956.0,Kings,2,2017,False,,3.0,False,0.138414,0.138414,realized
6283,Willie Cauley-Stein,1626161.0,Kings,1,2016,False,,3.1,False,3.39828,3.39828,realized
6283,Willie Cauley-Stein,1626161.0,Kings,2,2017,False,,3.1,False,3.55116,3.55116,realized
6287,Caron Butler,2406.0,Kings,1,2016,False,,1.5,False,1.499187,1.499187,realized
6287,Caron Butler,2406.0,Kings,2,2017,False,,1.5,False,,1.5,estimated_flat
6297,Matt Barnes,2440.0,Kings,1,2017,False,,6.0,False,0.242224,0.242224,realized
6297,Matt Barnes,2440.0,Kings,2,2018,False,,6.0,False,,6.0,estimated_flat
6298,Arron Afflalo,201167.0,Kings,1,2017,False,,12.5,False,12.5,12.5,realized
6298,Arron Afflalo,201167.0,Kings,2,2018,False,,12.5,False,1.471382,1.471382,realized
6299,Garrett Temple,202066.0,Kings,1,2017,False,,8.0,False,8.0,8.0,realized
6299,Garrett Temple,202066.0,Kings,2,2018,False,,8.0,False,8.0,8.0,realized
6299,Garrett Temple,202066.0,Kings,3,2019,False,,8.0,False,8.0,8.0,realized
6300,Anthony Tolliver,201229.0,Kings,1,2017,False,,8.0,False,8.0,8.0,realized
6300,Anthony Tolliver,201229.0,Kings,2,2018,False,,8.0,False,3.29,3.29,realized
6301,Malachi Richardson,1627781.0,Kings,1,2017,False,,1.45,False,1.43988,1.43988,realized
6301,Malachi Richardson,1627781.0,Kings,2,2018,False,,1.45,False,1.50456,1.50456,realized
6302,Georgios Papagiannis / Giorgios Papagiannis / George Papagiannis,1627834.0,Kings,1,2017,False,,2.25,False,2.20224,2.20224,realized
6302,Georgios Papagiannis / Giorgios Papagiannis / George Papagiannis,1627834.0,Kings,2,2018,False,,2.25,False,,2.25,estimated_flat
6303,Skal Labissiere,1627746.0,Kings,1,2017,False,,1.2,False,1.18884,1.18884,realized
6303,Skal Labissiere,1627746.0,Kings,2,2018,False,,1.2,False,1.312611,1.312611,realized
6311,Bogdan Bogdanovic,203992.0,Kings,1,2017,False,,9.0,False,,9.0,estimated_flat
6311,Bogdan Bogdanovic,203992.0,Kings,2,2018,False,,9.0,False,9.470614,9.470614,realized
6311,Bogdan Bogdanovic,203992.0,Kings,3,2019,False,,9.0,False,9.0,9.0,realized
6312,Harry Giles III,1628385.0,Kings,1,2018,False,,2.05,False,,2.05,estimated_flat
6312,Harry Giles III,1628385.0,Kings,2,2019,False,,2.05,False,2.20704,2.20704,realized
6313,Justin Jackson (Aaron),1628382.0,Kings,1,2018,False,,2.6,False,2.36556,2.36556,realized
6313,Justin Jackson (Aaron),1628382.0,Kings,2,2019,False,,2.6,False,2.80788,2.80788,realized
6314,De'Aaron Fox,1628368.0,Kings,1,2018,False,,4.85,False,4.6092,4.6092,realized
6314,De'Aaron Fox,1628368.0,Kings,2,2019,False,,4.85,False,5.47092,5.47092,realized
6315,George Hill,201588.0,Kings,1,2018,False,,19.0,False,20.0,20.0,realized
6315,George Hill,201588.0,Kings,2,2019,False,,19.0,False,19.0,19.0,realized
6315,George Hill,201588.0,Kings,3,2020,False,,19.0,False,9.133907,9.133907,realized
6316,Vince Carter,1713.0,Kings,1,2018,False,,8.0,False,8.0,8.0,realized
6317,Zach Randolph,2216.0,Kings,1,2018,False,,12.0,False,12.307692,12.307692,realized
6317,Zach Randolph,2216.0,Kings,2,2019,False,,12.0,False,,12.0,estimated_flat
6318,Frank Mason,1628412.0,Kings,1,2018,False,,1.4,False,1.184385,1.184385,realized
6318,Frank Mason,1628412.0,Kings,2,2019,False,,1.4,False,1.378242,1.378242,realized
6318,Frank Mason,1628412.0,Kings,3,2020,False,,1.4,False,,1.4,estimated_flat
6326,Marvin Bagley III,1628963.0,Kings,1,2019,False,,7.95,False,7.3056,7.3056,realized
6326,Marvin Bagley III,1628963.0,Kings,2,2020,False,,7.95,False,8.55612,8.55612,realized
6326,Marvin Bagley III,1628963.0,Kings,3,2021,False,,7.95,False,8.96364,8.96364,realized
6326,Marvin Bagley III,1628963.0,Kings,4,2022,False,,7.95,False,11.312114,11.312114,realized
6327,Nemanja Bjelica,202357.0,Kings,1,2019,False,,6.833,False,6.5,6.5,realized
6327,Nemanja Bjelica,202357.0,Kings,2,2020,False,,6.833,False,6.825,6.825,realized
6327,Nemanja Bjelica,202357.0,Kings,3,2021,False,,6.833,False,7.15,7.15,realized
6328,Yogi Ferrell,1627812.0,Kings,1,2019,False,,3.1,False,3.0,3.0,realized
6328,Yogi Ferrell,1627812.0,Kings,2,2020,False,,3.1,False,3.15,3.15,realized
6343,Cory Joseph,202709.0,Kings,1,2020,False,,12.4,False,12.0,12.0,realized
6343,Cory Joseph,202709.0,Kings,2,2021,False,,12.4,False,12.6,12.6,realized
6343,Cory Joseph,202709.0,Kings,3,2022,False,,12.4,False,4.91,4.91,realized
6345,Trevor Ariza,2772.0,Kings,1,2020,False,,12.5,False,12.2,12.2,realized
6345,Trevor Ariza,2772.0,Kings,2,2021,False,,12.5,False,12.8,12.8,realized
6346,Dewayne Dedmon,203473.0,Kings,1,2020,False,,13.333,False,13.333334,13.333334,realized
6346,Dewayne Dedmon,203473.0,Kings,2,2021,False,,13.333,False,0.43289,0.43289,realized
6346,Dewayne Dedmon,203473.0,Kings,3,2022,False,,13.333,False,1.669178,1.669178,realized
6347,Harrison Barnes,203084.0,Kings,1,2020,False,,21.25,False,24.147727,24.147727,realized
6347,Harrison Barnes,203084.0,Kings,2,2021,False,,21.25,False,22.215909,22.215909,realized
6347,Harrison Barnes,203084.0,Kings,3,2022,False,,21.25,False,20.284091,20.284091,realized
6347,Harrison Barnes,203084.0,Kings,4,2023,False,,21.25,False,18.352273,18.352273,realized
6348,Justin James,1629713.0,Kings,1,2020,False,,1.4,False,0.89831,0.89831,realized
6348,Justin James,1629713.0,Kings,2,2021,False,,1.4,False,1.517981,1.517981,realized
6348,Justin James,1629713.0,Kings,3,2022,False,,1.4,False,,1.4,estimated_flat
6349,Richaun Holmes,1626158.0,Kings,1,2020,False,,4.9,False,4.767,4.767,realized
6349,Richaun Holmes,1626158.0,Kings,2,2021,False,,4.9,False,5.00535,5.00535,realized
6356,Buddy Hield,1627741.0,Kings,1,2020,False,,23.5,False,4.861208,4.861208,realized
6356,Buddy Hield,1627741.0,Kings,2,2021,False,,23.5,False,24.971851,24.971851,realized
6356,Buddy Hield,1627741.0,Kings,3,2022,False,,23.5,False,23.073234,23.073234,realized
6356,Buddy Hield,1627741.0,Kings,4,2023,False,,23.5,False,21.17775,21.17775,realized
6365,De'Aaron Fox,1628368.0,Kings,1,2021,False,,32.6,False,8.099627,8.099627,realized
6365,De'Aaron Fox,1628368.0,Kings,2,2022,False,,32.6,False,28.1035,28.1035,realized
6365,De'Aaron Fox,1628368.0,Kings,3,2023,False,,32.6,False,30.35178,30.35178,realized
6365,De'Aaron Fox,1628368.0,Kings,4,2024,False,,32.6,False,32.60006,32.60006,realized
6365,De'Aaron Fox,1628368.0,Kings,5,2025,False,,32.6,False,34.84834,34.84834,realized
6367,Tyrese Haliburton,1630169.0,Kings,1,2021,False,,3.95,False,3.83184,3.83184,realized
6367,Tyrese Haliburton,1630169.0,Kings,2,2022,False,,3.95,False,4.0236,4.0236,realized
6368,Chimezie Metu,1629002.0,Kings,1,2021,False,,1.763,False,,1.763,estimated_flat
6368,Chimezie Metu,1629002.0,Kings,2,2022,False,,1.763,False,,1.763,estimated_flat
6368,Chimezie Metu,1629002.0,Kings,3,2023,False,,1.763,False,,1.763,estimated_flat
6369,Hassan Whiteside,202355.0,Kings,1,2021,False,,2.3,False,1.620564,1.620564,realized
6370,DaQuan Jeffries,1629610.0,Kings,1,2021,False,,1.45,False,1.445697,1.445697,realized
6370,DaQuan Jeffries,1629610.0,Kings,2,2022,True,team,1.45,False,,1.45,estimated_flat
6371,Robert Woodard II,1630218.0,Kings,1,2021,False,,1.6,False,1.5,1.5,realized
6371,Robert Woodard II,1630218.0,Kings,2,2022,False,,1.6,False,,1.6,estimated_flat
6371,Robert Woodard II,1630218.0,Kings,3,2023,False,,1.6,False,,1.6,estimated_flat
6371,Robert Woodard II,1630218.0,Kings,4,2024,True,team,1.6,False,,1.6,estimated_flat
6372,Glenn Robinson III,203922.0,Kings,1,2021,False,,2.0,False,,2.0,estimated_flat
6373,Jahmi'us Ramsey,1630186.0,Kings,1,2021,False,,1.4,False,1.0,1.0,realized
6373,Jahmi'us Ramsey,1630186.0,Kings,2,2022,False,,1.4,False,,1.4,estimated_flat
6373,Jahmi'us Ramsey,1630186.0,Kings,3,2023,False,,1.4,False,,1.4,estimated_flat
6383,Davion Mitchell,1630558.0,Kings,1,2022,False,,4.7,False,4.6032,4.6032,realized
6383,Davion Mitchell,1630558.0,Kings,2,2023,False,,4.7,False,4.8336,4.8336,realized
6384,Richaun Holmes,1626158.0,Kings,1,2022,False,,11.625,False,10.3845,10.3845,realized
6384,Richaun Holmes,1626158.0,Kings,2,2023,False,,11.625,False,11.21526,11.21526,realized
6384,Richaun Holmes,1626158.0,Kings,3,2024,False,,11.625,False,12.04602,12.04602,realized
6384,Richaun Holmes,1626158.0,Kings,4,2025,True,player,11.625,False,12.648321,12.648321,realized
6385,Terence Davis,1629056.0,Kings,1,2022,False,,4.0,False,4.0,4.0,realized
6385,Terence Davis,1629056.0,Kings,2,2023,False,,4.0,False,4.0,4.0,realized
6386,Maurice Harkless / Moe Harkless,203090.0,Kings,1,2022,False,,4.5,False,4.3476,4.3476,realized
6386,Maurice Harkless / Moe Harkless,203090.0,Kings,2,2023,False,,4.5,False,,4.5,estimated_flat
6388,Alex Len,203458.0,Kings,1,2022,False,,3.825,False,3.732,3.732,realized
6388,Alex Len,203458.0,Kings,2,2023,False,,3.825,False,3.9186,3.9186,realized
6399,Keegan Murray,1631099.0,Kings,1,2023,False,,9.1,False,8.00844,8.00844,realized
6399,Keegan Murray,1631099.0,Kings,2,2024,False,,9.1,False,8.409,8.409,realized
6399,Keegan Murray,1631099.0,Kings,3,2025,False,,9.1,False,8.80956,8.80956,realized
6399,Keegan Murray,1631099.0,Kings,4,2026,False,,9.1,False,11.144093,11.144093,realized
6402,Malik Monk,1628370.0,Kings,1,2023,False,,9.5,False,9.472219,9.472219,realized
6402,Malik Monk,1628370.0,Kings,2,2024,False,,9.5,False,9.94583,9.94583,realized
6403,Chima Moneke,1631320.0,Kings,1,2023,False,,1.35,False,,1.35,estimated_flat
6403,Chima Moneke,1631320.0,Kings,2,2024,False,,1.35,False,,1.35,estimated_flat
6404,Matthew Dellavedova,203521.0,Kings,1,2023,False,,2.6,False,1.83609,1.83609,realized
6405,Kent Bazemore,203145.0,Kings,1,2023,False,,2.9,False,,2.9,estimated_flat
6407,Sam Merrill,1630241.0,Kings,1,2023,False,,1.9,False,0.85,0.85,realized
6407,Sam Merrill,1630241.0,Kings,2,2024,False,,1.9,False,1.997238,1.997238,realized
6409,K.Z. Okpala,1629644.0,Kings,1,2023,False,,2.0,False,,2.0,estimated_flat
6409,K.Z. Okpala,1629644.0,Kings,2,2024,False,,2.0,False,,2.0,estimated_flat
6417,P.J. Dozier,1628408.0,Kings,1,2023,False,,1.5,False,,1.5,estimated_flat
6417,P.J. Dozier,1628408.0,Kings,2,2024,False,,1.5,False,,1.5,estimated_flat
6421,Harrison Barnes,203084.0,Kings,1,2023,False,,18.0,False,18.352273,18.352273,realized
6421,Harrison Barnes,203084.0,Kings,2,2024,False,,18.0,False,17.0,17.0,realized
6421,Harrison Barnes,203084.0,Kings,3,2025,False,,18.0,False,18.0,18.0,realized
6422,Colby Jones,1641732.0,Kings,1,2024,False,,2.2,False,2.019706,2.019706,realized
6422,Colby Jones,1641732.0,Kings,2,2025,False,,2.2,False,2.120693,2.120693,realized
6422,Colby Jones,1641732.0,Kings,3,2026,False,,2.2,False,2.221677,2.221677,realized
6422,Colby Jones,1641732.0,Kings,4,2027,False,,2.2,False,,2.2,estimated_flat
6425,Domantas Sabonis,1627734.0,Kings,1,2024,False,,37.2,False,29.3,29.3,realized
6425,Domantas Sabonis,1627734.0,Kings,2,2025,False,,37.2,False,39.2,39.2,realized
6425,Domantas Sabonis,1627734.0,Kings,3,2026,False,,37.2,False,42.336,42.336,realized
6425,Domantas Sabonis,1627734.0,Kings,4,2027,False,,37.2,False,,37.2,estimated_flat
6425,Domantas Sabonis,1627734.0,Kings,5,2028,False,,37.2,False,,37.2,estimated_flat
6426,Trey Lyles,1626168.0,Kings,1,2024,False,,8.0,False,8.0,8.0,realized
6426,Trey Lyles,1626168.0,Kings,2,2025,False,,8.0,False,8.0,8.0,realized
6427,Alex Len,203458.0,Kings,1,2024,False,,3.2,False,2.019706,2.019706,realized
6428,Aleksandar Vezenkov / Sasha Vezenkov,1628426.0,Kings,1,2024,False,,6.667,False,6.341464,6.341464,realized
6428,Aleksandar Vezenkov / Sasha Vezenkov,1628426.0,Kings,2,2025,False,,6.667,False,,6.667,estimated_flat
6428,Aleksandar Vezenkov / Sasha Vezenkov,1628426.0,Kings,3,2026,True,team,6.667,False,,6.667,estimated_flat
6429,Nerlens Noel,203457.0,Kings,1,2024,False,,3.2,False,,3.2,estimated_flat
6430,Neemias Queta,1629674.0,Kings,1,2024,False,,2.1,False,0.081253,0.081253,realized
6430,Neemias Queta,1629674.0,Kings,2,2025,False,,2.1,False,2.162606,2.162606,realized
6432,JaVale McGee,201580.0,Kings,1,2024,False,,3.2,False,2.019706,2.019706,realized
6449,Malik Monk,1628370.0,Kings,1,2025,False,,19.5,False,17.405203,17.405203,realized
6449,Malik Monk,1628370.0,Kings,2,2026,False,,19.5,False,18.797619,18.797619,realized
6449,Malik Monk,1628370.0,Kings,3,2027,False,,19.5,False,,19.5,estimated_flat
6449,Malik Monk,1628370.0,Kings,4,2028,True,player,19.5,False,,19.5,estimated_flat
6450,Alex Len,203458.0,Kings,1,2025,False,,3.3,False,0.743829,0.743829,realized
6451,Devin Carter,1642269.0,Kings,1,2025,False,,5.525,False,4.689,4.689,realized
6451,Devin Carter,1642269.0,Kings,2,2026,False,,5.525,False,4.92372,4.92372,realized
6451,Devin Carter,1642269.0,Kings,3,2027,False,,5.525,False,,5.525,estimated_flat
6451,Devin Carter,1642269.0,Kings,4,2028,False,,5.525,False,,5.525,estimated_flat
6453,Orlando Robinson,1631115.0,Kings,1,2025,False,,2.1,False,0.0,0.0,realized
6461,Doug McDermott,203926.0,Kings,1,2025,False,,3.3,False,2.087519,2.087519,realized
6465,Jae Crowder,203109.0,Kings,1,2025,False,,2.3,False,1.655619,1.655619,realized
6470,Isaac Jones,1642403.0,Kings,1,2025,False,,1.05,False,0.152957,0.152957,realized
6470,Isaac Jones,1642403.0,Kings,2,2026,False,,1.05,False,1.955377,1.955377,realized
6474,Maxime Raynaud,1642875.0,Kings,1,2026,False,,1.5,False,1.27287,1.27287,realized
6474,Maxime Raynaud,1642875.0,Kings,2,2027,False,,1.5,False,,1.5,estimated_flat
6474,Maxime Raynaud,1642875.0,Kings,3,2028,False,,1.5,False,,1.5,estimated_flat
6474,Maxime Raynaud,1642875.0,Kings,4,2029,False,,1.5,False,,1.5,estimated_flat
6475,Nique Clifford,1642363.0,Kings,1,2026,False,,3.95,False,3.10812,3.10812,realized
6475,Nique Clifford,1642363.0,Kings,2,2027,False,,3.95,False,,3.95,estimated_flat
6475,Nique Clifford,1642363.0,Kings,3,2028,False,,3.95,False,,3.95,estimated_flat
6475,Nique Clifford,1642363.0,Kings,4,2029,False,,3.95,False,,3.95,estimated_flat
6477,Drew Eubanks,1629234.0,Kings,1,2026,False,,3.1,False,2.296274,2.296274,realized
6478,Doug McDermott,203926.0,Kings,1,2026,False,,3.6,False,2.296274,2.296274,realized
6489,Russell Westbrook,201566.0,Kings,1,2026,False,,3.6,False,2.296274,2.296274,realized
6490,Keegan Murray,1631099.0,Kings,1,2026,False,,28.0,False,11.144093,11.144093,realized
6490,Keegan Murray,1631099.0,Kings,2,2027,False,,28.0,False,,28.0,estimated_flat
6490,Keegan Murray,1631099.0,Kings,3,2028,False,,28.0,False,,28.0,estimated_flat
6490,Keegan Murray,1631099.0,Kings,4,2029,False,,28.0,False,,28.0,estimated_flat
6490,Keegan Murray,1631099.0,Kings,5,2030,False,,28.0,False,,28.0,estimated_flat
6491,Precious Achiuwa,1630173.0,Kings,1,2026,False,,1.2,False,2.111516,2.111516,realized
6491,Precious Achiuwa,1630173.0,Kings,2,2027,False,,1.2,False,,1.2,estimated_flat
6496,Killian Hayes,1630165.0,Kings,1,2026,False,,1.75,False,,1.75,estimated_flat
6496,Killian Hayes,1630165.0,Kings,2,2027,True,team,1.75,False,,1.75,estimated_flat
6502,Daeqwon Plowden,1631342.0,Kings,1,2027,False,,2.55,False,,2.55,estimated_flat
6502,Daeqwon Plowden,1631342.0,Kings,2,2028,False,,2.55,False,,2.55,estimated_flat
6504,Precious Achiuwa,1630173.0,Kings,1,2027,False,,5.6,False,,5.6,estimated_flat
6504,Precious Achiuwa,1630173.0,Kings,2,2028,False,,5.6,False,,5.6,estimated_flat
6512,Patrick Mills / Patty Mills,201988.0,Spurs,1,2015,False,,4.0,False,3.842105,3.842105,realized
6512,Patrick Mills / Patty Mills,201988.0,Spurs,2,2016,False,,4.0,False,3.578947,3.578947,realized
6512,Patrick Mills / Patty Mills,201988.0,Spurs,3,2017,False,,4.0,False,3.578948,3.578948,realized
6513,Kyle Anderson,203937.0,Spurs,1,2015,False,,1.1,False,1.09368,1.09368,realized
6513,Kyle Anderson,203937.0,Spurs,2,2016,False,,1.1,False,1.14288,1.14288,realized
6516,(William) Tony Parker,2225.0,Spurs,1,2015,False,,14.433,False,12.5,12.5,realized
6516,(William) Tony Parker,2225.0,Spurs,2,2016,False,,14.433,False,13.4375,13.4375,realized
6516,(William) Tony Parker,2225.0,Spurs,3,2017,False,,14.433,False,14.445313,14.445313,realized
6520,Aron Baynes,203382.0,Spurs,1,2015,False,,2.1,False,2.077,2.077,realized
6529,LaMarcus Aldridge,200746.0,Spurs,1,2016,False,,20.0,False,19.689,19.689,realized
6529,LaMarcus Aldridge,200746.0,Spurs,2,2017,False,,20.0,False,20.575005,20.575005,realized
6529,LaMarcus Aldridge,200746.0,Spurs,3,2018,False,,20.0,False,21.46101,21.46101,realized
6529,LaMarcus Aldridge,200746.0,Spurs,4,2019,False,,20.0,False,22.347015,22.347015,realized
6530,Tim Duncan,1495.0,Spurs,1,2016,False,,5.0,False,6.0,6.0,realized
6530,Tim Duncan,1495.0,Spurs,2,2017,False,,5.0,False,,5.0,estimated_flat
6530,Tim Duncan,1495.0,Spurs,3,2018,False,,5.0,False,,5.0,estimated_flat
6531,Danny Green,201980.0,Spurs,1,2016,False,,11.25,False,10.0,10.0,realized
6531,Danny Green,201980.0,Spurs,2,2017,False,,11.25,False,10.0,10.0,realized
6531,Danny Green,201980.0,Spurs,3,2018,False,,11.25,False,10.0,10.0,realized
6531,Danny Green,201980.0,Spurs,4,2019,False,,11.25,False,10.0,10.0,realized
6534,Kawhi Leonard,202695.0,Spurs,1,2016,False,,18.0,False,16.4075,16.4075,realized
6534,Kawhi Leonard,202695.0,Spurs,2,2017,False,,18.0,False,17.638063,17.638063,realized
6534,Kawhi Leonard,202695.0,Spurs,3,2018,False,,18.0,False,18.868625,18.868625,realized
6534,Kawhi Leonard,202695.0,Spurs,4,2019,False,,18.0,False,23.114066,23.114066,realized
6534,Kawhi Leonard,202695.0,Spurs,5,2020,False,,18.0,False,32.742,32.742,realized
6535,Boban Marjanovic,1626246.0,Spurs,1,2016,False,,2.0,False,1.2,1.2,realized
6550,Dejounte Murray,1627749.0,Spurs,1,2017,False,,1.2,False,1.18008,1.18008,realized
6550,Dejounte Murray,1627749.0,Spurs,2,2018,False,,1.2,False,1.312611,1.312611,realized
6551,Dewayne Dedmon,203473.0,Spurs,1,2017,False,,3.0,False,2.898,2.898,realized
6551,Dewayne Dedmon,203473.0,Spurs,2,2018,False,,3.0,False,6.0,6.0,realized
6552,Emanuel Ginobili / Manu Ginobili,1938.0,Spurs,1,2017,False,,14.0,False,14.0,14.0,realized
6553,Pau Gasol,2200.0,Spurs,1,2017,False,,15.0,False,15.5,15.5,realized
6553,Pau Gasol,2200.0,Spurs,2,2018,False,,15.0,False,16.0,16.0,realized
6566,Derrick White,1628401.0,Spurs,1,2018,False,,1.55,False,1.4046,1.4046,realized
6566,Derrick White,1628401.0,Spurs,2,2019,False,,1.55,False,1.66716,1.66716,realized
6566,Derrick White,1628401.0,Spurs,3,2020,False,,1.55,False,1.94808,1.94808,realized
6566,Derrick White,1628401.0,Spurs,4,2021,False,,1.55,False,3.516284,3.516284,realized
6567,Rudy Gay,200752.0,Spurs,1,2018,False,,8.6,False,8.406,8.406,realized
6567,Rudy Gay,200752.0,Spurs,2,2019,False,,8.6,False,10.0872,10.0872,realized
6568,Brandon Paul,203464.0,Spurs,1,2018,False,,1.1,False,0.815615,0.815615,realized
6568,Brandon Paul,203464.0,Spurs,2,2019,False,,1.1,False,,1.1,estimated_flat
6571,Pau Gasol,2200.0,Spurs,1,2018,False,,16.267,False,16.0,16.0,realized
6571,Pau Gasol,2200.0,Spurs,2,2019,False,,16.267,False,0.333285,0.333285,realized
6571,Pau Gasol,2200.0,Spurs,3,2020,False,,16.267,False,,16.267,estimated_flat
6574,Emanuel Ginobili / Manu Ginobili,1938.0,Spurs,1,2018,False,,2.5,False,2.5,2.5,realized
6574,Emanuel Ginobili / Manu Ginobili,1938.0,Spurs,2,2019,False,,2.5,False,,2.5,estimated_flat
6577,LaMarcus Aldridge,200746.0,Spurs,1,2018,False,,25.0,False,21.46101,21.46101,realized
6577,LaMarcus Aldridge,200746.0,Spurs,2,2019,False,,25.0,False,22.347015,22.347015,realized
6578,Marco Belinelli,201158.0,Spurs,1,2019,False,,6.0,False,6.153846,6.153846,realized
6578,Marco Belinelli,201158.0,Spurs,2,2020,False,,6.0,False,5.846154,5.846154,realized
6579,Davis Bertans,202722.0,Spurs,1,2019,False,,7.25,False,7.0,7.0,realized
6579,Davis Bertans,202722.0,Spurs,2,2020,False,,7.25,False,7.0,7.0,realized
6580,Lonnie Walker IV,1629022.0,Spurs,1,2019,False,,2.55,False,2.35716,2.35716,realized
6580,Lonnie Walker IV,1629022.0,Spurs,2,2020,False,,2.55,False,2.76048,2.76048,realized
6580,Lonnie Walker IV,1629022.0,Spurs,3,2021,False,,2.55,False,2.892,2.892,realized
6580,Lonnie Walker IV,1629022.0,Spurs,4,2022,False,,2.55,False,4.447896,4.447896,realized
6581,Rudy Gay,200752.0,Spurs,1,2019,False,,10.0,False,10.0872,10.0872,realized
6582,Dante Cunningham,201967.0,Spurs,1,2019,False,,2.5,False,2.487,2.487,realized
6584,Marco Belinelli,201158.0,Spurs,1,2019,False,,6.0,False,6.153846,6.153846,realized
6584,Marco Belinelli,201158.0,Spurs,2,2020,False,,6.0,False,5.846154,5.846154,realized
6599,Keldon Johnson,1629640.0,Spurs,1,2020,False,,2.0,False,1.9506,1.9506,realized
6599,Keldon Johnson,1629640.0,Spurs,2,2021,False,,2.0,False,2.04804,2.04804,realized
6600,Luka Samanic,1629677.0,Spurs,1,2020,False,,2.75,False,2.68992,2.68992,realized
6600,Luka Samanic,1629677.0,Spurs,2,2021,False,,2.75,False,2.82432,2.82432,realized
6602,Rudy Gay,200752.0,Spurs,1,2020,False,,16.0,False,14.5,14.5,realized
6602,Rudy Gay,200752.0,Spurs,2,2021,False,,16.0,False,14.5,14.5,realized
6603,Trey Lyles,1626168.0,Spurs,1,2020,False,,5.5,False,5.5,5.5,realized
6603,Trey Lyles,1626168.0,Spurs,2,2021,False,,5.5,False,5.5,5.5,realized
6611,Dejounte Murray,1627749.0,Spurs,1,2020,False,,16.0,False,2.321735,2.321735,realized
6611,Dejounte Murray,1627749.0,Spurs,2,2021,False,,16.0,False,14.286,14.286,realized
6611,Dejounte Murray,1627749.0,Spurs,3,2022,False,,16.0,False,15.42888,15.42888,realized
6611,Dejounte Murray,1627749.0,Spurs,4,2023,False,,16.0,False,17.07112,17.07112,realized
6614,Drew Eubanks,1629234.0,Spurs,1,2021,False,,1.767,False,1.620564,1.620564,realized
6614,Drew Eubanks,1629234.0,Spurs,2,2022,False,,1.767,False,,1.767,estimated_flat
6614,Drew Eubanks,1629234.0,Spurs,3,2023,False,,1.767,False,1.83609,1.83609,realized
6615,Jakob Poeltl,1627751.0,Spurs,1,2021,False,,8.75,False,8.101852,8.101852,realized
6615,Jakob Poeltl,1627751.0,Spurs,2,2022,False,,8.75,False,8.75,8.75,realized
6615,Jakob Poeltl,1627751.0,Spurs,3,2023,False,,8.75,False,9.398148,9.398148,realized
6617,Devin Vassell,1630170.0,Spurs,1,2021,False,,4.15,False,4.03344,4.03344,realized
6617,Devin Vassell,1630170.0,Spurs,2,2022,False,,4.15,False,4.23516,4.23516,realized
6618,Tre Jones,1630200.0,Spurs,1,2021,False,,1.4,False,0.89831,0.89831,realized
6618,Tre Jones,1630200.0,Spurs,2,2022,False,,1.4,False,1.517981,1.517981,realized
6618,Tre Jones,1630200.0,Spurs,3,2023,False,,1.4,False,1.782621,1.782621,realized
6624,London Perrantes,1628506.0,Spurs,1,2021,False,,1.45,False,,1.45,estimated_flat
6625,Derrick White,1628401.0,Spurs,1,2021,False,,17.5,False,3.516284,3.516284,realized
6625,Derrick White,1628401.0,Spurs,2,2022,False,,17.5,False,15.178571,15.178571,realized
6625,Derrick White,1628401.0,Spurs,3,2023,False,,17.5,False,17.142857,17.142857,realized
6625,Derrick White,1628401.0,Spurs,4,2024,False,,17.5,False,18.857143,18.857143,realized
6631,Joshua Primo,1630563.0,Spurs,1,2022,False,,4.6,False,,4.6,estimated_flat
6631,Joshua Primo,1630563.0,Spurs,2,2023,False,,4.6,False,,4.6,estimated_flat
6631,Joshua Primo,1630563.0,Spurs,3,2024,False,,4.6,False,,4.6,estimated_flat
6631,Joshua Primo,1630563.0,Spurs,4,2025,False,,4.6,False,,4.6,estimated_flat
6632,Zach Collins,1628380.0,Spurs,1,2022,False,,7.333,False,7.0,7.0,realized
6632,Zach Collins,1628380.0,Spurs,2,2023,False,,7.333,False,7.35,7.35,realized
6632,Zach Collins,1628380.0,Spurs,3,2024,False,,7.333,False,7.7,7.7,realized
6633,DeMar DeRozan,201942.0,Spurs,1,2022,False,,28.333,False,26.0,26.0,realized
6633,DeMar DeRozan,201942.0,Spurs,2,2023,False,,28.333,False,27.3,27.3,realized
6633,DeMar DeRozan,201942.0,Spurs,3,2024,False,,28.333,False,28.6,28.6,realized
6634,Jock Landale,1629111.0,Spurs,1,2022,False,,1.25,False,0.925258,0.925258,realized
6634,Jock Landale,1629111.0,Spurs,2,2023,False,,1.25,False,1.563518,1.563518,realized
6635,Bryn Forbes,1627854.0,Spurs,1,2022,False,,4.5,False,4.5,4.5,realized
6637,Keita Bates-Diop,1628966.0,Spurs,1,2022,False,,1.7,False,1.729217,1.729217,realized
6651,Blake Wesley,1631104.0,Spurs,1,2023,False,,3.05,False,2.38548,2.38548,realized
6651,Blake Wesley,1631104.0,Spurs,2,2024,False,,3.05,False,2.50464,2.50464,realized
6651,Blake Wesley,1631104.0,Spurs,3,2025,False,,3.05,False,2.62428,2.62428,realized
6651,Blake Wesley,1631104.0,Spurs,4,2026,False,,3.05,False,2.296274,2.296274,realized
6652,Jeremy Sochan,1631110.0,Spurs,1,2023,False,,5.75,False,5.06352,5.06352,realized
6652,Jeremy Sochan,1631110.0,Spurs,2,2024,False,,5.75,False,5.31696,5.31696,realized
6652,Jeremy Sochan,1631110.0,Spurs,3,2025,False,,5.75,False,5.57004,5.57004,realized
6652,Jeremy Sochan,1631110.0,Spurs,4,2026,False,,5.75,False,7.096231,7.096231,realized
6653,Malaki Branham,1631103.0,Spurs,1,2023,False,,3.55,False,2.9256,2.9256,realized
6653,Malaki Branham,1631103.0,Spurs,2,2024,False,,3.55,False,3.07188,3.07188,realized
6653,Malaki Branham,1631103.0,Spurs,3,2025,False,,3.55,False,3.21792,3.21792,realized
6653,Malaki Branham,1631103.0,Spurs,4,2026,False,,3.55,False,4.962033,4.962033,realized
6655,Keldon Johnson,1629640.0,Spurs,1,2023,False,,18.5,False,3.873025,3.873025,realized
6655,Keldon Johnson,1629640.0,Spurs,2,2024,False,,18.5,False,20.0,20.0,realized
6655,Keldon Johnson,1629640.0,Spurs,3,2025,False,,18.5,False,19.0,19.0,realized
6655,Keldon Johnson,1629640.0,Spurs,4,2026,False,,18.5,False,17.5,17.5,realized
6656,Gorgui Dieng,203476.0,Spurs,1,2023,False,,2.6,False,,2.6,estimated_flat
6658,Joe Wieskamp,1630580.0,Spurs,1,2023,False,,2.2,False,1.816044,1.816044,realized
6658,Joe Wieskamp,1630580.0,Spurs,2,2024,False,,2.2,False,,2.2,estimated_flat
6666,Jordan Hall,1631160.0,Spurs,1,2023,False,,0.936,False,,0.936,estimated_flat
6672,Charles Bassey,1629646.0,Spurs,1,2023,False,,2.55,False,2.6,2.6,realized
6672,Charles Bassey,1629646.0,Spurs,2,2024,False,,2.55,False,2.6,2.6,realized
6672,Charles Bassey,1629646.0,Spurs,3,2025,False,,2.55,False,2.087519,2.087519,realized
6672,Charles Bassey,1629646.0,Spurs,4,2026,False,,2.55,False,,2.55,estimated_flat
6678,Victor Wembanyama,1641705.0,Spurs,1,2024,False,,13.8,False,12.16068,12.16068,realized
6678,Victor Wembanyama,1641705.0,Spurs,2,2025,False,,13.8,False,12.76896,12.76896,realized
6678,Victor Wembanyama,1641705.0,Spurs,3,2026,False,,13.8,False,13.37688,13.37688,realized
6678,Victor Wembanyama,1641705.0,Spurs,4,2027,False,,13.8,False,,13.8,estimated_flat
6680,Julian Champagnie,1630577.0,Spurs,1,2024,False,,3.0,False,3.0,3.0,realized
6680,Julian Champagnie,1630577.0,Spurs,2,2025,False,,3.0,False,3.0,3.0,realized
6680,Julian Champagnie,1630577.0,Spurs,3,2026,False,,3.0,False,3.0,3.0,realized
6680,Julian Champagnie,1630577.0,Spurs,4,2027,True,team,3.0,False,,3.0,estimated_flat
6682,Tre Jones,1630200.0,Spurs,1,2024,False,,9.5,False,9.895833,9.895833,realized
6682,Tre Jones,1630200.0,Spurs,2,2025,False,,9.5,False,9.104167,9.104167,realized
6684,Sandro Mamukelashvili,1630572.0,Spurs,1,2024,False,,2.0,False,2.019706,2.019706,realized
6685,Sidy Cissoko,1631321.0,Spurs,1,2024,False,,1.733,False,1.119563,1.119563,realized
6685,Sidy Cissoko,1631321.0,Spurs,2,2025,False,,1.733,False,0.0,0.0,realized
6685,Sidy Cissoko,1631321.0,Spurs,3,2026,False,,1.733,False,0.0,0.0,realized
6691,Devin Vassell,1630170.0,Spurs,1,2024,False,,27.0,False,5.887899,5.887899,realized
6691,Devin Vassell,1630170.0,Spurs,2,2025,False,,27.0,False,29.347826,29.347826,realized
6691,Devin Vassell,1630170.0,Spurs,3,2026,False,,27.0,False,27.0,27.0,realized
6691,Devin Vassell,1630170.0,Spurs,4,2027,False,,27.0,False,,27.0,estimated_flat
6691,Devin Vassell,1630170.0,Spurs,5,2028,False,,27.0,False,,27.0,estimated_flat
6694,Zach Collins,1628380.0,Spurs,1,2024,False,,17.4,False,7.7,7.7,realized
6694,Zach Collins,1628380.0,Spurs,2,2025,False,,17.4,False,16.7412,16.7412,realized
6701,Stephon Castle,1642264.0,Spurs,1,2025,False,,10.35,False,9.10512,9.10512,realized
6701,Stephon Castle,1642264.0,Spurs,2,2026,False,,10.35,False,9.56052,9.56052,realized
6701,Stephon Castle,1642264.0,Spurs,3,2027,False,,10.35,False,,10.35,estimated_flat
6701,Stephon Castle,1642264.0,Spurs,4,2028,False,,10.35,False,,10.35,estimated_flat
6702,Chris Paul,101108.0,Spurs,1,2025,False,,10.5,False,10.983,10.983,realized
6703,Harrison Barnes,203084.0,Spurs,1,2025,False,,18.0,False,18.0,18.0,realized
6703,Harrison Barnes,203084.0,Spurs,2,2026,False,,18.0,False,19.0,19.0,realized
6703,Harrison Barnes,203084.0,Spurs,3,2027,False,,18.0,False,,18.0,estimated_flat
6705,Charles Bassey,1629646.0,Spurs,1,2025,False,,2.2,False,2.087519,2.087519,realized
6720,Carter Bryant,1642868.0,Spurs,1,2026,False,,5.85,False,4.90032,4.90032,realized
6720,Carter Bryant,1642868.0,Spurs,2,2027,False,,5.85,False,,5.85,estimated_flat
6720,Carter Bryant,1642868.0,Spurs,3,2028,False,,5.85,False,,5.85,estimated_flat
6720,Carter Bryant,1642868.0,Spurs,4,2029,False,,5.85,False,,5.85,estimated_flat
6721,Dylan Harper,1642844.0,Spurs,1,2026,False,,14.025,False,12.37032,12.37032,realized
6721,Dylan Harper,1642844.0,Spurs,2,2027,False,,14.025,False,,14.025,estimated_flat
6721,Dylan Harper,1642844.0,Spurs,3,2028,False,,14.025,False,,14.025,estimated_flat
6721,Dylan Harper,1642844.0,Spurs,4,2029,False,,14.025,False,,14.025,estimated_flat
6722,Luke Kornet,1628436.0,Spurs,1,2026,False,,10.25,False,11.0,11.0,realized
6722,Luke Kornet,1628436.0,Spurs,2,2027,False,,10.25,False,,10.25,estimated_flat
6722,Luke Kornet,1628436.0,Spurs,3,2028,False,,10.25,False,,10.25,estimated_flat
6722,Luke Kornet,1628436.0,Spurs,4,2029,False,,10.25,False,,10.25,estimated_flat
6723,Jordan McLaughlin,1629162.0,Spurs,1,2026,False,,2.9,False,2.296274,2.296274,realized
6725,Lindy Waters III,1630322.0,Spurs,1,2026,False,,2.5,False,2.296274,2.296274,realized
6726,De'Aaron Fox,1628368.0,Spurs,1,2026,False,,55.6,False,37.09662,37.09662,realized
6726,De'Aaron Fox,1628368.0,Spurs,2,2027,False,,55.6,False,,55.6,estimated_flat
6726,De'Aaron Fox,1628368.0,Spurs,3,2028,False,,55.6,False,,55.6,estimated_flat
6726,De'Aaron Fox,1628368.0,Spurs,4,2029,False,,55.6,False,,55.6,estimated_flat
6743,Julian Champagnie,1630577.0,Spurs,1,2026,False,,15.0,False,3.0,3.0,realized
6743,Julian Champagnie,1630577.0,Spurs,2,2027,False,,15.0,False,,15.0,estimated_flat
6743,Julian Champagnie,1630577.0,Spurs,3,2028,False,,15.0,False,,15.0,estimated_flat
6748,Tobias Harris,202699.0,Spurs,1,2027,False,,15.4,False,,15.4,estimated_flat
6748,Tobias Harris,202699.0,Spurs,2,2028,False,,15.4,False,,15.4,estimated_flat
6749,Harrison Barnes,203084.0,Spurs,1,2027,False,,8.0,False,,8.0,estimated_flat
6750,Victor Wembanyama,1641705.0,Spurs,1,2027,False,,50.4,False,,50.4,estimated_flat
6750,Victor Wembanyama,1641705.0,Spurs,2,2028,False,,50.4,False,,50.4,estimated_flat
6750,Victor Wembanyama,1641705.0,Spurs,3,2029,False,,50.4,False,,50.4,estimated_flat
6750,Victor Wembanyama,1641705.0,Spurs,4,2030,False,,50.4,False,,50.4,estimated_flat
6750,Victor Wembanyama,1641705.0,Spurs,5,2031,True,player,50.4,True,,50.4,estimated_flat
6751,Jordan McLaughlin,1629162.0,Spurs,1,2027,False,,3.3,False,,3.3,estimated_flat
6754,Bruno Caboclo,203998.0,Raptors,1,2015,False,,1.5,False,1.45836,1.45836,realized
6754,Bruno Caboclo,203998.0,Raptors,2,2016,False,,1.5,False,1.524,1.524,realized
6755,James Johnson,201949.0,Raptors,1,2015,False,,2.5,False,2.5,2.5,realized
6755,James Johnson,201949.0,Raptors,2,2016,False,,2.5,False,2.5,2.5,realized
6756,Kyle Lowry,200768.0,Raptors,1,2015,False,,12.0,False,12.0,12.0,realized
6756,Kyle Lowry,200768.0,Raptors,2,2016,False,,12.0,False,12.0,12.0,realized
6756,Kyle Lowry,200768.0,Raptors,3,2017,False,,12.0,False,12.0,12.0,realized
6756,Kyle Lowry,200768.0,Raptors,4,2018,False,,12.0,False,28.703704,28.703704,realized
6757,Patrick Patterson,202335.0,Raptors,1,2015,False,,6.0,False,5.831326,5.831326,realized
6757,Patrick Patterson,202335.0,Raptors,2,2016,False,,6.0,False,6.268675,6.268675,realized
6757,Patrick Patterson,202335.0,Raptors,3,2017,False,,6.0,False,6.05,6.05,realized
6758,Greivis Vasquez,202349.0,Raptors,1,2015,False,,6.5,False,6.4,6.4,realized
6758,Greivis Vasquez,202349.0,Raptors,2,2016,False,,6.5,False,6.6,6.6,realized
6759,Lucas Nogueira,203512.0,Raptors,1,2015,False,,1.8,False,1.76268,1.76268,realized
6759,Lucas Nogueira,203512.0,Raptors,2,2016,False,,1.8,False,1.842,1.842,realized
6763,Delon Wright,1626153.0,Raptors,1,2016,False,,1.55,False,1.50936,1.50936,realized
6763,Delon Wright,1626153.0,Raptors,2,2017,False,,1.55,False,1.57728,1.57728,realized
6764,Cory Joseph,202709.0,Raptors,1,2016,False,,7.5,False,7.0,7.0,realized
6764,Cory Joseph,202709.0,Raptors,2,2017,False,,7.5,False,7.315,7.315,realized
6764,Cory Joseph,202709.0,Raptors,3,2018,False,,7.5,False,7.63,7.63,realized
6764,Cory Joseph,202709.0,Raptors,4,2019,False,,7.5,False,7.945,7.945,realized
6765,DeMarre Carroll,201960.0,Raptors,1,2016,False,,15.0,False,13.6,13.6,realized
6765,DeMarre Carroll,201960.0,Raptors,2,2017,False,,15.0,False,14.2,14.2,realized
6765,DeMarre Carroll,201960.0,Raptors,3,2018,False,,15.0,False,14.8,14.8,realized
6765,DeMarre Carroll,201960.0,Raptors,4,2019,False,,15.0,False,15.4,15.4,realized
6766,Luis Scola,2449.0,Raptors,1,2016,False,,3.0,False,2.9,2.9,realized
6767,Luis Scola,2449.0,Raptors,1,2016,False,,3.0,False,2.9,2.9,realized
6769,Bismack Biyombo,202687.0,Raptors,1,2016,False,,3.0,False,2.814,2.814,realized
6769,Bismack Biyombo,202687.0,Raptors,2,2017,False,,3.0,False,17.0,17.0,realized
6774,Jonas Valanciunas,202685.0,Raptors,1,2016,False,,16.0,False,4.660482,4.660482,realized
6774,Jonas Valanciunas,202685.0,Raptors,2,2017,False,,16.0,False,14.382022,14.382022,realized
6774,Jonas Valanciunas,202685.0,Raptors,3,2018,False,,16.0,False,15.460674,15.460674,realized
6774,Jonas Valanciunas,202685.0,Raptors,4,2019,False,,16.0,False,16.539326,16.539326,realized
6779,Terrence Ross,203082.0,Raptors,1,2016,False,,11.0,False,3.553917,3.553917,realized
6779,Terrence Ross,203082.0,Raptors,2,2017,False,,11.0,False,10.0,10.0,realized
6779,Terrence Ross,203082.0,Raptors,3,2018,False,,11.0,False,10.5,10.5,realized
6783,Pascal Siakam,1627783.0,Raptors,1,2017,False,,1.2,False,1.19604,1.19604,realized
6783,Pascal Siakam,1627783.0,Raptors,2,2018,False,,1.2,False,1.312611,1.312611,realized
6784,Jakob Poeltl,1627751.0,Raptors,1,2017,False,,2.8,False,2.70396,2.70396,realized
6784,Jakob Poeltl,1627751.0,Raptors,2,2018,False,,2.8,False,2.82564,2.82564,realized
6785,DeMar DeRozan,201942.0,Raptors,1,2017,False,,27.8,False,26.5401,26.5401,realized
6785,DeMar DeRozan,201942.0,Raptors,2,2018,False,,27.8,False,27.739975,27.739975,realized
6785,DeMar DeRozan,201942.0,Raptors,3,2019,False,,27.8,False,27.739975,27.739975,realized
6785,DeMar DeRozan,201942.0,Raptors,4,2020,False,,27.8,False,27.739975,27.739975,realized
6785,DeMar DeRozan,201942.0,Raptors,5,2021,False,,27.8,False,27.739975,27.739975,realized
6786,Jared Sullinger,203096.0,Raptors,1,2017,False,,6.0,False,,6.0,estimated_flat
6795,Alfonzo McKinnie,1628035.0,Raptors,1,2018,False,,1.1,False,0.815615,0.815615,realized
6795,Alfonzo McKinnie,1628035.0,Raptors,2,2019,False,,1.1,False,,1.1,estimated_flat
6796,Kyle Lowry,200768.0,Raptors,1,2018,False,,33.333,False,28.703704,28.703704,realized
6796,Kyle Lowry,200768.0,Raptors,2,2019,False,,33.333,False,32.7,32.7,realized
6796,Kyle Lowry,200768.0,Raptors,3,2020,False,,33.333,False,34.996296,34.996296,realized
6798,Serge Ibaka,201586.0,Raptors,1,2018,False,,21.667,False,20.061728,20.061728,realized
6798,Serge Ibaka,201586.0,Raptors,2,2019,False,,21.667,False,21.666667,21.666667,realized
6798,Serge Ibaka,201586.0,Raptors,3,2020,False,,21.667,False,23.271605,23.271605,realized
6800,C.J. Miles,101139.0,Raptors,1,2018,False,,8.333,False,7.936508,7.936508,realized
6800,C.J. Miles,101139.0,Raptors,2,2019,False,,8.333,False,8.333333,8.333333,realized
6800,C.J. Miles,101139.0,Raptors,3,2020,False,,8.333,False,,8.333,estimated_flat
6806,Norman Powell,1626181.0,Raptors,1,2018,False,,10.5,False,1.471382,1.471382,realized
6806,Norman Powell,1626181.0,Raptors,2,2019,False,,10.5,False,9.3672,9.3672,realized
6806,Norman Powell,1626181.0,Raptors,3,2020,False,,10.5,False,10.116576,10.116576,realized
6806,Norman Powell,1626181.0,Raptors,4,2021,False,,10.5,False,10.865952,10.865952,realized
6811,Fred VanVleet,1627832.0,Raptors,1,2019,False,,9.05,False,8.653847,8.653847,realized
6811,Fred VanVleet,1627832.0,Raptors,2,2020,False,,9.05,False,9.346153,9.346153,realized
6813,Lorenzo Brown,203485.0,Raptors,1,2019,False,,1.6,False,,1.6,estimated_flat
6815,Greg Monroe,202328.0,Raptors,1,2019,False,,2.2,False,0.05982,0.05982,realized
6816,Kahlil Felder / Kay Felder,1627770.0,Raptors,1,2019,False,,1.5,False,,1.5,estimated_flat
6817,Kyle Collinsworth,1627858.0,Raptors,1,2019,False,,1.35,False,,1.35,estimated_flat
6821,Patrick McCaw,1627775.0,Raptors,1,2019,False,,0.786,False,0.786211,0.786211,realized
6822,Chris Boucher,1628449.0,Raptors,1,2019,False,,1.025,False,,1.025,estimated_flat
6822,Chris Boucher,1628449.0,Raptors,2,2020,False,,1.025,False,,1.025,estimated_flat
6823,Malcolm Miller,1626259.0,Raptors,1,2019,False,,1.025,False,,1.025,estimated_flat
6823,Malcolm Miller,1626259.0,Raptors,2,2020,False,,1.025,False,,1.025,estimated_flat
6824,Jeremy Lin,202391.0,Raptors,1,2019,False,,0.697,False,0.487109,0.487109,realized
6830,Patrick McCaw,1627775.0,Raptors,1,2020,False,,4.0,False,4.0,4.0,realized
6830,Patrick McCaw,1627775.0,Raptors,2,2021,False,,4.0,False,,4.0,estimated_flat
6831,Stanley Johnson,1626169.0,Raptors,1,2020,False,,3.715,False,3.623,3.623,realized
6831,Stanley Johnson,1626169.0,Raptors,2,2021,False,,3.715,False,3.80415,3.80415,realized
6832,Terence Davis,1629056.0,Raptors,1,2020,False,,1.2,False,0.89831,0.89831,realized
6832,Terence Davis,1629056.0,Raptors,2,2021,False,,1.2,False,1.517981,1.517981,realized
6833,Dewan Hernandez,1629608.0,Raptors,1,2020,False,,1.4,False,0.89831,0.89831,realized
6833,Dewan Hernandez,1629608.0,Raptors,2,2021,False,,1.4,False,,1.4,estimated_flat
6833,Dewan Hernandez,1629608.0,Raptors,3,2022,False,,1.4,False,,1.4,estimated_flat
6834,Matt Thomas,1629744.0,Raptors,1,2020,False,,1.4,False,0.89831,0.89831,realized
6834,Matt Thomas,1629744.0,Raptors,2,2021,False,,1.4,False,1.517981,1.517981,realized
6834,Matt Thomas,1629744.0,Raptors,3,2022,False,,1.4,False,1.669178,1.669178,realized
6835,Rondae Hollis-Jefferson,1626178.0,Raptors,1,2020,False,,2.5,False,2.5,2.5,realized
6837,Devin Robinson,1628421.0,Raptors,1,2020,False,,1.62,False,,1.62,estimated_flat
6839,Cameron Payne,1626166.0,Raptors,1,2020,False,,1.85,False,0.196288,0.196288,realized
6839,Cameron Payne,1626166.0,Raptors,2,2021,False,,1.85,False,1.977011,1.977011,realized
6840,Isaiah Taylor,1627819.0,Raptors,1,2020,False,,1.7,False,,1.7,estimated_flat
6840,Isaiah Taylor,1627819.0,Raptors,2,2021,False,,1.7,False,,1.7,estimated_flat
6841,Kyle Lowry,200768.0,Raptors,1,2020,False,,30.5,False,34.996296,34.996296,realized
6843,Pascal Siakam,1627783.0,Raptors,1,2020,False,,32.5,False,2.351839,2.351839,realized
6843,Pascal Siakam,1627783.0,Raptors,2,2021,False,,32.5,False,30.5592,30.5592,realized
6843,Pascal Siakam,1627783.0,Raptors,3,2022,False,,32.5,False,33.003936,33.003936,realized
6843,Pascal Siakam,1627783.0,Raptors,4,2023,False,,32.5,False,35.448672,35.448672,realized
6848,Aron Baynes,203382.0,Raptors,1,2021,False,,7.175,False,7.0,7.0,realized
6848,Aron Baynes,203382.0,Raptors,2,2022,False,,7.175,False,,7.175,estimated_flat
6849,Fred VanVleet,1627832.0,Raptors,1,2021,False,,21.25,False,21.25,21.25,realized
6849,Fred VanVleet,1627832.0,Raptors,2,2022,False,,21.25,False,19.675926,19.675926,realized
6849,Fred VanVleet,1627832.0,Raptors,3,2023,False,,21.25,False,21.25,21.25,realized
6849,Fred VanVleet,1627832.0,Raptors,4,2024,False,,21.25,False,40.8063,40.8063,realized
6850,Chris Boucher,1628449.0,Raptors,1,2021,False,,6.75,False,6.5,6.5,realized
6850,Chris Boucher,1628449.0,Raptors,2,2022,False,,6.75,False,7.02,7.02,realized
6851,DeAndre' Bembry,1627761.0,Raptors,1,2021,False,,1.85,False,1.737145,1.737145,realized
6851,DeAndre' Bembry,1627761.0,Raptors,2,2022,False,,1.85,False,,1.85,estimated_flat
6852,Henry Ellenson,1627740.0,Raptors,1,2021,False,,1.85,False,,1.85,estimated_flat
6852,Henry Ellenson,1627740.0,Raptors,2,2022,False,,1.85,False,,1.85,estimated_flat
6853,Malachi Flynn,1630201.0,Raptors,1,2021,False,,2.0,False,1.9506,1.9506,realized
6853,Malachi Flynn,1630201.0,Raptors,2,2022,False,,2.0,False,2.04804,2.04804,realized
6858,Alex Len,203458.0,Raptors,1,2021,False,,2.3,False,1.265372,1.265372,realized
6859,Paul Watson,1628778.0,Raptors,1,2021,False,,1.55,False,1.445697,1.445697,realized
6859,Paul Watson,1628778.0,Raptors,2,2022,False,,1.55,False,,1.55,estimated_flat
6870,Yuta Watanabe,1629139.0,Raptors,1,2021,False,,1.05,False,,1.05,estimated_flat
6870,Yuta Watanabe,1629139.0,Raptors,2,2022,False,,1.05,False,,1.05,estimated_flat
6871,Freddie Gillespie,1630273.0,Raptors,1,2021,False,,1.85,False,,1.85,estimated_flat
6871,Freddie Gillespie,1630273.0,Raptors,2,2022,False,,1.85,False,,1.85,estimated_flat
6873,Khem Birch,203920.0,Raptors,1,2022,False,,6.667,False,6.35,6.35,realized
6873,Khem Birch,203920.0,Raptors,2,2023,False,,6.667,False,6.6675,6.6675,realized
6873,Khem Birch,203920.0,Raptors,3,2024,False,,6.667,False,,6.667,estimated_flat
6874,Kyle Lowry,200768.0,Raptors,1,2022,False,,30.0,False,26.984128,26.984128,realized
6874,Kyle Lowry,200768.0,Raptors,2,2023,False,,30.0,False,28.333334,28.333334,realized
6874,Kyle Lowry,200768.0,Raptors,3,2024,False,,30.0,False,2.795839,2.795839,realized
6875,Gary Trent Jr.,1629018.0,Raptors,1,2022,False,,17.267,False,16.225,16.225,realized
6875,Gary Trent Jr.,1629018.0,Raptors,2,2023,False,,17.267,False,17.28,17.28,realized
6875,Gary Trent Jr.,1629018.0,Raptors,3,2024,False,,17.267,False,18.56,18.56,realized
6876,Ishmail Wainright / Ish Wainright,1630688.0,Raptors,1,2022,False,,1.25,False,0.008558,0.008558,realized
6876,Ishmail Wainright / Ish Wainright,1630688.0,Raptors,2,2023,False,,1.25,False,0.474851,0.474851,realized
6878,Scottie Barnes,1630567.0,Raptors,1,2022,False,,8.275,False,7.2804,7.2804,realized
6878,Scottie Barnes,1630567.0,Raptors,2,2023,False,,8.275,False,7.6446,7.6446,realized
6878,Scottie Barnes,1630567.0,Raptors,3,2024,False,,8.275,False,8.00868,8.00868,realized
6878,Scottie Barnes,1630567.0,Raptors,4,2025,False,,8.275,False,10.13098,10.13098,realized
6880,Sam Dekker,1626155.0,Raptors,1,2022,False,,1.8,False,,1.8,estimated_flat
6882,Dalano Banton,1630625.0,Raptors,1,2022,False,,1.25,False,0.925258,0.925258,realized
6882,Dalano Banton,1630625.0,Raptors,2,2023,False,,1.25,False,1.563518,1.563518,realized
6883,Sviatoslav Mykhailiuk / Svi Mykhailiuk,1629004.0,Raptors,1,2022,False,,1.8,False,1.729217,1.729217,realized
6883,Sviatoslav Mykhailiuk / Svi Mykhailiuk,1629004.0,Raptors,2,2023,True,player,1.8,False,1.968175,1.968175,realized
6900,Thaddeus Young,201152.0,Raptors,1,2022,False,,8.0,False,14.19,14.19,realized
6900,Thaddeus Young,201152.0,Raptors,2,2023,False,,8.0,False,8.0,8.0,realized
6901,Otto Porter Jr.,203490.0,Raptors,1,2023,False,,6.2,False,6.0,6.0,realized
6901,Otto Porter Jr.,203490.0,Raptors,2,2024,False,,6.2,False,,6.2,estimated_flat
6902,Chris Boucher,1628449.0,Raptors,1,2023,False,,11.767,False,12.69,12.69,realized
6902,Chris Boucher,1628449.0,Raptors,2,2024,False,,11.767,False,11.75,11.75,realized
6902,Chris Boucher,1628449.0,Raptors,3,2025,False,,11.767,False,10.81,10.81,realized
6903,D.J. Wilson,1628391.0,Raptors,1,2023,False,,1.75,False,,1.75,estimated_flat
6903,D.J. Wilson,1628391.0,Raptors,2,2024,False,,1.75,False,,1.75,estimated_flat
6904,Justin Champagnie,1630551.0,Raptors,1,2023,False,,1.8,False,0.028241,0.028241,realized
6904,Justin Champagnie,1630551.0,Raptors,2,2024,False,,1.8,False,0.0,0.0,realized
6907,Juancho Hernangomez / Juan Hernangomez,1627823.0,Raptors,1,2023,False,,2.3,False,,2.3,estimated_flat
6910,Josh Jackson,1628367.0,Raptors,1,2023,False,,2.1,False,,2.1,estimated_flat
6922,Gradey Dick,1641711.0,Raptors,1,2024,False,,5.35,False,4.53672,4.53672,realized
6922,Gradey Dick,1641711.0,Raptors,2,2025,False,,5.35,False,4.76376,4.76376,realized
6922,Gradey Dick,1641711.0,Raptors,3,2026,False,,5.35,False,4.99056,4.99056,realized
6922,Gradey Dick,1641711.0,Raptors,4,2027,False,,5.35,False,,5.35,estimated_flat
6924,Jakob Poeltl,1627751.0,Raptors,1,2024,False,,19.5,False,19.5,19.5,realized
6924,Jakob Poeltl,1627751.0,Raptors,2,2025,False,,19.5,False,19.5,19.5,realized
6924,Jakob Poeltl,1627751.0,Raptors,3,2026,False,,19.5,False,19.5,19.5,realized
6924,Jakob Poeltl,1627751.0,Raptors,4,2027,True,player,19.5,False,,19.5,estimated_flat
6925,Jalen McDaniels,1629667.0,Raptors,1,2024,False,,4.65,False,4.516,4.516,realized
6925,Jalen McDaniels,1629667.0,Raptors,2,2025,False,,4.65,False,4.7418,4.7418,realized
6926,Dennis Schröder,203471.0,Raptors,1,2024,False,,12.7,False,12.405,12.405,realized
6926,Dennis Schröder,203471.0,Raptors,2,2025,False,,12.7,False,13.02525,13.02525,realized
6929,Jeff Dowtin Jr.,1630288.0,Raptors,1,2024,False,,2.0,False,0.127683,0.127683,realized
6930,Garrett Temple,202066.0,Raptors,1,2024,False,,3.2,False,2.019706,2.019706,realized
6945,Kelly Olynyk,203482.0,Raptors,1,2024,False,,13.1,False,12.195122,12.195122,realized
6945,Kelly Olynyk,203482.0,Raptors,2,2025,False,,13.1,False,12.804878,12.804878,realized
6953,Ja'Kobe Walter,1642266.0,Raptors,1,2025,False,,4.2,False,3.465,3.465,realized
6953,Ja'Kobe Walter,1642266.0,Raptors,2,2026,False,,4.2,False,3.63816,3.63816,realized
6953,Ja'Kobe Walter,1642266.0,Raptors,3,2027,False,,4.2,False,,4.2,estimated_flat
6953,Ja'Kobe Walter,1642266.0,Raptors,4,2028,False,,4.2,False,,4.2,estimated_flat
6954,Jamal Shead,1642347.0,Raptors,1,2025,False,,2.033,False,1.862265,1.862265,realized
6954,Jamal Shead,1642347.0,Raptors,2,2026,False,,2.033,False,1.955377,1.955377,realized
6954,Jamal Shead,1642347.0,Raptors,3,2027,False,,2.033,False,,2.033,estimated_flat
6957,Garrett Temple,202066.0,Raptors,1,2025,False,,3.3,False,2.087519,2.087519,realized
6958,Immanuel Quickley,1630193.0,Raptors,1,2025,False,,35.0,False,32.5,32.5,realized
6958,Immanuel Quickley,1630193.0,Raptors,2,2026,False,,35.0,False,32.5,32.5,realized
6958,Immanuel Quickley,1630193.0,Raptors,3,2027,False,,35.0,False,,35.0,estimated_flat
6958,Immanuel Quickley,1630193.0,Raptors,4,2028,False,,35.0,False,,35.0,estimated_flat
6958,Immanuel Quickley,1630193.0,Raptors,5,2029,False,,35.0,False,,35.0,estimated_flat
6959,Scottie Barnes,1630567.0,Raptors,1,2025,False,,44.98,False,10.13098,10.13098,realized
6959,Scottie Barnes,1630567.0,Raptors,2,2026,False,,44.98,False,38.66175,38.66175,realized
6959,Scottie Barnes,1630567.0,Raptors,3,2027,False,,44.98,False,,44.98,estimated_flat
6959,Scottie Barnes,1630567.0,Raptors,4,2028,False,,44.98,False,,44.98,estimated_flat
6959,Scottie Barnes,1630567.0,Raptors,5,2029,False,,44.98,False,,44.98,estimated_flat
6962,Bruno Fernando,1628981.0,Raptors,1,2025,False,,2.4,False,2.087519,2.087519,realized
6973,Jamison Battle,1642419.0,Raptors,1,2025,False,,1.733,False,1.0,1.0,realized
6973,Jamison Battle,1642419.0,Raptors,2,2026,False,,1.733,False,1.955377,1.955377,realized
6973,Jamison Battle,1642419.0,Raptors,3,2027,False,,1.733,False,,1.733,estimated_flat
6975,Brandon Ingram,1627742.0,Raptors,1,2025,False,,40.0,False,36.0162,36.0162,realized
6975,Brandon Ingram,1627742.0,Raptors,2,2026,False,,40.0,False,38.095238,38.095238,realized
6975,Brandon Ingram,1627742.0,Raptors,3,2027,False,,40.0,False,,40.0,estimated_flat
6986,Collin Murray-Boyles,1642867.0,Raptors,1,2026,False,,7.2,False,6.33252,6.33252,realized
6986,Collin Murray-Boyles,1642867.0,Raptors,2,2027,False,,7.2,False,,7.2,estimated_flat
6986,Collin Murray-Boyles,1642867.0,Raptors,3,2028,False,,7.2,False,,7.2,estimated_flat
6986,Collin Murray-Boyles,1642867.0,Raptors,4,2029,False,,7.2,False,,7.2,estimated_flat
6987,Garrett Temple,202066.0,Raptors,1,2026,False,,3.6,False,2.296274,2.296274,realized
6988,Sandro Mamukelashvili,1630572.0,Raptors,1,2026,False,,2.65,False,2.461463,2.461463,realized
6988,Sandro Mamukelashvili,1630572.0,Raptors,2,2027,False,,2.65,False,,2.65,estimated_flat
6989,Jakob Poeltl,1627751.0,Raptors,1,2026,False,,26.0,False,19.5,19.5,realized
6989,Jakob Poeltl,1627751.0,Raptors,2,2027,False,,26.0,False,,26.0,estimated_flat
6989,Jakob Poeltl,1627751.0,Raptors,3,2028,False,,26.0,False,,26.0,estimated_flat
6989,Jakob Poeltl,1627751.0,Raptors,4,2029,False,,26.0,False,,26.0,estimated_flat
7006,Alijah Martin,1642918.0,Raptors,1,2027,False,,2.4,False,,2.4,estimated_flat
7006,Alijah Martin,1642918.0,Raptors,2,2028,True,player,2.4,False,,2.4,estimated_flat
7010,Kyle Anderson,203937.0,Raptors,1,2027,False,,3.9,False,,3.9,estimated_flat
7013,Dante Exum,203957.0,Jazz,1,2015,False,,3.7,False,3.615,3.615,realized
7013,Dante Exum,203957.0,Jazz,2,2016,False,,3.7,False,,3.7,estimated_flat
7014,Rodney Hood,203918.0,Jazz,1,2015,False,,1.3,False,1.29036,1.29036,realized
7014,Rodney Hood,203918.0,Jazz,2,2016,False,,1.3,False,1.34844,1.34844,realized
7015,Gordon Hayward,202330.0,Jazz,1,2015,False,,15.75,False,14.746,14.746,realized
7015,Gordon Hayward,202330.0,Jazz,2,2016,False,,15.75,False,15.40957,15.40957,realized
7015,Gordon Hayward,202330.0,Jazz,3,2017,False,,15.75,False,16.07314,16.07314,realized
7015,Gordon Hayward,202330.0,Jazz,4,2018,False,,15.75,False,29.7279,29.7279,realized
7016,Trevor Booker,202344.0,Jazz,1,2015,False,,5.0,False,5.0,5.0,realized
7016,Trevor Booker,202344.0,Jazz,2,2016,False,,5.0,False,4.775,4.775,realized
7025,Alec Burks,202692.0,Jazz,1,2015,False,,10.5,False,3.034356,3.034356,realized
7025,Alec Burks,202692.0,Jazz,2,2016,False,,10.5,False,9.463484,9.463484,realized
7025,Alec Burks,202692.0,Jazz,3,2017,False,,10.5,False,10.154495,10.154495,realized
7025,Alec Burks,202692.0,Jazz,4,2018,False,,10.5,False,10.845506,10.845506,realized
7041,Trey Lyles,1626168.0,Jazz,1,2016,False,,2.3,False,2.2398,2.2398,realized
7041,Trey Lyles,1626168.0,Jazz,2,2017,False,,2.3,False,2.3406,2.3406,realized
7043,Joe Ingles,204060.0,Jazz,1,2016,False,,2.25,False,2.15,2.15,realized
7043,Joe Ingles,204060.0,Jazz,2,2017,False,,2.25,False,2.15,2.15,realized
7044,Tibor Pleiss,202353.0,Jazz,1,2016,False,,3.333,False,2.9,2.9,realized
7044,Tibor Pleiss,202353.0,Jazz,2,2017,False,,3.333,False,,3.333,estimated_flat
7044,Tibor Pleiss,202353.0,Jazz,3,2018,False,,3.333,False,,3.333,estimated_flat
7057,Joe Johnson,2207.0,Jazz,1,2017,False,,11.0,False,11.0,11.0,realized
7057,Joe Johnson,2207.0,Jazz,2,2018,False,,11.0,False,0.473835,0.473835,realized
7063,Rudy Gobert,203497.0,Jazz,1,2017,False,,25.0,False,2.121287,2.121287,realized
7063,Rudy Gobert,203497.0,Jazz,2,2018,False,,25.0,False,21.974719,21.974719,realized
7063,Rudy Gobert,203497.0,Jazz,3,2019,False,,25.0,False,23.491573,23.491573,realized
7063,Rudy Gobert,203497.0,Jazz,4,2020,False,,25.0,False,25.008427,25.008427,realized
7064,Donovan Mitchell,1628378.0,Jazz,1,2018,False,,2.85,False,2.62128,2.62128,realized
7064,Donovan Mitchell,1628378.0,Jazz,2,2019,False,,2.85,False,3.11148,3.11148,realized
7064,Donovan Mitchell,1628378.0,Jazz,3,2020,False,,2.85,False,3.63576,3.63576,realized
7064,Donovan Mitchell,1628378.0,Jazz,4,2021,False,,2.85,False,5.195501,5.195501,realized
7065,Tony Bradley,1628396.0,Jazz,1,2018,False,,1.55,False,1.41492,1.41492,realized
7065,Tony Bradley,1628396.0,Jazz,2,2019,False,,1.55,False,1.67952,1.67952,realized
7065,Tony Bradley,1628396.0,Jazz,3,2020,False,,1.55,False,1.96236,1.96236,realized
7065,Tony Bradley,1628396.0,Jazz,4,2021,False,,1.55,False,3.54206,3.54206,realized
7066,Jonas Jerebko,201973.0,Jazz,1,2018,False,,4.1,False,4.0,4.0,realized
7066,Jonas Jerebko,201973.0,Jazz,2,2019,False,,4.1,False,1.512601,1.512601,realized
7067,Thabo Sefolosha,200757.0,Jazz,1,2018,False,,5.25,False,5.25,5.25,realized
7067,Thabo Sefolosha,200757.0,Jazz,2,2019,False,,5.25,False,5.25,5.25,realized
7068,Royce O'Neale,1626220.0,Jazz,1,2018,False,,1.267,False,0.815615,0.815615,realized
7068,Royce O'Neale,1626220.0,Jazz,2,2019,False,,1.267,False,1.378242,1.378242,realized
7068,Royce O'Neale,1626220.0,Jazz,3,2020,False,,1.267,False,1.61852,1.61852,realized
7069,Ekpe Udoh,202327.0,Jazz,1,2018,False,,3.25,False,3.2,3.2,realized
7069,Ekpe Udoh,202327.0,Jazz,2,2019,False,,3.25,False,3.36,3.36,realized
7071,Joe Ingles,204060.0,Jazz,1,2018,False,,13.0,False,14.136364,14.136364,realized
7071,Joe Ingles,204060.0,Jazz,2,2019,False,,13.0,False,13.045455,13.045455,realized
7071,Joe Ingles,204060.0,Jazz,3,2020,False,,13.0,False,11.954546,11.954546,realized
7071,Joe Ingles,204060.0,Jazz,4,2021,False,,13.0,False,10.863637,10.863637,realized
7087,Grayson Allen,1628960.0,Jazz,1,2019,False,,2.25,False,2.07432,2.07432,realized
7087,Grayson Allen,1628960.0,Jazz,2,2020,False,,2.25,False,2.4294,2.4294,realized
7087,Grayson Allen,1628960.0,Jazz,3,2021,False,,2.25,False,2.54532,2.54532,realized
7087,Grayson Allen,1628960.0,Jazz,4,2022,False,,2.25,False,4.054695,4.054695,realized
7088,Dante Exum,203957.0,Jazz,1,2019,False,,11.0,False,9.6,9.6,realized
7088,Dante Exum,203957.0,Jazz,2,2020,False,,11.0,False,9.6,9.6,realized
7088,Dante Exum,203957.0,Jazz,3,2021,False,,11.0,False,9.6,9.6,realized
7089,Derrick Favors,202324.0,Jazz,1,2019,False,,18.8,False,16.9,16.9,realized
7089,Derrick Favors,202324.0,Jazz,2,2020,False,,18.8,False,17.65,17.65,realized
7090,Raulzinho Neto / Raul Neto,203526.0,Jazz,1,2019,False,,2.2,False,2.15,2.15,realized
7090,Raulzinho Neto / Raul Neto,203526.0,Jazz,2,2020,False,,2.2,False,1.620564,1.620564,realized
7092,Georges Niang,1627777.0,Jazz,1,2019,False,,1.633,False,1.512601,1.512601,realized
7092,Georges Niang,1627777.0,Jazz,2,2020,False,,1.633,False,1.678854,1.678854,realized
7092,Georges Niang,1627777.0,Jazz,3,2021,False,,1.633,False,1.783557,1.783557,realized
7100,Ed Davis (Adam),202334.0,Jazz,1,2019,False,,5.0,False,4.449,4.449,realized
7100,Ed Davis (Adam),202334.0,Jazz,2,2020,False,,5.0,False,4.767,4.767,realized
7101,Bojan Bogdanovic,202711.0,Jazz,1,2020,False,,18.275,False,17.0,17.0,realized
7101,Bojan Bogdanovic,202711.0,Jazz,2,2021,False,,18.275,False,17.85,17.85,realized
7101,Bojan Bogdanovic,202711.0,Jazz,3,2022,False,,18.275,False,18.7,18.7,realized
7101,Bojan Bogdanovic,202711.0,Jazz,4,2023,False,,18.275,False,19.55,19.55,realized
7102,Miye Oni,1629671.0,Jazz,1,2020,False,,1.4,False,0.89831,0.89831,realized
7102,Miye Oni,1629671.0,Jazz,2,2021,False,,1.4,False,1.517981,1.517981,realized
7102,Miye Oni,1629671.0,Jazz,3,2022,False,,1.4,False,,1.4,estimated_flat
7105,Stanton Kidd,1629742.0,Jazz,1,2020,False,,1.4,False,,1.4,estimated_flat
7105,Stanton Kidd,1629742.0,Jazz,2,2021,False,,1.4,False,,1.4,estimated_flat
7105,Stanton Kidd,1629742.0,Jazz,3,2022,False,,1.4,False,,1.4,estimated_flat
7106,William Howard,1629739.0,Jazz,1,2020,False,,1.4,False,,1.4,estimated_flat
7106,William Howard,1629739.0,Jazz,2,2021,False,,1.4,False,,1.4,estimated_flat
7106,William Howard,1629739.0,Jazz,3,2022,False,,1.4,False,,1.4,estimated_flat
7107,Ed Davis (Adam),202334.0,Jazz,1,2020,False,,4.9,False,4.767,4.767,realized
7107,Ed Davis (Adam),202334.0,Jazz,2,2021,False,,4.9,False,5.00535,5.00535,realized
7108,Emmanuel Mudiay,1626144.0,Jazz,1,2020,False,,1.7,False,1.620564,1.620564,realized
7109,Jeff Green,201145.0,Jazz,1,2020,False,,2.56,False,,2.56,estimated_flat
7110,Nigel Williams-Goss,1628430.0,Jazz,1,2020,False,,1.6,False,1.5,1.5,realized
7110,Nigel Williams-Goss,1628430.0,Jazz,2,2021,False,,1.6,False,,1.6,estimated_flat
7110,Nigel Williams-Goss,1628430.0,Jazz,3,2022,False,,1.6,False,,1.6,estimated_flat
7119,Joe Ingles,204060.0,Jazz,1,2020,False,,14.0,False,11.954546,11.954546,realized
7120,Juwan Morgan,1629752.0,Jazz,1,2020,False,,0.746,False,,0.746,estimated_flat
7122,Royce O'Neale,1626220.0,Jazz,1,2020,False,,9.0,False,1.61852,1.61852,realized
7122,Royce O'Neale,1626220.0,Jazz,2,2021,False,,9.0,False,8.5,8.5,realized
7122,Royce O'Neale,1626220.0,Jazz,3,2022,False,,9.0,False,8.8,8.8,realized
7122,Royce O'Neale,1626220.0,Jazz,4,2023,False,,9.0,False,9.2,9.2,realized
7123,Donovan Mitchell,1628378.0,Jazz,1,2021,False,,32.6,False,5.195501,5.195501,realized
7123,Donovan Mitchell,1628378.0,Jazz,2,2022,False,,32.6,False,28.1035,28.1035,realized
7123,Donovan Mitchell,1628378.0,Jazz,3,2023,False,,32.6,False,30.91375,30.91375,realized
7123,Donovan Mitchell,1628378.0,Jazz,4,2024,False,,32.6,False,33.16203,33.16203,realized
7123,Donovan Mitchell,1628378.0,Jazz,5,2025,True,player,32.6,True,35.41031,35.41031,realized
7124,Jordan Clarkson,203903.0,Jazz,1,2021,False,,12.875,False,11.5,11.5,realized
7124,Jordan Clarkson,203903.0,Jazz,2,2022,False,,12.875,False,12.42,12.42,realized
7124,Jordan Clarkson,203903.0,Jazz,3,2023,False,,12.875,False,13.34,13.34,realized
7124,Jordan Clarkson,203903.0,Jazz,4,2024,False,,12.875,False,23.487629,23.487629,realized
7125,Derrick Favors,202324.0,Jazz,1,2021,False,,9.733,False,9.258,9.258,realized
7125,Derrick Favors,202324.0,Jazz,2,2022,False,,9.733,False,9.7209,9.7209,realized
7125,Derrick Favors,202324.0,Jazz,3,2023,True,player,9.733,False,,9.733,estimated_flat
7126,Elijah Hughes,1630190.0,Jazz,1,2021,False,,1.2,False,0.89831,0.89831,realized
7126,Elijah Hughes,1630190.0,Jazz,2,2022,False,,1.2,False,1.517981,1.517981,realized
7127,Udoka Azubuike,1628962.0,Jazz,1,2021,False,,2.025,False,1.977,1.977,realized
7127,Udoka Azubuike,1628962.0,Jazz,2,2022,False,,2.025,False,2.07588,2.07588,realized
7135,Malcolm Miller,1626259.0,Jazz,1,2021,False,,1.7,False,,1.7,estimated_flat
7136,Yogi Ferrell,1627812.0,Jazz,1,2021,False,,1.7,False,,1.7,estimated_flat
7137,Rudy Gobert,203497.0,Jazz,1,2021,False,,41.0,False,27.525281,27.525281,realized
7137,Rudy Gobert,203497.0,Jazz,2,2022,False,,41.0,False,35.344828,35.344828,realized
7137,Rudy Gobert,203497.0,Jazz,3,2023,False,,41.0,False,38.172414,38.172414,realized
7137,Rudy Gobert,203497.0,Jazz,4,2024,False,,41.0,False,41.0,41.0,realized
7137,Rudy Gobert,203497.0,Jazz,5,2025,False,,41.0,False,43.827586,43.827586,realized
7137,Rudy Gobert,203497.0,Jazz,6,2026,True,player,41.0,False,35.0,35.0,realized
7139,Hassan Whiteside,202355.0,Jazz,1,2022,False,,2.4,False,,2.4,estimated_flat
7140,Mike Conley Jr.,201144.0,Jazz,1,2022,False,,22.667,False,21.0,21.0,realized
7140,Mike Conley Jr.,201144.0,Jazz,2,2023,False,,22.667,False,22.68,22.68,realized
7140,Mike Conley Jr.,201144.0,Jazz,3,2024,False,,22.667,False,24.36,24.36,realized
7141,Rudy Gay,200752.0,Jazz,1,2022,False,,6.05,False,5.89,5.89,realized
7141,Rudy Gay,200752.0,Jazz,2,2023,False,,6.05,False,6.1845,6.1845,realized
7141,Rudy Gay,200752.0,Jazz,3,2024,True,player,6.05,False,,6.05,estimated_flat
7142,Jarrell Brantley,1629714.0,Jazz,1,2022,False,,1.7,False,,1.7,estimated_flat
7144,Jared Butler,1630215.0,Jazz,1,2022,False,,0.625,False,0.925258,0.925258,realized
7144,Jared Butler,1630215.0,Jazz,2,2023,False,,0.625,False,,0.625,estimated_flat
7144,Jared Butler,1630215.0,Jazz,3,2024,False,,0.625,False,1.25,1.25,realized
7144,Jared Butler,1630215.0,Jazz,4,2025,False,,0.625,False,0.745726,0.745726,realized
7165,Walker Kessler,1631117.0,Jazz,1,2023,False,,3.35,False,2.6964,2.6964,realized
7165,Walker Kessler,1631117.0,Jazz,2,2024,False,,3.35,False,2.83116,2.83116,realized
7165,Walker Kessler,1631117.0,Jazz,3,2025,False,,3.35,False,2.96592,2.96592,realized
7165,Walker Kessler,1631117.0,Jazz,4,2026,False,,3.35,False,4.878938,4.878938,realized
7167,Simone Fontecchio,1631323.0,Jazz,1,2023,False,,3.1,False,3.205128,3.205128,realized
7167,Simone Fontecchio,1631323.0,Jazz,2,2024,False,,3.1,False,3.044872,3.044872,realized
7182,Kris Dunn,1627739.0,Jazz,1,2023,False,,1.66,False,0.735819,0.735819,realized
7182,Kris Dunn,1627739.0,Jazz,2,2024,False,,1.66,False,2.586665,2.586665,realized
7185,Luka Samanic,1629677.0,Jazz,1,2023,False,,1.25,False,0.432795,0.432795,realized
7185,Luka Samanic,1629677.0,Jazz,2,2024,False,,1.25,False,2.066585,2.066585,realized
7186,Vernon Carey Jr.,1630176.0,Jazz,1,2023,False,,1.05,False,0.1,0.1,realized
7186,Vernon Carey Jr.,1630176.0,Jazz,2,2024,False,,1.05,False,,1.05,estimated_flat
7192,Brice Sensabaugh,1641729.0,Jazz,1,2024,False,,3.15,False,2.4486,2.4486,realized
7192,Brice Sensabaugh,1641729.0,Jazz,2,2025,False,,3.15,False,2.57148,2.57148,realized
7192,Brice Sensabaugh,1641729.0,Jazz,3,2026,False,,3.15,False,2.69376,2.69376,realized
7192,Brice Sensabaugh,1641729.0,Jazz,4,2027,False,,3.15,False,,3.15,estimated_flat
7193,Keyonte George,1641718.0,Jazz,1,2024,False,,4.7,False,3.8898,3.8898,realized
7193,Keyonte George,1641718.0,Jazz,2,2025,False,,4.7,False,4.0842,4.0842,realized
7193,Keyonte George,1641718.0,Jazz,3,2026,False,,4.7,False,4.27896,4.27896,realized
7193,Keyonte George,1641718.0,Jazz,4,2027,False,,4.7,False,,4.7,estimated_flat
7194,Taylor Hendricks,1641707.0,Jazz,1,2024,False,,6.35,False,5.56992,5.56992,realized
7194,Taylor Hendricks,1641707.0,Jazz,2,2025,False,,6.35,False,5.84868,5.84868,realized
7194,Taylor Hendricks,1641707.0,Jazz,3,2026,False,,6.35,False,6.12708,6.12708,realized
7194,Taylor Hendricks,1641707.0,Jazz,4,2027,False,,6.35,False,,6.35,estimated_flat
7196,Jordan Clarkson,203903.0,Jazz,1,2024,False,,14.2,False,23.487629,23.487629,realized
7196,Jordan Clarkson,203903.0,Jazz,2,2025,False,,14.2,False,14.092577,14.092577,realized
7197,Omer Yurtseven,1630209.0,Jazz,1,2024,False,,2.75,False,2.8,2.8,realized
7197,Omer Yurtseven,1630209.0,Jazz,2,2025,False,,2.75,False,,2.75,estimated_flat
7208,Kenneth Lofton Jr.,1631254.0,Jazz,1,2024,False,,1.633,False,0.5,0.5,realized
7208,Kenneth Lofton Jr.,1631254.0,Jazz,2,2025,False,,1.633,False,,1.633,estimated_flat
7208,Kenneth Lofton Jr.,1631254.0,Jazz,3,2026,True,team,1.633,False,,1.633,estimated_flat
7209,Darius Bazley,1629647.0,Jazz,1,2024,False,,1.9,False,0.5,0.5,realized
7209,Darius Bazley,1629647.0,Jazz,2,2025,False,,1.9,False,,1.9,estimated_flat
7209,Darius Bazley,1629647.0,Jazz,3,2026,False,,1.9,False,,1.9,estimated_flat
7210,Cody Williams,1642262.0,Jazz,1,2025,False,,6.225,False,5.46912,5.46912,realized
7210,Cody Williams,1642262.0,Jazz,2,2026,False,,6.225,False,5.74248,5.74248,realized
7210,Cody Williams,1642262.0,Jazz,3,2027,False,,6.225,False,,6.225,estimated_flat
7210,Cody Williams,1642262.0,Jazz,4,2028,False,,6.225,False,,6.225,estimated_flat
7211,Isaiah Collier,1642268.0,Jazz,1,2025,False,,3.225,False,2.51268,2.51268,realized
7211,Isaiah Collier,1642268.0,Jazz,2,2026,False,,3.225,False,2.6382,2.6382,realized
7211,Isaiah Collier,1642268.0,Jazz,3,2027,False,,3.225,False,,3.225,estimated_flat
7211,Isaiah Collier,1642268.0,Jazz,4,2028,False,,3.225,False,,3.225,estimated_flat
7213,Kris Dunn,1627739.0,Jazz,1,2025,False,,5.667,False,5.168,5.168,realized
7213,Kris Dunn,1627739.0,Jazz,2,2026,False,,5.667,False,5.4264,5.4264,realized
7213,Kris Dunn,1627739.0,Jazz,3,2027,False,,5.667,False,,5.667,estimated_flat
7215,Lauri Markkanen,1628374.0,Jazz,1,2025,False,,39.16,False,42.1764,42.1764,realized
7215,Lauri Markkanen,1628374.0,Jazz,2,2026,False,,39.16,False,46.3941,46.3941,realized
7215,Lauri Markkanen,1628374.0,Jazz,3,2027,False,,39.16,False,,39.16,estimated_flat
7215,Lauri Markkanen,1628374.0,Jazz,4,2028,False,,39.16,False,,39.16,estimated_flat
7215,Lauri Markkanen,1628374.0,Jazz,5,2029,False,,39.16,False,,39.16,estimated_flat
7216,Drew Eubanks,1629234.0,Jazz,1,2025,False,,4.9,False,5.0,5.0,realized
7216,Drew Eubanks,1629234.0,Jazz,2,2026,False,,4.9,False,2.296274,2.296274,realized
7217,Sviatoslav Mykhailiuk / Svi Mykhailiuk,1629004.0,Jazz,1,2025,False,,3.75,False,3.5,3.5,realized
7217,Sviatoslav Mykhailiuk / Svi Mykhailiuk,1629004.0,Jazz,2,2026,False,,3.75,False,3.675,3.675,realized
7217,Sviatoslav Mykhailiuk / Svi Mykhailiuk,1629004.0,Jazz,3,2027,False,,3.75,False,,3.75,estimated_flat
7217,Sviatoslav Mykhailiuk / Svi Mykhailiuk,1629004.0,Jazz,4,2028,False,,3.75,False,,3.75,estimated_flat
7219,Johnny Juzang,1630548.0,Jazz,1,2025,False,,2.85,False,3.087519,3.087519,realized
7219,Johnny Juzang,1630548.0,Jazz,2,2026,False,,2.85,False,0.0,0.0,realized
7219,Johnny Juzang,1630548.0,Jazz,3,2027,False,,2.85,False,,2.85,estimated_flat
7219,Johnny Juzang,1630548.0,Jazz,4,2028,False,,2.85,False,,2.85,estimated_flat
7220,Kyle Filipowski,1642271.0,Jazz,1,2025,False,,3.0,False,3.0,3.0,realized
7220,Kyle Filipowski,1642271.0,Jazz,2,2026,False,,3.0,False,3.0,3.0,realized
7220,Kyle Filipowski,1642271.0,Jazz,3,2027,False,,3.0,False,,3.0,estimated_flat
7220,Kyle Filipowski,1642271.0,Jazz,4,2028,False,,3.0,False,,3.0,estimated_flat
7222,Patrick Mills / Patty Mills,201988.0,Jazz,1,2025,False,,3.3,False,2.087519,2.087519,realized
7234,Jaden Springer,1630531.0,Jazz,1,2025,False,,1.867,False,0.634437,0.634437,realized
7234,Jaden Springer,1630531.0,Jazz,2,2026,False,,1.867,False,,1.867,estimated_flat
7234,Jaden Springer,1630531.0,Jazz,3,2027,True,team,1.867,False,,1.867,estimated_flat
7236,John Collins (Martin),1628381.0,Jazz,1,2025,False,,5.3,False,26.58,26.58,realized
7236,John Collins (Martin),1628381.0,Jazz,2,2026,False,,5.3,False,26.58,26.58,realized
7236,John Collins (Martin),1628381.0,Jazz,3,2027,False,,5.3,False,,5.3,estimated_flat
7236,John Collins (Martin),1628381.0,Jazz,4,2028,False,,5.3,False,,5.3,estimated_flat
7236,John Collins (Martin),1628381.0,Jazz,5,2029,False,,5.3,False,,5.3,estimated_flat
7237,Airious Bailey / Ace Bailey,1642846.0,Jazz,1,2026,False,,10.3,False,9.06984,9.06984,realized
7237,Airious Bailey / Ace Bailey,1642846.0,Jazz,2,2027,False,,10.3,False,,10.3,estimated_flat
7237,Airious Bailey / Ace Bailey,1642846.0,Jazz,3,2028,False,,10.3,False,,10.3,estimated_flat
7237,Airious Bailey / Ace Bailey,1642846.0,Jazz,4,2029,False,,10.3,False,,10.3,estimated_flat
7238,Walter Clayton Jr.,1642383.0,Jazz,1,2026,False,,4.825,False,3.99132,3.99132,realized
7238,Walter Clayton Jr.,1642383.0,Jazz,2,2027,False,,4.825,False,,4.825,estimated_flat
7238,Walter Clayton Jr.,1642383.0,Jazz,3,2028,False,,4.825,False,,4.825,estimated_flat
7238,Walter Clayton Jr.,1642383.0,Jazz,4,2029,False,,4.825,False,,4.825,estimated_flat
7257,Bez Mbeng,1643016.0,Jazz,1,2026,False,,1.1,False,,1.1,estimated_flat
7257,Bez Mbeng,1643016.0,Jazz,2,2027,False,,1.1,False,,1.1,estimated_flat
7258,Hayden Gray,1643060.0,Jazz,1,2026,False,,1.1,False,,1.1,estimated_flat
7258,Hayden Gray,1643060.0,Jazz,2,2027,False,,1.1,False,,1.1,estimated_flat
7261,Walker Kessler,1631117.0,Jazz,1,2027,False,,32.375,False,,32.375,estimated_flat
7261,Walker Kessler,1631117.0,Jazz,2,2028,False,,32.375,False,,32.375,estimated_flat
7261,Walker Kessler,1631117.0,Jazz,3,2029,False,,32.375,False,,32.375,estimated_flat
7261,Walker Kessler,1631117.0,Jazz,4,2030,False,,32.375,False,,32.375,estimated_flat
7263,Jaxson Hayes,1629637.0,Jazz,1,2027,False,,6.0,False,,6.0,estimated_flat
7263,Jaxson Hayes,1629637.0,Jazz,2,2028,True,team,6.0,False,,6.0,estimated_flat
7264,Josh Okogie,1629006.0,Jazz,1,2027,False,,6.0,False,,6.0,estimated_flat
7264,Josh Okogie,1629006.0,Jazz,2,2028,True,team,6.0,False,,6.0,estimated_flat
7265,Jusuf Nurkic,203994.0,Jazz,1,2027,False,,11.0,False,,11.0,estimated_flat
7265,Jusuf Nurkic,203994.0,Jazz,2,2028,False,,11.0,False,,11.0,estimated_flat
7266,Mohamed Bamba / Mo Bamba,1628964.0,Jazz,1,2027,False,,3.6,False,,3.6,estimated_flat
7266,Mohamed Bamba / Mo Bamba,1628964.0,Jazz,2,2028,False,,3.6,False,,3.6,estimated_flat
7273,Marcin Gortat,101162.0,Wizards,1,2015,False,,12.0,False,10.434782,10.434782,realized
7273,Marcin Gortat,101162.0,Wizards,2,2016,False,,12.0,False,11.217391,11.217391,realized
7273,Marcin Gortat,101162.0,Wizards,3,2017,False,,12.0,False,12.0,12.0,realized
7273,Marcin Gortat,101162.0,Wizards,4,2018,False,,12.0,False,12.782609,12.782609,realized
7273,Marcin Gortat,101162.0,Wizards,5,2019,False,,12.0,False,,12.0,estimated_flat
7274,Trevor Ariza,2772.0,Wizards,1,2015,False,,8.0,False,8.579089,8.579089,realized
7274,Trevor Ariza,2772.0,Wizards,2,2016,False,,8.0,False,8.19303,8.19303,realized
7274,Trevor Ariza,2772.0,Wizards,3,2017,False,,8.0,False,7.806971,7.806971,realized
7274,Trevor Ariza,2772.0,Wizards,4,2018,False,,8.0,False,7.420912,7.420912,realized
7275,Kevin Seraphin,202338.0,Wizards,1,2015,False,,3.8,False,3.898691,3.898691,realized
7276,Paul Pierce,1718.0,Wizards,1,2015,False,,5.5,False,5.305,5.305,realized
7276,Paul Pierce,1718.0,Wizards,2,2016,False,,5.5,False,3.376,3.376,realized
7290,Gary Neal,202390.0,Wizards,1,2016,False,,2.1,False,,2.1,estimated_flat
7292,Alan Anderson,101187.0,Wizards,1,2016,False,,4.0,False,4.0,4.0,realized
7305,Andrew Nicholson,203094.0,Wizards,1,2017,False,,6.5,False,6.088993,6.088993,realized
7305,Andrew Nicholson,203094.0,Wizards,2,2018,False,,6.5,False,,6.5,estimated_flat
7305,Andrew Nicholson,203094.0,Wizards,3,2019,False,,6.5,False,,6.5,estimated_flat
7305,Andrew Nicholson,203094.0,Wizards,4,2020,False,,6.5,False,,6.5,estimated_flat
7307,Ian Mahinmi,101133.0,Wizards,1,2017,False,,16.0,False,15.944154,15.944154,realized
7307,Ian Mahinmi,101133.0,Wizards,2,2018,False,,16.0,False,16.661641,16.661641,realized
7307,Ian Mahinmi,101133.0,Wizards,3,2019,False,,16.0,False,15.944154,15.944154,realized
7307,Ian Mahinmi,101133.0,Wizards,4,2020,False,,16.0,False,15.450051,15.450051,realized
7308,Jason Smith,201160.0,Wizards,1,2017,False,,5.333,False,5.0,5.0,realized
7308,Jason Smith,201160.0,Wizards,2,2018,False,,5.333,False,5.225,5.225,realized
7308,Jason Smith,201160.0,Wizards,3,2019,False,,5.333,False,,5.333,estimated_flat
7311,Bradley Beal,203078.0,Wizards,1,2017,False,,25.6,False,22.11675,22.11675,realized
7311,Bradley Beal,203078.0,Wizards,2,2018,False,,25.6,False,23.775506,23.775506,realized
7311,Bradley Beal,203078.0,Wizards,3,2019,False,,25.6,False,25.434263,25.434263,realized
7311,Bradley Beal,203078.0,Wizards,4,2020,False,,25.6,False,27.093019,27.093019,realized
7311,Bradley Beal,203078.0,Wizards,5,2021,False,,25.6,False,28.751774,28.751774,realized
7321,(James) Mike Scott,203118.0,Wizards,1,2018,False,,1.7,False,1.471382,1.471382,realized
7322,Jodie Meeks,201975.0,Wizards,1,2018,False,,3.35,False,3.29,3.29,realized
7322,Jodie Meeks,201975.0,Wizards,2,2019,False,,3.35,False,,3.35,estimated_flat
7324,Otto Porter Jr.,203490.0,Wizards,1,2018,False,,26.625,False,24.77325,24.77325,realized
7324,Otto Porter Jr.,203490.0,Wizards,2,2019,False,,26.625,False,26.011913,26.011913,realized
7324,Otto Porter Jr.,203490.0,Wizards,3,2020,False,,26.625,False,27.250575,27.250575,realized
7324,Otto Porter Jr.,203490.0,Wizards,4,2021,False,,26.625,False,28.489238,28.489238,realized
7325,John Wall (Hildred),202322.0,Wizards,1,2018,False,,42.5,False,18.06385,18.06385,realized
7325,John Wall (Hildred),202322.0,Wizards,2,2019,False,,42.5,False,19.1698,19.1698,realized
7325,John Wall (Hildred),202322.0,Wizards,3,2020,False,,42.5,False,,42.5,estimated_flat
7325,John Wall (Hildred),202322.0,Wizards,4,2021,False,,42.5,False,41.25492,41.25492,realized
7332,Troy Brown Jr.,1628972.0,Wizards,1,2019,False,,3.0,False,2.74908,2.74908,realized
7332,Troy Brown Jr.,1628972.0,Wizards,2,2020,False,,3.0,False,3.21948,3.21948,realized
7332,Troy Brown Jr.,1628972.0,Wizards,3,2021,False,,3.0,False,3.37284,3.37284,realized
7332,Troy Brown Jr.,1628972.0,Wizards,4,2022,False,,3.0,False,5.170564,5.170564,realized
7333,Jeff Green,201145.0,Wizards,1,2019,False,,2.4,False,1.512601,1.512601,realized
7334,Dwight Howard,2730.0,Wizards,1,2019,False,,5.45,False,5.337,5.337,realized
7334,Dwight Howard,2730.0,Wizards,2,2020,False,,5.45,False,1.620564,1.620564,realized
7341,Chasson Randle,1626184.0,Wizards,1,2019,False,,1.2,False,0.869094,0.869094,realized
7342,Okaro White,1627855.0,Wizards,1,2019,False,,1.2,False,,1.2,estimated_flat
7343,Chasson Randle,1626184.0,Wizards,1,2019,False,,0.869,False,0.869094,0.869094,realized
7344,Ron Baker,1627758.0,Wizards,1,2019,False,,0.949,False,,0.949,estimated_flat
7349,Rui Hachimura,1629060.0,Wizards,1,2020,False,,4.6,False,4.46916,4.46916,realized
7349,Rui Hachimura,1629060.0,Wizards,2,2021,False,,4.6,False,4.69284,4.69284,realized
7351,Thomas Bryant,1628418.0,Wizards,1,2020,False,,8.333,False,8.0,8.0,realized
7351,Thomas Bryant,1628418.0,Wizards,2,2021,False,,8.333,False,8.333333,8.333333,realized
7351,Thomas Bryant,1628418.0,Wizards,3,2022,False,,8.333,False,8.666667,8.666667,realized
7353,Ishmael Smith / Ish Smith,202397.0,Wizards,1,2020,False,,6.0,False,6.0,6.0,realized
7353,Ishmael Smith / Ish Smith,202397.0,Wizards,2,2021,False,,6.0,False,6.0,6.0,realized
7354,Isaiah Thomas,202738.0,Wizards,1,2020,False,,2.32,False,,2.32,estimated_flat
7355,Admiral Schofield,1629678.0,Wizards,1,2020,False,,1.4,False,1.0,1.0,realized
7355,Admiral Schofield,1629678.0,Wizards,2,2021,False,,1.4,False,,1.4,estimated_flat
7355,Admiral Schofield,1629678.0,Wizards,3,2022,False,,1.4,False,,1.4,estimated_flat
7356,Justin Robinson,1629620.0,Wizards,1,2020,False,,1.4,False,,1.4,estimated_flat
7356,Justin Robinson,1629620.0,Wizards,2,2021,False,,1.4,False,,1.4,estimated_flat
7356,Justin Robinson,1629620.0,Wizards,3,2022,False,,1.4,False,,1.4,estimated_flat
7364,Bradley Beal,203078.0,Wizards,1,2020,False,,35.9,False,27.093019,27.093019,realized
7364,Bradley Beal,203078.0,Wizards,2,2021,False,,35.9,False,28.751774,28.751774,realized
7364,Bradley Beal,203078.0,Wizards,3,2022,True,player,35.9,True,33.7242,33.7242,realized
7375,Raulzinho Neto / Raul Neto,203526.0,Wizards,1,2021,False,,1.8,False,1.620564,1.620564,realized
7376,Davis Bertans,202722.0,Wizards,1,2021,False,,16.0,False,15.0,15.0,realized
7376,Davis Bertans,202722.0,Wizards,2,2022,False,,16.0,False,16.0,16.0,realized
7376,Davis Bertans,202722.0,Wizards,3,2023,False,,16.0,False,16.0,16.0,realized
7376,Davis Bertans,202722.0,Wizards,4,2024,False,,16.0,False,17.0,17.0,realized
7376,Davis Bertans,202722.0,Wizards,5,2025,False,,16.0,False,,16.0,estimated_flat
7377,Robin Lopez,201577.0,Wizards,1,2021,False,,7.3,False,7.3,7.3,realized
7382,Anthony Gill,1630264.0,Wizards,1,2021,False,,1.2,False,0.89831,0.89831,realized
7382,Anthony Gill,1630264.0,Wizards,2,2022,False,,1.2,False,1.517981,1.517981,realized
7383,Deni Avdija,1630166.0,Wizards,1,2021,False,,4.6,False,4.46916,4.46916,realized
7383,Deni Avdija,1630166.0,Wizards,2,2022,False,,4.6,False,4.69284,4.69284,realized
7384,Jordan Bell,1628395.0,Wizards,1,2021,False,,1.7,False,,1.7,estimated_flat
7390,Corey Kispert,1630557.0,Wizards,1,2022,False,,4.1,False,3.38364,3.38364,realized
7390,Corey Kispert,1630557.0,Wizards,2,2023,False,,4.1,False,3.55284,3.55284,realized
7390,Corey Kispert,1630557.0,Wizards,3,2024,False,,4.1,False,3.72204,3.72204,realized
7390,Corey Kispert,1630557.0,Wizards,4,2025,False,,4.1,False,5.705888,5.705888,realized
7391,Raulzinho Neto / Raul Neto,203526.0,Wizards,1,2022,False,,2.1,False,1.669178,1.669178,realized
7393,Isaiah Todd,1630225.0,Wizards,1,2022,False,,1.725,False,1.5,1.5,realized
7393,Isaiah Todd,1630225.0,Wizards,2,2023,False,,1.725,False,1.575,1.575,realized
7393,Isaiah Todd,1630225.0,Wizards,3,2024,False,,1.725,False,,1.725,estimated_flat
7393,Isaiah Todd,1630225.0,Wizards,4,2025,False,,1.725,False,,1.725,estimated_flat
7401,Daniel Gafford,1629655.0,Wizards,1,2022,False,,13.4,False,1.782621,1.782621,realized
7401,Daniel Gafford,1629655.0,Wizards,2,2023,False,,13.4,False,1.930681,1.930681,realized
7401,Daniel Gafford,1629655.0,Wizards,3,2024,False,,13.4,False,12.402,12.402,realized
7415,Anthony Gill,1630264.0,Wizards,1,2023,False,,1.9,False,1.83609,1.83609,realized
7415,Anthony Gill,1630264.0,Wizards,2,2024,False,,1.9,False,1.997238,1.997238,realized
7416,Johnny Davis (Christian),1631098.0,Wizards,1,2023,False,,5.475,False,4.81032,4.81032,realized
7416,Johnny Davis (Christian),1631098.0,Wizards,2,2024,False,,5.475,False,5.0508,5.0508,realized
7416,Johnny Davis (Christian),1631098.0,Wizards,3,2025,False,,5.475,False,5.29116,5.29116,realized
7416,Johnny Davis (Christian),1631098.0,Wizards,4,2026,False,,5.475,False,,5.475,estimated_flat
7417,Bradley Beal,203078.0,Wizards,1,2023,False,,50.2,False,43.27925,43.27925,realized
7417,Bradley Beal,203078.0,Wizards,2,2024,False,,50.2,False,46.74159,46.74159,realized
7417,Bradley Beal,203078.0,Wizards,3,2025,False,,50.2,False,50.20393,50.20393,realized
7417,Bradley Beal,203078.0,Wizards,4,2026,False,,50.2,False,5.354,5.354,realized
7417,Bradley Beal,203078.0,Wizards,5,2027,False,,50.2,False,,50.2,estimated_flat
7418,Delon Wright,1626153.0,Wizards,1,2023,False,,8.0,False,7.804878,7.804878,realized
7418,Delon Wright,1626153.0,Wizards,2,2024,False,,8.0,False,0.661628,0.661628,realized
7419,Taj Gibson,201959.0,Wizards,1,2023,False,,2.9,False,1.83609,1.83609,realized
7430,Jordan Goodwin,1630692.0,Wizards,1,2023,False,,1.633,False,0.9,0.9,realized
7430,Jordan Goodwin,1630692.0,Wizards,2,2024,False,,1.633,False,,1.633,estimated_flat
7430,Jordan Goodwin,1630692.0,Wizards,3,2025,False,,1.633,False,0.223718,0.223718,realized
7433,Xavier Cooks,1641645.0,Wizards,1,2023,False,,1.525,False,0.140384,0.140384,realized
7433,Xavier Cooks,1641645.0,Wizards,2,2024,False,,1.525,False,,1.525,estimated_flat
7433,Xavier Cooks,1641645.0,Wizards,3,2025,False,,1.525,False,,1.525,estimated_flat
7433,Xavier Cooks,1641645.0,Wizards,4,2026,False,,1.525,False,,1.525,estimated_flat
7435,Bilal Coulibaly,1641731.0,Wizards,1,2024,False,,7.525,False,6.61428,6.61428,realized
7435,Bilal Coulibaly,1641731.0,Wizards,2,2025,False,,7.525,False,6.94524,6.94524,realized
7435,Bilal Coulibaly,1641731.0,Wizards,3,2026,False,,7.525,False,7.2756,7.2756,realized
7435,Bilal Coulibaly,1641731.0,Wizards,4,2027,False,,7.525,False,,7.525,estimated_flat
7436,Kyle Kuzma,1628398.0,Wizards,1,2024,False,,22.5,False,25.568182,25.568182,realized
7436,Kyle Kuzma,1628398.0,Wizards,2,2025,False,,22.5,False,24.45606,24.45606,realized
7436,Kyle Kuzma,1628398.0,Wizards,3,2026,False,,22.5,False,22.410605,22.410605,realized
7436,Kyle Kuzma,1628398.0,Wizards,4,2027,False,,22.5,False,,22.5,estimated_flat
7448,Deni Avdija,1630166.0,Wizards,1,2024,False,,13.75,False,6.263188,6.263188,realized
7448,Deni Avdija,1630166.0,Wizards,2,2025,False,,13.75,False,15.625,15.625,realized
7448,Deni Avdija,1630166.0,Wizards,3,2026,False,,13.75,False,14.375,14.375,realized
7448,Deni Avdija,1630166.0,Wizards,4,2027,False,,13.75,False,,13.75,estimated_flat
7459,Jared Butler,1630215.0,Wizards,1,2024,False,,1.933,False,1.25,1.25,realized
7459,Jared Butler,1630215.0,Wizards,2,2025,False,,1.933,False,0.745726,0.745726,realized
7459,Jared Butler,1630215.0,Wizards,3,2026,False,,1.933,False,,1.933,estimated_flat
7462,Alex Sarr,1642259.0,Wizards,1,2025,False,,12.75,False,11.24568,11.24568,realized
7462,Alex Sarr,1642259.0,Wizards,2,2026,False,,12.75,False,11.80824,11.80824,realized
7462,Alex Sarr,1642259.0,Wizards,3,2027,False,,12.75,False,,12.75,estimated_flat
7462,Alex Sarr,1642259.0,Wizards,4,2028,False,,12.75,False,,12.75,estimated_flat
7463,Kyshawn George,1642273.0,Wizards,1,2025,False,,3.575,False,2.82552,2.82552,realized
7463,Kyshawn George,1642273.0,Wizards,2,2026,False,,3.575,False,2.96676,2.96676,realized
7463,Kyshawn George,1642273.0,Wizards,3,2027,False,,3.575,False,,3.575,estimated_flat
7463,Kyshawn George,1642273.0,Wizards,4,2028,False,,3.575,False,,3.575,estimated_flat
7464,Carlton Carrington / Bub Carrington,1642267.0,Wizards,1,2025,False,,5.325,False,4.45488,4.45488,realized
7464,Carlton Carrington / Bub Carrington,1642267.0,Wizards,2,2026,False,,5.325,False,4.6776,4.6776,realized
7464,Carlton Carrington / Bub Carrington,1642267.0,Wizards,3,2027,False,,5.325,False,,5.325,estimated_flat
7464,Carlton Carrington / Bub Carrington,1642267.0,Wizards,4,2028,False,,5.325,False,,5.325,estimated_flat
7465,Saddiq Bey,1630180.0,Wizards,1,2025,False,,6.333,False,,6.333,estimated_flat
7465,Saddiq Bey,1630180.0,Wizards,2,2026,False,,6.333,False,6.118644,6.118644,realized
7465,Saddiq Bey,1630180.0,Wizards,3,2027,False,,6.333,False,,6.333,estimated_flat
7466,Anthony Gill,1630264.0,Wizards,1,2025,False,,2.2,False,2.237691,2.237691,realized
7474,Corey Kispert,1630557.0,Wizards,1,2025,False,,13.5,False,5.705888,5.705888,realized
7474,Corey Kispert,1630557.0,Wizards,2,2026,False,,13.5,False,13.975,13.975,realized
7474,Corey Kispert,1630557.0,Wizards,3,2027,False,,13.5,False,,13.5,estimated_flat
7474,Corey Kispert,1630557.0,Wizards,4,2028,True,team,13.5,True,,13.5,estimated_flat
7481,Justin Champagnie,1630551.0,Wizards,1,2025,False,,2.45,False,1.8,1.8,realized
7481,Justin Champagnie,1630551.0,Wizards,2,2026,False,,2.45,False,2.349578,2.349578,realized
7481,Justin Champagnie,1630551.0,Wizards,3,2027,False,,2.45,False,,2.45,estimated_flat
7481,Justin Champagnie,1630551.0,Wizards,4,2028,True,team,2.45,False,,2.45,estimated_flat
7482,Tre Johnson,1642848.0,Wizards,1,2026,False,,9.35,False,8.23764,8.23764,realized
7482,Tre Johnson,1642848.0,Wizards,2,2027,False,,9.35,False,,9.35,estimated_flat
7482,Tre Johnson,1642848.0,Wizards,3,2028,False,,9.35,False,,9.35,estimated_flat
7482,Tre Johnson,1642848.0,Wizards,4,2029,False,,9.35,False,,9.35,estimated_flat
7484,Will Riley,1642860.0,Wizards,1,2026,False,,0.875,False,3.51252,3.51252,realized
7484,Will Riley,1642860.0,Wizards,2,2027,False,,0.875,False,,0.875,estimated_flat
7484,Will Riley,1642860.0,Wizards,3,2028,False,,0.875,False,,0.875,estimated_flat
7484,Will Riley,1642860.0,Wizards,4,2029,False,,0.875,False,,0.875,estimated_flat
7485,Marvin Bagley III,1628963.0,Wizards,1,2026,False,,3.1,False,2.296274,2.296274,realized
7487,Anthony Gill,1630264.0,Wizards,1,2026,False,,2.7,False,2.296274,2.296274,realized
7503,Tristan Vukcevic,1641774.0,Wizards,1,2026,False,,2.967,False,0.0,0.0,realized
7503,Tristan Vukcevic,1641774.0,Wizards,2,2027,False,,2.967,False,,2.967,estimated_flat
7503,Tristan Vukcevic,1641774.0,Wizards,3,2028,True,team,2.967,False,,2.967,estimated_flat
7504,Jamir Watkins,1642364.0,Wizards,1,2026,False,,1.65,False,0.0,0.0,realized
7504,Jamir Watkins,1642364.0,Wizards,2,2027,True,team,1.65,False,,1.65,estimated_flat
7509,Trae Young,1629027.0,Wizards,1,2027,False,,53.2,False,,53.2,estimated_flat
7509,Trae Young,1629027.0,Wizards,2,2028,False,,53.2,False,,53.2,estimated_flat
7509,Trae Young,1629027.0,Wizards,3,2029,False,,53.2,False,,53.2,estimated_flat
7509,Trae Young,1629027.0,Wizards,4,2030,True,player,53.2,False,,53.2,estimated_flat
7511,Khris Middleton,203114.0,Wizards,1,2027,False,,5.867,False,,5.867,estimated_flat
7511,Khris Middleton,203114.0,Wizards,2,2028,False,,5.867,False,,5.867,estimated_flat
7511,Khris Middleton,203114.0,Wizards,3,2029,False,,5.867,False,,5.867,estimated_flat
