date,team,counterparty,acquired_assets,relinquished_assets,num_acquired,num_relinquished,raw_notes
2014-02-20,Hawks,Clippers,Antawn Jamison; cash considerations,rights to Cenk Akyol,2,1,trade with Clippers
2014-06-26,Hawks,Bucks,rights to Lamar Patterson,2015 second round pick (#41-Pat Connaughton),1,1,trade with Bucks
2014-06-30,Hawks,Raptors,John Salmons; 2015 second round pick (#50-Marcus Eriksson),Louis Williams / Lou Williams; rights to Lucas Nogueira,2,2,trade with Raptors
2014-07-15,Hawks,Thunder,Thabo Sefolosha; rights to Giorgos Printezis; cash considerations,rights to Sofoklis Schortsanitis,3,1,trade with Thunder
2015-02-10,Hawks,Timberwolves,"first round pick (protected top 14 and conditional in 2017 if Timberwolves convey 2015 first round pick to Celtics from previous trade, protected top 14 in 2018-20, else 2020 second round pick, 2021 second round pick) (2018 #19-Kevin Huerter)",Adreian Payne,1,1,trade with Timberwolves
2015-06-25,Hawks,"Knicks, Wizards",Tim Hardaway Jr.; 2016 second round pick (from Wizards) (#44-Isaia Cordinier); 2019 second round pick (from Wizards) (#36-Cody Martin),rights to Kelly Oubre Jr.,3,1,"3-team trade with Knicks, Wizards"
2015-07-09,Hawks,Spurs,Tiago Splitter,rights to Giorgos Printezis; 2017 second round pick (protected top 55) (not exercised),1,2,trade with Spurs
2016-02-18,Hawks,"Bulls, Jazz",Kirk Hinrich,Justin Holiday; Shelvin Mack,1,2,"3-team trade with Bulls, Jazz"
2016-06-24,Hawks,Cavaliers,$2.4M cash,rights to Kahlil Felder / Kay Felder,1,1,trade with Cavaliers
2016-07-07,Hawks,"Jazz, Pacers",rights to Taurean Prince; traded player exception,Jeff Teague,2,1,"3-team trade with Jazz, Pacers"
2017-01-07,Hawks,Cavaliers,"Mike Dunleavy Jr.; Maurice Williams / Mo Williams; draft pick(s) (first round protected top 10 in 2019-20, else 2021 second round pick (#35-Herbert Jones / Herb Jones (Keyshawn)), 2022 second round pick) (#47-Vince Williams Jr.); cash considerations",Kyle Korver,4,1,trade with Cavaliers
2017-01-18,Hawks,Nuggets,rights to Cenk Akyol; traded player exception,Maurice Williams / Mo Williams; cash,2,2,trade with Nuggets
2017-02-22,Hawks,76ers,"Ersan Ilyasova; 76ers option to swap 2017 second round picks (least favorable of Jazz, Knicks, Pistons, Warriors picks received in earlier trade with Jazz) with Hawks (Hawks pick protected #56-60) (#60-Alpha Kaba)","Tiago Splitter; second round pick (protected top 40 in 2017, unprotected in 2018) (2017 #46-Sterling Brown); 76ers option to swap 2017 second round picks (least favorable of Jazz, Knicks, Pistons, Warriors picks received in earlier trade with Jazz) with Hawks (Hawks pick protected #56-60) (#50-Mathias Lessort)",2,3,trade with 76ers
2017-02-23,Hawks,Suns,2017 second round pick (protected top 55) (not exercised),(James) Mike Scott; rights to Cenk Akyol; cash,1,3,trade with Suns
2017-06-20,Hawks,Hornets,Marco Belinelli; Miles Plumlee; 2017 second round pick (#41-Tyler Dorsey),Dwight Howard; 2017 second round pick (#31-Frank Jackson),3,2,trade with Hornets
2017-06-28,Hawks,Rockets,cash considerations,Ryan Kelly,1,1,trade with Rockets
2017-07-06,Hawks,"Clippers, Nuggets","Jamal Crawford; Diamond Stone; first round pick (protected top 3 in 2018-23, unprotected in 2024) (from Clippers) (2018 #30-Omari Spellman); cash (from Clippers)",2019 second round pick (#36-Cody Martin),4,1,"3-team trade with Clippers, Nuggets"
2017-09-25,Hawks,Clippers,DeAndre Liggins; cash,2018 second round pick (protected top 55) (not exercised),2,1,trade with Clippers
2017-10-14,Hawks,Cavaliers,"Richard Jefferson; Kahlil Felder / Kay Felder; 2019 second round pick (less favorable of Lakers, Timberwolves picks) (#41-Eric Paschall); 2020 second round pick (protected top 55) (not exercised); $3M cash",rights to Sergiy Gladyr / Sergey Gladyr; rights to Dimitrios Agravanis,5,2,trade with Cavaliers
2018-02-08,Hawks,Heat,Okaro White,Luke Babbitt,1,1,trade with Heat
2018-02-08,Hawks,Wizards,Sheldon McClellan / Sheldon Mac; cash,2019 second round pick (protected top 55) (not exercised),2,1,trade with Wizards
2018-06-21,Hawks,Hornets,2019 second round pick (#44-Bol Bol); 2023 second round pick (#34-Colby Jones),rights to Devonte' Graham,2,1,trade with Hornets
2018-06-21,Hawks,Mavericks,"rights to Trae Young; first round pick (protected top 5 in 2019-20, top 3 in 2021-22, unprotected in 2023) (2019 #10-Cam Reddish)",rights to Luka Doncic,2,1,trade with Mavericks
2018-07-13,Hawks,Nets,"Jeremy Lin; Hawks option to swap 2023 second round picks (less favorable of Hawks, Hornets picks) with Nets (not exercised); 2025 second round pick (#36-Adou Thiero)","rights to Isaia Cordinier; 2020 second round pick (protected top 55) (not exercised); Hawks option to swap 2023 second round picks (less favorable of Hawks, Hornets picks) with Nets (not exercised)",3,3,trade with Nets
2018-07-25,Hawks,"76ers, Thunder","Carmelo Anthony; Justin Anderson; draft pick(s) (2022 first round pick, protected top 14 in 2022, else 2024 second round pick, 2025 second round pick)) (from Thunder) (2024 #57-Ulrich Chomche) (2025 #59-Jahmai Mashack)",Dennis Schröder; Mike Muscala,3,2,"3-team trade with 76ers, Thunder"
2019-02-07,Hawks,Grizzlies,Shelvin Mack,Tyler Dorsey,1,1,trade with Grizzlies
2019-02-07,Hawks,Celtics,Jabari Bird; cash,2020 second round pick (protected top 55) (not exercised),2,1,trade with Celtics
2019-06-19,Hawks,Heat,2024 second round pick (protected #31-50 and #56-60) (not exercised); $1.9M cash,2019 second round pick (#44-Bol Bol),2,1,trade with Heat
2019-06-20,Hawks,Warriors,2024 second round pick (#44-Pelle Larsson); $1.3M cash,2019 second round pick (#41-Eric Paschall),2,1,trade with Warriors
2019-06-24,Hawks,Blazers,Evan Turner,Kent Bazemore,1,1,trade with Blazers
2019-07-06,Hawks,76ers,rights to Bruno Fernando,"rights to Jordan Bone; 2020 second round pick (protected #56-60) (#34-Theo Maledon); 2023 second round pick (most favorable of Hawks, Hornets, Nets picks) (#34-Colby Jones)",1,3,trade with 76ers
2019-07-06,Hawks,Nets,"Allen Crabbe; rights to Nickeil Alexander-Walker; draft pick(s) (first round pick protected top 14 in 2020-22, else 2022 second round pick, 2024 second round pick) (2020 #17-Aleksej Pokusevski)",Taurean Prince; 2021 second round pick (#49-Marcus Zegarowski),3,2,trade with Nets
2019-07-06,Hawks,Pelicans,Solomon Hill; rights to De'Andre Hunter; rights to Jordan Bone; 2023 second round pick (protected top 45) (#46-Seth Lundy),"rights to Jaxson Hayes; rights to Nickeil Alexander-Walker; rights to Marcos Louzada Silva / Didi Louzada Silva / Didi Louzada; draft pick(s) (2020 first round pick (protected top 10 in 2020), else 2021 second round pick, 2022 second round pick) (2021 #35-Herbert Jones / Herb Jones (Keyshawn)) (2022 #47-Vince Williams Jr.)",4,4,trade with Pelicans
2019-07-07,Hawks,Grizzlies,Chandler Parsons,Solomon Hill; Miles Plumlee,1,2,trade with Grizzlies
2019-07-08,Hawks,Warriors,Damian Jones; 2026 second round pick (?-?),Omari Spellman; traded player exception,2,2,trade with Warriors
2020-01-16,Hawks,Timberwolves,Jeff Teague; Treveon Graham,Allen Crabbe,2,1,trade with Timberwolves
2020-02-05,Hawks,"Nuggets, Rockets, Timberwolves",Clint Capela; Nene / Nene Hilario / Maybyner Hilario,"Evan Turner; draft pick(s) (first round pick protected top 14 in 2020-22, else 2022 second round pick, 2024 second round pick) (2020 #17-Aleksej Pokusevski); 2024 second round pick (protected #56-60) (#44-Pelle Larsson)",2,3,"4-team trade with Nuggets, Rockets, Timberwolves"
2020-02-06,Hawks,Kings,"Dewayne Dedmon; 2020 second round pick (more favorable of (a) Heat pick, (b) less favorable of Rockets, Warriors picks) (#50-Skylar Mays); 2021 second round pick (#48-Sharife Cooper)",Jabari Parker; Alex Len,3,2,trade with Kings
2020-02-06,Hawks,Blazers,Skal Labissiere; cash considerations,2024 second round pick (protected top 55) (not exercised),2,1,trade with Blazers
2020-02-06,Hawks,Clippers,Derrick Walton Jr.; $1.3M cash considerations,2022 second round pick (protected top 55) (not exercised),2,1,trade with Clippers
2020-11-20,Hawks,Pistons,Tony Snell; Khyri Thomas; traded player exception,Dewayne Dedmon; traded player exception,3,2,trade with Pistons
2020-11-24,Hawks,Thunder,Danilo Gallinari; cash considerations,2025 second round pick (originally protected top 55; modified to protected top 40 in subsequent trade) (#44-Brooks Barnhizer),2,1,trade with Thunder
2021-03-25,Hawks,Clippers,Louis Williams / Lou Williams; 2023 second round pick (#35-Julian Phillips); 2027 second round pick (?-?); cash considerations,Rajon Rondo,4,1,trade with Clippers
2021-08-07,Hawks,"Celtics, Kings",Delon Wright,Kris Dunn; Bruno Fernando; 2023 second round pick (#35-Julian Phillips),1,3,"3-team trade with Celtics, Kings"
2022-01-13,Hawks,Knicks,"Kevin Knox II; draft pick(s) (first round pick protected top 18 in 2022, top 16 in 2023, top 14 in 2024-25, else 2026 second round pick, 2027 second round pick) (?-?)",Cam Reddish; Solomon Hill; 2025 second round pick (#36-Adou Thiero),2,3,trade with Knicks
2022-06-23,Hawks,Warriors,rights to Tyrese Martin; $2M cash,rights to Ryan Rollins,2,1,trade with Warriors
2022-06-30,Hawks,Spurs,Dejounte Murray; Jock Landale; Spurs option to swap 2026 first round picks with Hawks (?-?),"Danilo Gallinari; draft pick(s) (first round pick protected top 16 in 2023, top 14 in 2024-25, else 2026 second round pick, 2027 second round pick) (?-?); 2025 first round pick (#14-Carter Bryant); Spurs option to swap 2026 first round picks with Hawks (?-?); 2027 first round pick (?-?)",3,5,trade with Spurs
2022-07-06,Hawks,Kings,"Justin Holiday; Maurice Harkless / Moe Harkless; draft pick(s) (first round pick protected top 14 in 2024, top 12 in 2025, top 10 in 2026, else 2026 second round pick, 2027 second round pick) (2025 #13-Derik Queen)",Kevin Huerter,3,1,trade with Kings
2022-07-06,Hawks,Suns,cash considerations,Jock Landale,1,1,trade with Suns
2022-09-27,Hawks,Thunder,Vit Krejci,Maurice Harkless / Moe Harkless; 2029 second round pick (?-?); modification of protection on previously traded 2025 second round pick from protected top 55 to protected top 40,1,3,trade with Thunder
2023-02-09,Hawks,Rockets,Garrison Mathews; Bruno Fernando,Justin Holiday; Frank Kaminsky; 2024 second round pick (#57-Ulrich Chomche); 2025 second round pick (#59-Jahmai Mashack),2,4,trade with Rockets
2023-02-09,Hawks,"Blazers, Pistons, Warriors",Saddiq Bey,"2023 second round pick (from Hawks) (second most favorable of Hawks, Hornets, Nets picks) (#43-Rayan Rupert); 2024 second round pick (#40-Osasere Ighodaro / Oso Ighodaro); 2025 second round pick (protected #41-59) (not exercised); 2026 second round pick (?-?); 2028 second round pick (?-?)",1,5,"4-team trade with Blazers, Pistons, Warriors"
2023-06-28,Hawks,Celtics,rights to Mouhamed Gueye (a),2027 second round pick (?-?),1,1,trade with Celtics
2023-07-07,Hawks,Jazz,Rudy Gay; 2026 second round pick (protected #43-60) (?-?),John Collins (Martin),2,1,trade with Jazz
2023-07-08,Hawks,"Clippers, Grizzlies, Rockets, Thunder",Usman Garuba; TyTy Washington Jr.; 2025 second round pick (from Rockets) (Timberwolves pick) (#51-Mohamed Diawara); 2028 second round pick (from Rockets) (?-?); $1.1M cash (from Thunder),rights to Alpha Kaba,5,1,"5-team trade with Clippers, Grizzlies, Rockets, Thunder"
2023-07-12,Hawks,Thunder,Patrick Mills / Patty Mills,TyTy Washington Jr.; Usman Garuba; Rudy Gay; 2026 second round pick (Warriors pick) (?-?),1,4,trade with Thunder
2024-06-27,Hawks,"Heat, Rockets",rights to Nikola Djurisic,A.J. Griffin; cash considerations,1,2,"3-team trade with Heat, Rockets"
2024-07-06,Hawks,Pelicans,"Larry Nance Jr.; Dyson Daniels; E.J. Liddell; Cody Zeller; 2025 first round pick (Lakers pick) (#22-Drake Powell); 2027 first round pick (least favorable of Bucks, Pelicans picks; protected top 4) (?-?)",Dejounte Murray,6,1,trade with Pelicans
2024-07-29,Hawks,Suns,David Roddy,E.J. Liddell,1,1,trade with Suns
2025-02-06,Hawks,Rockets,rights to Alpha Kaba,Cody Zeller; 2028 second round pick (Rockets pick) (?-?),1,2,trade with Rockets
2025-02-06,Hawks,Clippers,Terance Mann; Nah'Shon Hyland / Bones Hyland,Bogdan Bogdanovic; 2025 second round pick (Timberwolves pick) (#51-Mohamed Diawara); 2026 second round pick (Grizzlies pick) (protected #43-60) (?-?); 2027 second round pick (Clippers pick) (?-?),2,4,trade with Clippers
2025-02-06,Hawks,Cavaliers,"Caris LeVert; Georges Niang; Hawks option to swap 2026 first round picks (less favorable of Hawks, Spurs picks) with Cavaliers (?-?); 2027 second round pick (?-?); Hawks option to swap 2028 first round picks with Cavaliers (less favorable of Cavaliers, Jazz picks) (?-?); 2029 second round pick (?-?); 2031 second round pick (?-?)","De'Andre Hunter; Hawks option to swap 2026 first round picks (less favorable of Hawks, Spurs picks) with Cavaliers (?-?); Hawks option to swap 2028 first round picks with Cavaliers (less favorable of Cavaliers, Jazz picks) (?-?)",7,3,trade with Cavaliers
2025-06-25,Hawks,Pelicans,"Asa Newell; 2026 first round pick (more favorable of Bucks, Pelicans picks) (#8-Kingston Flemings)",rights to Derik Queen,2,1,trade with Pelicans
2025-07-06,Hawks,"Lakers, Nets, Rockets, Suns, Timberwolves, Warriors",David Roddy; Hawks right to swap 2031 second round pick (Hawks pick) for 2031 second round pick (Rockets pick) (?-?); cash (from Rockets),Clint Capela; Daeqwon Plowden; Hawks right to swap 2031 second round pick (Hawks pick) for 2031 second round pick (Rockets pick) (?-?),3,3,"7-team trade with Lakers, Nets, Rockets, Suns, Timberwolves, Warriors"
2025-07-06,Hawks,Timberwolves,Nickeil Alexander-Walker,2027 second round pick (Cavaliers pick) (?-?); trade exception; cash,1,3,trade with Timberwolves
2025-07-07,Hawks,"Celtics, Nets","Kristaps Porzingis; 2026 second round pick (from Celtics) (less favorable of Celtics, Grizzlies picks) (?-?)",Terance Mann; Georges Niang; rights to Drake Powell; 2031 second round pick (Cavaliers pick) (?-?),2,4,"3-team trade with Celtics, Nets"
2025-09-16,Hawks,Nets,cash considerations,Kobe Bufkin,1,1,trade with Nets
2026-01-09,Hawks,Wizards,C.J. McCollum; Corey Kispert,Trae Young,2,1,trade with Wizards
2026-02-01,Hawks,Blazers,Duop Reath; 2027 second round pick (Hawks pick) (?-?); 2030 second round pick (Knicks pick) (?-?),Vit Krejci,3,1,trade with Blazers
2026-02-05,Hawks,Warrriors,Jonathan Kuminga; Buddy Hield,Kristaps Porzingis,2,1,trade with Warrriors
2026-02-05,Hawks,Lakers,Gabe Vincent; 2032 second round pick (?-?),Luke Kennard,2,1,trade with Lakers
2026-02-05,Hawks,"Cavaliers, Jazz",Jock Landale,cash considerations,1,1,"3-team trade with Cavaliers, Jazz"
2026-06-24,Hawks,Clippers,rights to Henri Veesaar,rights to Narcisse Ngoy; cash considerations,1,2,trade with Clippers
2026-06-30,Hawks,Kings,Devin Carter; 2033 second round pick (?-?)**,rights to Alpha Kaba,2,1,trade with Kings
2026-07-06,Hawks,Thunder,Aaron Wiggins,"2030 second round pick (?-?)**; 2032 second round pick (less favorable of Hawks, Lakers picks) (?-?)**",1,2,trade with Thunder
2026-07-19,Hawks,"Mavericks, Thunder",Luguentz Dort; Ryan Nembhard,Zaccharie Risacher; 2027 second round pick (protected top 55) (?-?); 2031 second round pick (?-?); 2032 second round pick (?-?),2,4,"3-team trade with Mavericks, Thunder"
2014-01-07,Celtics,"Grizzlies, Thunder",Jerryd Bayless; Ryan Gomes,Courtney Lee; 2016 second round pick (#52-Joel Bolomboy),2,2,"3-team trade with Grizzlies, Thunder"
2014-01-15,Celtics,"Heat, Warriors","Joel Anthony; first round pick (protected top 14 in 2013-15, else 2015 second round pick, 2016 second round pick) (from Heat) (2015 #33-Jordan Mickey) (2016 #31-Deyonta Davis); 2016 second round pick (from Heat) (#51-Ben Bentil); cash",Jordan Crawford; MarShon Brooks,4,2,"3-team trade with Heat, Warriors"
2014-07-10,Celtics,"Cavaliers, Nets","Tyler Zeller; Marcus Thornton (Terrell); first round pick (from Cavaliers, protected top 10 in 2016-18, unprotected in 2019) (2016 #28-Skal Labissiere)","2015 conditional second round pick (protected top 55 in 2015, else extinguished) (not exercised)",3,1,"3-team trade with Cavaliers, Nets"
2014-07-19,Celtics,Wizards,"2015 second round pick (protected top 49 in 2015, else extinguished) (not exercised); trade exception",Kris Humphries,2,1,trade with Wizards
2014-09-25,Celtics,Cavaliers,Dwight Powell; Erik Murphy; Malcolm Thomas (b. 1988-11-08); John Lucas III; 2016 second round pick (#58-Abdel Nader); 2017 second round pick (#53-Kadeem Allen); trade exception,Keith Bogans; 2015 second round pick (protected top 55) (not exercised); 2017 second round pick (protected top 55) (not exercised),7,3,trade with Cavaliers
2014-10-17,Celtics,Pistons,Will Bynum,Joel Anthony,1,1,trade with Pistons
2014-12-18,Celtics,Mavericks,"Brandan Wright; Jae Crowder; Jameer Nelson (Sr.); first round pick (protected top 3 and #15-30 in 2015, top 7 in 2016-20, unprotected in 2021) (2016 #16-Guerschon Yabusele); 2016 second round pick (more favorable of Grizzlies, Mavericks picks) (#45-Demetrius Jackson); $12.9M trade exception",Rajon Rondo; Dwight Powell,6,2,trade with Mavericks
2015-01-09,Celtics,Suns,"draft pick(s) (first round pick (protected top 12 in 2015-16, else 2016 second round pick and 2017 second round pick)) (2016 #35-Rade Zagorac) (2017 #37-Semi Ojeleye)",Brandan Wright,1,1,trade with Suns
2015-01-12,Celtics,"Grizzlies, Pelicans","Tayshaun Prince; Austin Rivers; first round pick (from Grizzlies, at least 2 years after Grizzlies convey a first round pick to Cavaliers from prior trade) (protected top 10 in 2017, top 12 in 2018, top 8 in 2019, top 6 in 2020, unprotected in 2021) (2020 #14-Aaron Nesmith)",Jeff Green,3,1,"3-team trade with Grizzlies, Pelicans"
2015-01-13,Celtics,Nuggets,Nate Robinson,Jameer Nelson (Sr.),1,1,trade with Nuggets
2015-01-15,Celtics,"Clippers, Suns",Chris Douglas-Roberts; Shavlik Randolph; 2017 second round pick (from Clippers) (#56-Jabari Bird),Austin Rivers,3,1,"3-team trade with Clippers, Suns"
2015-02-19,Celtics,Suns,Isaiah Thomas,"Marcus Thornton (Terrell); first round pick (protected top 10 in 2016-18, unprotected in 2019) (2016 #28-Skal Labissiere)",1,2,trade with Suns
2015-02-19,Celtics,Pistons,Luigi Datome / Gigi Datome; Jonas Jerebko,Tayshaun Prince,2,1,trade with Pistons
2015-07-14,Celtics,Thunder,Perry Jones III; 2019 second round pick (#45-Isaiah Roby); cash,2018 second round pick (protected top 55) (#57-Kevin Hervey),3,1,trade with Thunder
2015-07-27,Celtics,Warriors,David Lee,Gerald Wallace; Chris Babb,1,2,trade with Warriors
2015-07-27,Celtics,Heat,Zoran Dragic; 2020 second round pick (#50-Skylar Mays); cash,2019 second round pick (protected top 55 in 2019) (not exercised),3,1,trade with Heat
2016-06-23,Celtics,Grizzlies,"first round pick (at least 2 years after Clippers convey first round pick to Raptors from earlier trade) (protected top 14 in 2019-20, else 2022 second round pick) (2019 #20-Matisse Thybulle)",rights to Deyonta Davis; rights to Rade Zagorac,1,2,trade with Grizzlies
2017-06-19,Celtics,76ers,"2017 first round pick (#3-Jayson Tatum); first round pick (Lakers 2018 pick if it is #2-5, else more favorable of 76ers, Kings 2019 first round picks unless that pick is #1 overall in which case less favorable of 76ers, Kings picks) (2019 #14-Romeo Langford)",2017 first round pick (#1-Markelle Fultz),2,1,trade with 76ers
2017-07-07,Celtics,Pistons,Marcus Morris,Avery Bradley; 2019 second round pick (#45-Isaiah Roby),1,2,trade with Pistons
2017-08-22,Celtics,Cavaliers,Kyrie Irving,Isaiah Thomas; Jae Crowder; Ante Zizic; 2018 first round pick (#8-Collin Sexton); 2020 second round pick (#50-Skylar Mays),1,5,trade with Cavaliers
2018-07-23,Celtics,Thunder,Rodney Purvis,Abdel Nader; $450K cash,1,2,trade with Thunder
2019-02-07,Celtics,Hawks,2020 second round pick (protected top 55) (not exercised),Jabari Bird; cash,1,2,trade with Hawks
2019-06-21,Celtics,76ers,rights to Carsen Edwards; rights to Ty Jerome,rights to Matisse Thybulle,2,1,trade with 76ers
2019-07-06,Celtics,Suns,"first round pick (protected top 7 in 2020, unprotected in 2021) (2020 #30-Desmond Bane); traded player exception",Aron Baynes; rights to Ty Jerome,2,2,trade with Suns
2019-07-06,Celtics,Hornets,"Kemba Walker; 2020 second round pick (less favorable of Knicks, Nets picks) (#47-Yam Madar)",Terry Rozier; 2020 second round pick (protected top 53) (#56-Grant Riller),2,2,trade with Hornets
2020-11-19,Celtics,Thunder,2021 second round pick (protected top 55) (not exercised),Vincent Poirier; cash,1,2,trade with Thunder
2020-11-20,Celtics,"Blazers, Grizzlies","2023 second round pick (from Grizzlies) (more favorable of (a) Rockets pick (protected #31-32), (b) less favorable of Heat, Mavericks picks) (#50-Keyontae Johnson); 2025 second round pick (from Grizzlies) (#50-Kobe Sanders)",Enes Kanter / Enes Freedom; rights to Desmond Bane,2,2,"3-team trade with Blazers, Grizzlies"
2020-11-29,Celtics,Hornets,2022 second round pick (protected top 55) (not exercised),Gordon Hayward; 2023 second round pick (#57-Trayce Jackson-Davis); 2024 second round pick (#58-Ariel Hukporti),1,3,trade with Hornets
2021-03-25,Celtics,Magic,Evan Fournier,"Jeff Teague; 2025 second round pick (less favorable of Celtics, Grizzlies picks) (#57-Max Shulga); 2027 second round pick (?-?)",1,3,trade with Magic
2021-03-25,Celtics,"Bulls, Wizards",Luke Kornet; Moritz Wagner / Moe Wagner,Daniel Theis; Javonte Green; cash,2,3,"3-team trade with Bulls, Wizards"
2021-06-18,Celtics,Thunder,"Al Horford; Moses Brown; 2023 second round pick (least favorable of (a) Thunder, (b) Wizards, (c) more favorable of Heat, Mavericks) (#41-Amari Bailey)","Kemba Walker; 2021 first round pick (#16-Alperen Sengun); 2025 second round pick (more favorable of Celtics, Grizzlies picks) (#50-Kobe Sanders)",3,3,trade with Thunder
2021-07-31,Celtics,Mavericks,Josh Richardson; traded player exception,Moses Brown; traded player exception,2,2,trade with Mavericks
2021-08-07,Celtics,"Hawks, Kings",Kris Dunn; Bruno Fernando; 2023 second round pick (from Hawks) (#35-Julian Phillips),Tristan Thompson,3,1,"3-team trade with Hawks, Kings"
2021-08-17,Celtics,Knicks,cash,"Evan Fournier; 2022 second round pick (protected top 55) (not exercised); 2023 second round pick (least favorable of (a) Thunder (b) Wizards (c) more favorable of Heat, Mavericks picks) (#41-Amari Bailey)",1,3,trade with Knicks
2021-09-15,Celtics,Grizzlies,"Juancho Hernangomez / Juan Hernangomez; Grizzlies option to swap 2026 second round picks (more favorable of Heat, Pacers pick) with Celtics (?-?)","Kris Dunn; Carsen Edwards; Grizzlies option to swap 2026 second round picks (more favorable of Heat, Pacers pick) with Celtics (?-?)",2,3,trade with Grizzlies
2022-01-19,Celtics,"Nuggets, Spurs",Bol Bol; P.J. Dozier,Juancho Hernangomez / Juan Hernangomez; $2.15M cash,2,2,"3-team trade with Nuggets, Spurs"
2022-02-10,Celtics,Magic,2023 second round pick (protected top 55) (not exercised),Bol Bol; P.J. Dozier; 2028 second round pick (protected top 45) (?-?); cash considerations,1,4,trade with Magic
2022-02-10,Celtics,Rockets,Daniel Theis,Dennis Schröder; Enes Freedom / Enes Kanter; Bruno Fernando,1,3,trade with Rockets
2022-02-10,Celtics,Spurs,Derrick White; Spurs option to swap 2028 first round picks with Celtics (protected top 1) (?-?),"Josh Richardson; Romeo Langford; draft pick (from Celtics) (first round pick protected top 4 in 2022-23, else 2023 second round pick) (2022 #25-Blake Wesley); Spurs option to swap 2028 first round picks with Celtics (protected top 1, else 2028 second round pick (protected #46-60)) (?-?)",2,4,trade with Spurs
2022-07-09,Celtics,Pacers,Malcolm Brogdon,"Aaron Nesmith; Daniel Theis; Malik Fitts; Juwan Morgan; Nik Stauskas; 2023 draft pick (first round pick protected top 12, else second round pick (more favorable of (a) Rockets pick (protected #31-32), (b) less favorable of Heat, Mavericks picks) (2023 #29-Julian Strawther)",1,6,trade with Pacers
2023-01-05,Celtics,Spurs,2024 second round pick (protected top 55) (not exercised),Noah Vonleh; cash considerations,1,2,trade with Spurs
2023-02-09,Celtics,Thunder,Mike Muscala,Justin Jackson (Aaron); 2023 second round pick (least favorable pick Celtics have) (#50-Keyontae Johnson); 2029 second round pick (?-?),1,3,trade with Thunder
2023-06-23,Celtics,"Grizzlies, Wizards","Kristaps Porzingis; rights to Marcus Sasser; 2024 first round pick (from Grizzlies) (Warriors pick protected top 4 in 2024, top 1 in 2025, unrotected in 2026) (2024 #14-Carlton Carrington / Bub Carrington)",Marcus Smart; Danilo Gallinari; Mike Muscala; rights to Julian Phillips,3,4,"3-team trade with Grizzlies, Wizards"
2023-06-28,Celtics,Pistons,"rights to James Nnaji; 2025 second round pick (most favorable of Pistons, Warriors, Wizards picks) (#32-Noah Penda); 2026 second round pick (most favorable of Blazers, Knicks, Pelicans, Timberwolves picks) (?-?)",rights to Marcus Sasser,3,1,trade with Pistons
2023-06-28,Celtics,Hornets,rights to Colby Jones; rights to Mouhamed Gueye (a),rights to James Nnaji,2,1,trade with Hornets
2023-06-28,Celtics,Hawks,2027 second round pick (?-?),rights to Mouhamed Gueye (a),1,1,trade with Hawks
2023-06-28,Celtics,Kings,rights to Jordan Walsh; 2024 second round pick (Mavericks pick) (#54-Anton Watson),rights to Colby Jones,2,1,trade with Kings
2023-07-12,Celtics,"Mavericks, Spurs","2024 second round pick (from Spurs) (more favorable of Bulls, Pelicans picks) (#41-Adem Bona); Celtics option to swap 2025 second round picks (most favorable of Pistons, Warriors, Wizards picks) with Mavericks (?-?); 2030 second round pick (from Mavericks) (?-?)","Grant Williams; Celtics option to swap 2025 second round picks (most favorable of Pistons, Warriors, Wizards picks) with Mavericks (?-?)",3,2,"3-team trade with Mavericks, Spurs"
2023-10-01,Celtics,Blazers,Jrue Holiday,"Robert Williams III; Malcolm Brogdon; 2024 first round pick (Warriors pick protected top 4 in 2024, top 1 in 2025, unrotected in 2026) (2024 #14-Carlton Carrington / Bub Carrington); 2029 first round pick (?-?)",1,4,trade with Blazers
2024-02-07,Celtics,Grizzlies,Xavier Tillman,Lamar Stevens; 2027 second round pick (?-?); 2030 second round pick (?-?),1,3,trade with Grizzlies
2024-02-08,Celtics,Blazers,"2027 second round pick (less favorable of Blazers protected top 55, Pelicans protected top 55) (?-?)",Dalano Banton; cash considerations,1,2,trade with Blazers
2024-02-08,Celtics,76ers,Jaden Springer,"2024 second round pick (more favorable of Bulls, Pelicans picks) (#41-Adem Bona)",1,1,trade with 76ers
2025-02-06,Celtics,Rockets,2031 second round pick (protected top 55) (?-?),"Jaden Springer; 2027 second round pick (least favorable of Blazers pick (protected top 55), Pelicans pick (protected top 55)) (?-?); 2030 second round pick (?-?)",1,3,trade with Rockets
2025-06-26,Celtics,Magic,"rights to Amari Williams; rights to Max Shulga; 2026 second round pick (most favorable of Bucks, Magic, Pistons picks) (?-?); 2027 second round pick (more favorable of Celtics, Magic picks) (?-?)",Noah Penda,4,1,trade with Magic
2025-07-07,Celtics,"Hawks, Nets",Georges Niang; 2031 second round pick (from Hawks) (Cavaliers pick) (?-?); cash considerations (from Nets),"Kristaps Porzingis; 2026 second round pick (less favorable of Celtics, Grizzlies picks) (?-?)",3,2,"3-team trade with Hawks, Nets"
2025-07-07,Celtics,Blazers,Anfernee Simons,Jrue Holiday,1,1,trade with Blazers
2025-08-06,Celtics,Jazz,Reggie Luis Jr. / R.J. Luis,"Georges Niang; 2027 second round pick (more favorable of Celtics, Magic picks) (?-?); 2031 second round pick (more favorable of (Cavaliers, Celtics picks) (?-?)",1,3,trade with Jazz
2026-02-05,Celtics,Nets,cash considerations,Josh Minott,1,1,trade with Nets
2026-02-05,Celtics,Hornets,2030 second round pick (protected top 55) (?-?),Xavier Tillman; $3.5M cash,1,2,trade with Hornets
2026-02-05,Celtics,Jazz,John Tonje,Chris Boucher; 2027 second round pick (Nuggets pick) (?-?); cash considerations,1,3,trade with Jazz
2026-02-05,Celtics,Bulls,Nikola Vucevic; 2027 second round pick (Nuggets pick) (?-?),"Anfernee Simons; 2026 second round pick (most favorable of Blazers, Knicks, Pelicans, Timberwolves picks) (?-?)",2,2,trade with Bulls
2026-07-06,Celtics,76ers,Paul George; 2028 first round pick (?-?)**; 2028 conditional second round pick (?-?)**; 2030 conditional second round pick (?-?)**; 2031 first round pick (?-?)**,Jaylen Brown,5,1,trade with 76ers
2014-01-21,Nets,Bulls,Marquis Teague,Tornike Shengelia,1,1,trade with Bulls
2014-01-21,Nets,Pelicans,rights to Edin Bavcic,Tyshawn Taylor; cash,1,2,trade with Pelicans
2014-02-19,Nets,Kings,Marcus Thornton (Terrell),Jason Terry; Reggie Evans,1,2,trade with Kings
2014-06-26,Nets,Timberwolves,rights to Markel Brown,cash,1,1,trade with Timberwolves
2014-06-26,Nets,Raptors,rights to Xavier Thames,cash,1,1,trade with Raptors
2014-06-26,Nets,76ers,rights to Cory Jefferson,cash,1,1,trade with 76ers
2014-07-10,Nets,"Cavaliers, Celtics",Jarrett Jack; Sergey Karasev,Marcus Thornton (Terrell); rights to Ilkan Karaman; rights to Edin Bavcic,2,3,"3-team trade with Cavaliers, Celtics"
2014-10-24,Nets,76ers,Casper Ware,"Marquis Teague; 2019 second round pick (more favorable of Bucks, Kings picks) (#42-Admiral Schofield)",1,2,trade with 76ers
2014-12-11,Nets,76ers,Brandon Davies; 76ers option to swap 2018 second round picks with Nets (#55-Arnoldas Kulboka),Andrei Kirilenko; Jorge Gutierrez; 76ers option to swap 2018 second round picks with Nets (#38-Khyri Thomas); 2020 second round pick (#47-Yam Madar); cash,2,5,trade with 76ers
2015-02-19,Nets,Timberwolves,Thaddeus Young,Kevin Garnett,1,1,trade with Timberwolves
2015-06-25,Nets,Hornets,rights to Juan Pablo Vaulet,"2018 second round pick (less favorable of Cavaliers, Nets) (#55-Arnoldas Kulboka); 2019 second round pick (#46-Talen Horton-Tucker); cash considerations",1,3,trade with Hornets
2015-06-25,Nets,Blazers,Steve Blake; rights to Rondae Hollis-Jefferson,Mason Plumlee; rights to Pat Connaughton,2,2,trade with Blazers
2015-07-13,Nets,Pistons,Quincy Miller,Steve Blake,1,1,trade with Pistons
2016-06-23,Nets,Jazz,rights to Isaiah Whitehead,rights to Marcus Paige; $3M cash,1,2,trade with Jazz
2016-07-07,Nets,Pacers,"rights to Caris LeVert; second round pick (protected #45-60 in 2017-22, unprotected in 2023) (2021 #44-Kessler Edwards)",Thaddeus Young,2,1,trade with Pacers
2017-02-22,Nets,Wizards,"Andrew Nicholson; Marcus Thornton (Terrell); first round pick (protected top 14 in 2017-21, top 10 in 2022, else 2022 second round pick, 2023 second round pick) (2017 #22-Jarrett Allen)",Bojan Bogdanovic; Chris McCullough,3,2,trade with Wizards
2017-02-23,Nets,Rockets,K.J. McDaniels,cash considerations,1,1,trade with Rockets
2017-06-22,Nets,Lakers,D'Angelo Russell; Timofey Mozgov,Brook Lopez; rights to Kyle Kuzma,2,2,trade with Lakers
2017-07-13,Nets,Raptors,"DeMarre Carroll; draft pick(s) (first round pick protected top 14 in 2018-23, else 2023 second round pick and 2024 second round pick) (2018 #29-Dzanan Musa); 2018 second round pick (less favorable of Lakers, Magic picks) (#40-Rodions Kurucs)",Justin Hamilton (Anthony),3,1,trade with Raptors
2017-07-25,Nets,Blazers,Allen Crabbe,Andrew Nicholson,1,1,trade with Blazers
2017-12-07,Nets,76ers,Jahlil Okafor; Nik Stauskas; 2019 second round pick (#31-Nicolas Claxton / Nic Claxton),Trevor Booker,3,1,trade with 76ers
2018-02-05,Nets,Bucks,"Rashad Vaughn; second round pick (protected #48-60 in 2018, else unprotected in 2020) (2018 #45-Hamidou Diallo)",Tyler Zeller,2,1,trade with Bucks
2018-02-08,Nets,Pelicans,Dante Cunningham,Rashad Vaughn,1,1,trade with Pelicans
2018-07-06,Nets,Hornets,Dwight Howard,Timofey Mozgov; rights to Hamidou Diallo; 2021 second round pick (#57-Balsa Koprivica); cash,1,4,trade with Hornets
2018-07-13,Nets,Nuggets,"Darrell Arthur; Kenneth Faried; draft pick(s) (first round pick protected top 12 in 2019-24, else 2024 second round pick, 2025 second round pick) (2019 #27-Mfiondu Kabengele); 2020 second round pick (#55-Jay Scrubb)",Isaiah Whitehead,4,1,trade with Nuggets
2018-07-13,Nets,Hawks,"rights to Isaia Cordinier; 2020 second round pick (protected top 55) (not exercised); Hawks option to swap 2023 second round picks (less favorable of Hawks, Hornets picks) with Nets (not exercised)","Jeremy Lin; Hawks option to swap 2023 second round picks (less favorable of Hawks, Hornets picks) with Nets (not exercised); 2025 second round pick (#36-Adou Thiero)",3,3,trade with Hawks
2018-07-20,Nets,Suns,Jared Dudley; 2021 second round pick (protected #31-35) (#59-RaiQuan Gray),Darrell Arthur,2,1,trade with Suns
2019-02-07,Nets,Raptors,Greg Monroe; 2021 second round pick (#37-J.T. Thor),cash considerations,2,1,trade with Raptors
2019-06-20,Nets,Clippers,"rights to Jaylen Hands; draft pick(s) (first round pick protected top 14 in 2020-22, else 2023 second round pick, 2024 second round pick) (2020 #19-Saddiq Bey)",rights to Mfiondu Kabengele,2,1,trade with Clippers
2019-07-06,Nets,"Spurs, Wizards",rights to Aaron White; rights to Nemanja Dangubic,DeMarre Carroll,2,1,"3-team trade with Spurs, Wizards"
2019-07-06,Nets,Hawks,Taurean Prince; 2021 second round pick (#49-Marcus Zegarowski),"Allen Crabbe; rights to Nickeil Alexander-Walker; draft pick(s) (first round pick protected top 14 in 2020-22, else 2022 second round pick, 2024 second round pick) (2020 #17-Aleksej Pokusevski)",2,3,trade with Hawks
2019-07-07,Nets,Warriors,"Kevin Durant; draft pick (first round pick protected top 20 in 2020, else 2025 second round pick) (2025 #48-Javon Small)",D'Angelo Russell; Shabazz Napier; Treveon Graham; traded player exception,2,4,trade with Warriors
2020-11-19,Nets,"Clippers, Pistons",Landry Shamet; Bruce Brown; rights to Reggie Perry,Dzanan Musa; rights to Saddiq Bey; rights to Jaylen Hands; rights to Jay Scrubb; 2021 second round pick (#37-J.T. Thor),3,5,"3-team trade with Clippers, Pistons"
2021-01-16,Nets,"Cavaliers, Pacers, Rockets","James Harden; Rockets option to swap 2021 first round picks (Blazers, Heat, Pistons, Rockets, Thunder) with Nets (not exercised); Rockets option to swap 2023 first round picks with Nets (not exercised); Rockets option to swap 2025 first round picks (Rockets, Thunder) with Nets (relinquished in subsequent trade); Rockets option to swap 2027 first round picks with Nets (?-?)","Jarrett Allen; Rodions Kurucs; Caris LeVert; Taurean Prince; rights to Aleksandar Vezenkov / Sasha Vezenkov; Rockets option to swap 2021 first round picks (Blazers, Heat, Pistons, Rockets, Thunder) with Nets (not exercised); 2022 first round pick (#17-Tari Eason); Rockets option to swap 2023 first round picks with Nets (not exercised); 2024 first round pick (#3-Reed Sheppard); Rockets option to swap 2025 first round picks (Rockets, Thunder) with Nets (relinquished in subsequent trade); 2026 first round pick (#6-Mikel Brown Jr.); Rockets option to swap 2027 first round picks with Nets (?-?); cash",5,13,"4-team trade with Cavaliers, Pacers, Rockets"
2021-08-06,Nets,Suns,Jevon Carter; rights to Day'Ron Sharpe,Landry Shamet,2,1,trade with Suns
2021-08-06,Nets,"Lakers, Pacers, Spurs, Wizards","rights to Nikola Milutinov; 2024 second round pick (from Wizards) (more favorable of Grizzlies, Wizards picks) (#32-Kyle Filipowski); Nets option to swap 2025 second round picks (Warriors pick) with Wizards (from Wizards) (#32-Noah Penda)",Spencer Dinwiddie; Nets option to swap 2025 second round picks (Warriors pick) with Wizards (#48-Javon Small),3,2,"5-team trade with Lakers, Pacers, Spurs, Wizards"
2021-09-04,Nets,Pistons,Jahlil Okafor; Sekou Doumbouya,"DeAndre Jordan; 2022 second round pick (#46-Ismael Kamagate); 2024 second round pick (more favorable of Grizzlies, Wizards picks) (#32-Kyle Filipowski); 2025 second round pick (more favorable of Warriors, Wizards picks) (#32-Noah Penda); 2027 second round pick (?-?); cash",2,6,trade with Pistons
2021-10-06,Nets,Rockets,$110K cash,Sekou Doumbouya; 2024 second round pick (#39-Jaylen Wells),1,2,trade with Rockets
2021-10-06,Nets,Pacers,Edmond Sumner; 2025 second round pick (Heat pick) (#41-Koby Brea),rights to Juan Pablo Vaulet,2,1,trade with Pacers
2022-02-10,Nets,76ers,"Ben Simmons; Seth Curry; Andre Drummond; 2022 or 2023 first round pick (Nets option) (2023 #28-Brice Sensabaugh); first round pick (at least 2 years after 76ers send first round pick owed to Thunder; protected top 8 in 2027-28, else 2028 second round pick, cash) (?-?)",James Harden; Paul Millsap,5,2,trade with 76ers
2022-06-30,Nets,Jazz,Royce O'Neale,"2023 first round pick (least favorable of 76ers, Nets, Rockets picks) (#28-Brice Sensabaugh)",1,1,trade with Jazz
2023-02-06,Nets,Mavericks,Spencer Dinwiddie; Dorian Finney-Smith; 2027 second round pick (?-?); 2029 first round pick (?-?); 2029 second round pick (?-?),Kyrie Irving; Markieff Morris,5,2,trade with Mavericks
2023-02-07,Nets,Kings,David Michineau,Kessler Edwards; cash,1,2,trade with Kings
2023-02-09,Nets,"Bucks, Pacers, Suns",Mikal Bridges; Cameron Johnson; rights to Juan Pablo Vaulet; 2023 first round pick (from Suns) (#21-Noah Clowney); 2025 first round pick (from Suns) (#10-Khaman Maluach); 2027 first round pick (from Suns) (?-?); Nets option to swap 2028 first round picks (76ers or Nets) with Suns (?-?); 2028 second round pick (from Bucks) (?-?); 2029 first round pick (from Suns) (?-?); 2029 second round pick (from Bucks) (?-?),Kevin Durant; T.J. Warren; Nets option to swap 2028 first round picks (76ers or Nets) with Suns (?-?); cash,10,4,"4-team trade with Bucks, Pacers, Suns"
2023-07-06,Nets,Pistons,reported $110K cash,Joe Harris; 2027 second round pick (Mavericks pick) (?-?); 2029 second round pick (Bucks pick) (?-?),1,3,trade with Pistons
2023-07-06,Nets,Rockets,future draft considerations (?),Patrick Mills / Patty Mills; 2028 second round pick (?-?),1,2,trade with Rockets
2024-02-08,Nets,Raptors,Dennis Schröder; Thaddeus Young,Spencer Dinwiddie,2,1,trade with Raptors
2024-02-08,Nets,"Grizzlies, Suns","Keita Bates-Diop; Jordan Goodwin; rights to Vanja Marinkovic; 2026 second round pick (from Suns) (least favorable of Bucks, Magic, Pistons picks) (?-?); 2028 second round pick (from Suns) (?-?); 2029 second round pick (from Suns) (?-?)",Royce O'Neale,6,1,"3-team trade with Grizzlies, Suns"
2024-06-26,Nets,Rockets,"Rockets option to swap 2025 first round picks (Rockets or Thunder pick) with Nets (Suns pick) (?-?); Rockets relinquished right to swap 2025 first round picks (Rockets, Thunder picks) picks with Nets; 2026 first round pick (Nets pick) (#6-Mikel Brown Jr.)","Rockets option to swap 2025 first round picks (Rockets or Thunder pick) with Nets (Suns pick) (?-?); Rockets relinquished right to swap 2025 first round picks (Rockets, Thunder picks) picks with Nets; 2027 first round pick (Suns pick) (?-?); 2029 first round pick (most favorable of Mavericks, Rockets, Suns picks) (?-?); 2029 first round pick (second most favorable of Mavericks, Rockets, Suns picks) (?-?)",3,5,trade with Rockets
2024-07-06,Nets,Knicks,Bojan Bogdanovic; Mamadi Diakite; Shake Milton; 2025 first round pick (Bucks pick; protected top 4) (#19-Nolan Traoré); 2025 first round pick (#26-Ben Saraf); 2025 second round pick (Nets pick) (#36-Adou Thiero); 2027 first round pick (?-?); Nets option to swap 2028 first round picks with Knicks (?-?); 2029 first round pick (?-?); 2031 first round pick (?-?),"Mikal Bridges; Keita Bates-Diop; rights to Juan Pablo Vaulet; 2026 second round pick (least favorable of Bucks, Magic, Pistons picks) (?-?); Nets option to swap 2028 first round picks with Knicks (?-?)",10,5,trade with Knicks
2024-07-19,Nets,Grizzlies,Ziaire Williams; 2030 second round pick (Mavericks pick) (?-?),Mamadi Diakite; rights to Nemanja Dangubic,2,2,trade with Grizzlies
2024-12-15,Nets,Warriors,De'Anthony Melton; Reece Beekman; 2026 second round pick (Hawks pick) (?-?); 2028 second round pick (Hawks pick) (?-?); 2029 second round pick (?-?),Dennis Schröder; 2025 second round pick (Heat pick; protected top 37) (#41-Koby Brea),5,2,trade with Warriors
2024-12-29,Nets,Lakers,D'Angelo Russell; Maxwell Lewis; 2027 conditional second round pick (if Lakers 2027 first round pick is not in top 4) (?-?); 2030 second round pick (?-?); 2031 second round pick (?-?),Dorian Finney-Smith; Shake Milton,5,2,trade with Lakers
2025-07-06,Nets,"Hawks, Lakers, Rockets, Suns, Timberwolves, Warriors","2026 second round pick (from Rockets) (least favorable of (a) Clippers pick (b) most favorable of Celtics, Heat, Pacers picks) (?-?); 2030 second round pick (from Rockets) (Celtics pick) (?-?)",rights to Adou Thiero,2,1,"7-team trade with Hawks, Lakers, Rockets, Suns, Timberwolves, Warriors"
2025-07-07,Nets,"Celtics, Hawks",Terance Mann; rights to Drake Powell,cash considerations,2,1,"3-team trade with Celtics, Hawks"
2025-07-08,Nets,Nuggets,Michael Porter Jr.; 2032 first round pick (?-?),Cameron Johnson,2,1,trade with Nuggets
2025-08-15,Nets,Heat,Haywood Highsmith; 2032 second round pick (?-?),2026 second round pick (protected top 55) (?-?),2,1,trade with Heat
2025-09-16,Nets,Hawks,Kobe Bufkin,cash considerations,1,1,trade with Hawks
2026-02-05,Nets,Nuggets,Hunter Tyson; 2032 second round pick (?-?),"2026 second round pick (least favorable of Clippers, Hawks picks) (?-?)",2,1,trade with Nuggets
2026-02-05,Nets,Celtics,Josh Minott,cash considerations,1,1,trade with Celtics
2026-02-05,Nets,"Clippers, Raptors",Ochai Agbaji; 2032 second round pick (from Raptors) (?-?); $3.5M cash considerations (from Clippers),rights to Vanja Marinkovic,3,1,"3-team trade with Clippers, Raptors"
2026-07-10,Nets,"Bulls, Hornets, Timberwolves",Julius Randle; rights to Joshua Jefferson,Nicolas Claxton / Nic Claxton; rights to Isaiah Evans,2,2,"4-team trade with Bulls, Hornets, Timberwolves"
2014-06-26,Hornets,Heat,rights to P.J. Hairston; rights to Semaj Christon; 2019 second round pick (#43-Jaylen Nowell); cash,rights to Shabazz Napier,4,1,trade with Heat
2014-06-26,Hornets,Thunder,cash,rights to Semaj Christon,1,1,trade with Thunder
2014-07-12,Hornets,Cavaliers,Scotty Hopson; cash,Brendan Haywood; rights to Dwight Powell,2,2,trade with Cavaliers
2014-07-13,Hornets,Pelicans,cash,Scotty Hopson,1,1,trade with Pelicans
2015-02-10,Hornets,Timberwolves,Maurice Williams / Mo Williams; Troy Daniels; cash,Gary Neal; 2019 second round pick (#43-Jaylen Nowell),3,2,trade with Timberwolves
2015-06-15,Hornets,Clippers,Spencer Hawes; Matt Barnes,Lance Stephenson,2,1,trade with Clippers
2015-06-24,Hornets,Blazers,Nicolas Batum,Gerald Henderson Jr.; Noah Vonleh,1,2,trade with Blazers
2015-06-25,Hornets,Grizzlies,Luke Ridnour,Matt Barnes,1,1,trade with Grizzlies
2015-06-25,Hornets,Thunder,Jeremy Lamb,"Luke Ridnour; second round pick (protected #56-60 in 2016, unprotected in 2017) (2016 #53-Petr Cornelie)",1,2,trade with Thunder
2015-06-25,Hornets,Nets,"2018 second round pick (less favorable of Cavaliers, Nets) (#55-Arnoldas Kulboka); 2019 second round pick (#46-Talen Horton-Tucker); cash considerations",rights to Juan Pablo Vaulet,3,1,trade with Nets
2016-02-16,Hornets,"Grizzlies, Heat",Courtney Lee; cash,Brian Roberts; P.J. Hairston; 2018 second round pick (#41-Jarred Vanderbilt); 2019 second round pick (#46-Talen Horton-Tucker),2,4,"3-team trade with Grizzlies, Heat"
2016-07-07,Hornets,Kings,Marco Belinelli,rights to Malachi Richardson,1,1,trade with Kings
2016-07-12,Hornets,Grizzlies,cash; traded player exception,Troy Daniels,2,1,trade with Grizzlies
2017-02-02,Hornets,Bucks,Miles Plumlee; cash considerations,Roy Hibbert; Spencer Hawes,2,2,trade with Bucks
2017-02-13,Hornets,Cavaliers,Chris Andersen; cash,2017 second round pick (protected top 55) (not exercised),2,1,trade with Cavaliers
2017-06-20,Hornets,Hawks,Dwight Howard; 2017 second round pick (#31-Frank Jackson),Marco Belinelli; Miles Plumlee; 2017 second round pick (#41-Tyler Dorsey),2,3,trade with Hawks
2017-06-22,Hornets,Pelicans,rights to Dwayne Bacon; $1.8M cash,rights to Frank Jackson,2,1,trade with Pelicans
2018-02-07,Hornets,Knicks,Guillermo Hernangomez / Willy Hernangomez,Johnny O'Bryant III; 2020 second round pick (#38-Saben Lee); 2021 second round pick (#42-Isaiah Livers),1,3,trade with Knicks
2018-06-21,Hornets,Hawks,rights to Devonte' Graham,2019 second round pick (#44-Bol Bol); 2023 second round pick (#34-Colby Jones),1,2,trade with Hawks
2018-06-21,Hornets,Clippers,rights to Miles Bridges; 2020 second round pick (#32-Vernon Carey Jr.); 2021 second round pick (#56-Scottie Lewis),rights to Shai Gilgeous-Alexander,3,1,trade with Clippers
2018-07-06,Hornets,Thunder,2019 second round pick (#52-Jalen McDaniels); cash,rights to Hamidou Diallo,2,1,trade with Thunder
2018-07-06,Hornets,Nets,Timofey Mozgov; rights to Hamidou Diallo; 2021 second round pick (#57-Balsa Koprivica); cash,Dwight Howard,4,1,trade with Nets
2018-07-07,Hornets,"Bulls, Magic","Bismack Biyombo; 2019 second round pick (from Magic) (less favorable of Nuggets (protected #56-60), Wizards picks; if Nuggets pick is less favorable but falls within protected range, then Wizards pick) (#36-Cody Martin); 2020 second round pick (from Magic) (less favorable of Knicks, Nets picks) (#47-Yam Madar)",Timofey Mozgov; Julyan Stone,3,2,"3-team trade with Bulls, Magic"
2019-07-06,Hornets,Celtics,Terry Rozier; 2020 second round pick (protected top 53) (#56-Grant Riller),"Kemba Walker; 2020 second round pick (less favorable of Knicks, Nets picks) (#47-Yam Madar)",2,2,trade with Celtics
2020-11-18,Hornets,Pelicans,rights to Nick Richards,2024 second round pick (#34-Tyler Kolek),1,1,trade with Pelicans
2020-11-29,Hornets,Celtics,Gordon Hayward; 2023 second round pick (#57-Trayce Jackson-Davis); 2024 second round pick (#58-Ariel Hukporti),2022 second round pick (protected top 55) (not exercised),3,1,trade with Celtics
2021-03-25,Hornets,Warriors,Brad Wanamaker; 2022 second round pick (protected top 54) (not exercised); cash considerations,2025 second round pick (protected top 55) (not exercised),3,1,trade with Warriors
2021-07-30,Hornets,Knicks,rights to Kai Jones,"draft pick(s) (first round pick protected top 18 in 2022, top 16 in 2023, top 14 in 2024-25, else 2026 second round pick, 2027 second round pick) (?-?)",1,1,trade with Knicks
2021-08-06,Hornets,Pistons,Mason Plumlee; rights to J.T. Thor,rights to Balsa Koprivica,2,1,trade with Pistons
2021-08-07,Hornets,"Grizzlies, Pelicans","Wesley Iwundu / Wes Iwundu; rights to Tyler Harvey; draft pick(s) (from Pelicans) (2022 first round pick (protected top 14), else 2022 second round pick, 2024 second round pick) (2022 #15-Mark Williams); cash (from Pelicans)",Devonte' Graham,4,1,"3-team trade with Grizzlies, Pelicans"
2022-02-10,Hornets,Wizards,Montrezl Harrell,"Vernon Carey Jr.; Ishmael Smith / Ish Smith; second round pick (protected top 45 in 2023, else Celtics 2024 second round pick) (2023 #57-Trayce Jackson-Davis)",1,3,trade with Wizards
2022-06-23,Hornets,Timberwolves,rights to Bryce McGowens,rights to Josh Minott; 2023 second round pick (#53-Jaylen Clark),1,2,trade with Timberwolves
2022-06-23,Hornets,Knicks,"draft pick(s) (Nuggets first round pick protected top 14 in 2023-25, else 2025 second round pick) (2023 #27-Nick Smith Jr.); 2023 second round pick (Jazz pick) (#39-Mouhamed Gueye (a)); 2023 second round pick (least favorable of (a) Thunder (b) Wizards (c) more favorable of Heat, Mavericks picks) (#41-Amari Bailey); 2023 second round pick (#53-Jaylen Clark); 2024 second round pick (#53-Cam Spencer)",rights to Jalen Duren,5,1,trade with Knicks
2023-02-09,Hornets,Clippers,Reggie Jackson (Shon); 2028 second round pick (?-?); $1M cash,Mason Plumlee,3,1,trade with Clippers
2023-02-09,Hornets,"76ers, Blazers, Knicks","Sviatoslav Mykhailiuk / Svi Mykhailiuk; 2023 second round pick (from 76ers) (most favorable of Hawks, Hornets, Nets picks) (#34-Colby Jones); 2027 second round pick (from Blazers; more favorable of Blazers, Pelicans picks) (?-?)",Jalen McDaniels; 2024 second round pick (#53-Cam Spencer),3,2,"4-team trade with 76ers, Blazers, Knicks"
2023-06-28,Hornets,Celtics,rights to James Nnaji,rights to Colby Jones; rights to Mouhamed Gueye (a),1,2,trade with Celtics
2024-01-23,Hornets,Heat,"Kyle Lowry; first round pick (lottery protected in 2027, unprotected in 2028) (?-?)",Terry Rozier,2,1,trade with Heat
2024-02-08,Hornets,Mavericks,"Grant Williams; Seth Curry; draft pick (2027 first round protected top 2, else 2028 second round pick) (?-?)","P.J. Washington; 2024 second round pick (#58-Ariel Hukporti); 2028 second round pick (less favorable of Clippers, Hornets picks) (?-?)",3,3,trade with Mavericks
2024-02-08,Hornets,Thunder,Vasilije Micic / Vasa Micic; Tre Mann; Davis Bertans; 2024 second round pick (Rockets pick) (#42-K.J. Simpson); 2025 second round pick (76ers pick) (#35-Johni Broome); cash considerations,Gordon Hayward,6,1,trade with Thunder
2024-07-06,Hornets,Spurs,Devonte' Graham; 2025 second round pick (Pelicans pick) (#34-Ryan Kalkbrenner),cash considerations,2,1,trade with Spurs
2024-07-06,Hornets,"76ers, Mavericks, Nuggets, Timberwolves, Warriors",Josh Green; Reggie Jackson (Shon); 2029 second round pick (from Nuggets) (?-?); 2030 second round pick (from Nuggets) (?-?),"2025 second round pick (more favorable of 76ers, Nuggets picks) (#35-Johni Broome); 2025 second round pick (less favorable of 76ers, Nuggets picks) (#52-Alex Toohey); cash",4,3,"6-team trade with 76ers, Mavericks, Nuggets, Timberwolves, Warriors"
2024-10-02,Hornets,"Knicks, Timberwolves","Charles Brown Jr. / Charlie Brown Jr.; DaQuan Jeffries; Duane Washington Jr.; 2025 second round pick (from Timberwolves) (less favorable of 76ers, Nuggets picks) (#52-Alex Toohey); 2026 second round pick (from Knicks) (Warriors pick) (?-?); 2031 second round pick (from Knicks) (?-?); cash considerations",rights to James Nnaji,7,1,"3-team trade with Knicks, Timberwolves"
2025-01-15,Hornets,Suns,Josh Okogie; 2026 second round pick (Nuggets pick) (?-?); 2031 second round pick (Nuggets pick) (?-?); 2031 second round pick (?-?),"Nick Richards; 2025 second round pick (least favorable of 76ers, Nuggets picks) (#52-Alex Toohey)",4,2,trade with Suns
2025-02-03,Hornets,Thunder,2029 second round pick (Suns pick?) (?-?),2030 second round pick (Nuggets pick?) (?-?),1,1,trade with Thunder
2025-02-06,Hornets,Suns,"Jusuf Nurkic; 2026 first round pick (least favorable of Grizzlies, Magic, Suns, Wizards picks) (?-?)","Cody Martin; Vasilije Micic / Vasa Micic; 2026 second round pick (least favorable of Nuggets, Warriors picks) (?-?)",2,3,trade with Suns
2025-06-29,Hornets,Jazz,"Collin Sexton; 2030 second round pick (most favorable of Clippers, Jazz picks) (?-?)",Jusuf Nurkic,2,1,trade with Jazz
2025-06-30,Hornets,Suns,"Vasilije Micic / Vasa Micic; rights to Liam McNeeley; 2029 first round pick (least favorable of Cavaliers, Jazz, Timberwolves picks) (?-?)",Mark Williams,3,1,trade with Suns
2025-07-06,Hornets,Bucks,Pat Connaughton; 2031 second round pick (?-?); 2032 second round pick (?-?),Vasilije Micic / Vasa Micic,3,1,trade with Bucks
2026-02-04,Hornets,Thunder,"Ousmane Dieng; 2029 second round pick (most favorable of Hawks, Heat picks) (?-?)",Mason Plumlee,2,1,trade with Thunder
2026-02-04,Hornets,Bulls,Coby White; Mike Conley Jr.,"Collin Sexton; Ousmane Dieng; 2029 second round pick (less favorable of Hornets, Nuggets picks) (?-?); 2031 second round pick (?-?); 2031 second round pick (Knicks pick) (?-?)",2,5,trade with Bulls
2026-02-04,Hornets,Magic,"Tyus Jones; 2027 second round pick (less favorable of Celtics, Magic picks) (?-?); 2028 second round pick (?-?)",cash considerations,3,1,trade with Magic
2026-02-05,Hornets,"Mavericks, Wizards",Malaki Branham,Tyus Jones,1,1,"3-team trade with Mavericks, Wizards"
2026-02-05,Hornets,Celtics,Xavier Tillman; $3.5M cash,2030 second round pick (protected top 55) (?-?),2,1,trade with Celtics
2026-02-06,Hornets,Bulls involving Coby White due to White having an injury at the time of the trade,"2029 second round pick (less favorable of Hornets, Nuggets picks) (?-?)",,1,0,ammendment of earlier trade with Bulls involving Coby White due to White having an injury at the time of the trade
2026-03-09,Hornets,,,"2026 second round pick (more favorable of Nuggets, Warriors picks) (?-?)",0,1,sent to Heat to resolve a dispute over Terry Rozier being under NBA and federal investigations over alleged gambling conspiracy during the teams' trade in 2024
2026-07-06,Hornets,Rockets,Dorian Finney-Smith; 2027 second round pick (Grizzlies pick) (?-?)**; 2028 second round pick (?-?)**; 2033 second round pick (?-?)**,cash considerations,4,1,trade with Rockets
2026-07-10,Hornets,"Bulls, Nets, Timberwolves",Naz Reid; Mouhamadou Gueye; rights to Matteo Spagnolo; Hornets right to swap 2028 first round picks with Timberwolves (?-?)**; Hornets right to swap 2029 first round picks with Timberwolves (protected #6-30) (?-?)**; 2029 second round pick (from Timberwolves) (?-?)**; Hornets right to swap 2030 first round picks with ?; 2032 second round pick (from Timberwolves (?-?)**; 2033 first round pick (from Timberwolves) (?-?)**; 2033 second round pick (from Timberwolves) (?-?)**,LaMelo Ball; Josh Green; Hornets right to swap 2028 first round picks with Timberwolves (?-?)**; Hornets right to swap 2029 first round picks with Timberwolves (protected #6-30) (?-?)**,10,4,"4-team trade with Bulls, Nets, Timberwolves"
2026-07-13,Hornets,Suns,Grayson Allen; Royce O'Neale; 2033 first round pick (?-?),"Miles Bridges; 2027 second round pick (less favorable of Celtics, Magic picks) (?-?); 2029 first round pick (least favorable of Cavaliers, Hornets, Jazz, Timberwolves (protected top 5) picks) (?-?)",3,3,trade with Suns
2014-01-06,Bulls,Cavaliers,"Andrew Bynum; first round pick (protected top 14 in 2012, top 13 in 2013, top 12 in 2014, top 10 in 2015-17, else 2017 second round pick (protected #56-60)) (2017 #38-Jordan Bell); Bulls conditional option to swap 2015 first round picks with Cavaliers (if Cavaliers pick is not a lottery pick) (not exercised); 2015 second round pick (#53-Sir'Dominic Pointer / Dom Pointer); 2016 second round pick (#48-Paul Zipser)",Luol Deng; Bulls conditional option to swap 2015 first round picks with Cavaliers (if Cavaliers pick is not a lottery pick) (not exercised),5,2,trade with Cavaliers
2014-01-21,Bulls,Nets,Tornike Shengelia,Marquis Teague,1,1,trade with Nets
2014-06-26,Bulls,Nuggets,Anthony Randolph; rights to Doug McDermott,"rights to Jusuf Nurkic; rights to Gary Harris; 2015 second round pick (less favorable of Blazers, Bulls picks) (#53-Sir'Dominic Pointer / Dom Pointer)",2,3,trade with Nuggets
2014-07-14,Bulls,Mavericks,rights to Tadija Dragicevic,Greg Smith (b. 1991-01-08),1,1,trade with Mavericks
2014-07-14,Bulls,Magic,rights to Milovan Rakovic,"Anthony Randolph; 2015 second round pick (more favorable of Bulls, Nuggets picks) (#51-Tyler Harvey); 2016 second round pick (more favorable of Blazers, Bulls picks) (#47-Jake Layman); cash",1,4,trade with Magic
2016-02-18,Bulls,"Jazz, Hawks",Justin Holiday; 2018 second round pick (from Jazz) (#47-Sviatoslav Mykhailiuk / Svi Mykhailiuk),Kirk Hinrich,2,1,"3-team trade with Jazz, Hawks"
2016-06-17,Bulls,Pistons,Spencer Dinwiddie,Cameron Bairstow,1,1,trade with Pistons
2016-06-22,Bulls,Knicks,Robin Lopez; Jerian Grant; Jose Calderon,Derrick Rose; Justin Holiday; 2017 second round pick (#44-Damyean Dotson),3,3,trade with Knicks
2016-07-07,Bulls,Lakers,rights to Ater Majok,Jose Calderon; 2018 second round pick (#47-Sviatoslav Mykhailiuk / Svi Mykhailiuk); 2019 second round pick (#34-Bruno Fernando),1,3,trade with Lakers
2016-07-07,Bulls,Cavaliers,rights to Albert Miralles,Mike Dunleavy Jr.; rights to Vladimir Veremeenko,1,2,trade with Cavaliers
2016-10-17,Bulls,Bucks,Michael Carter-Williams,Tony Snell,1,1,trade with Bucks
2017-02-23,Bulls,Thunder,Cameron Payne; Joffrey Lauvergne; Anthony Morrow,Taj Gibson; Doug McDermott; 2018 second round pick (#36-Mitchell Robinson),3,3,trade with Thunder
2017-06-22,Bulls,Warriors,$3.5M cash,rights to Jordan Bell,1,1,trade with Warriors
2017-06-22,Bulls,Timberwolves,Zach LaVine; Kris Dunn; rights to Lauri Markkanen,Jimmy Butler; rights to Justin Patton,3,2,trade with Timberwolves
2017-09-01,Bulls,Pelicans,Quincy Pondexter; 2018 second round pick (#51-Tony Carr (Gregory)); cash,rights to Ater Majok,3,1,trade with Pelicans
2018-02-01,Bulls,Pelicans,"Omer Asik; Tony Allen; Jameer Nelson (Sr.); first round pick (protected top 5 in 2018, top 8 in 2019, top 10 in 2020, top 9 in 2021, top 6 in 2022, else 2022 second round pick, 2023 second round pick) (2018 #22-Chandler Hutchison); Bulls option to swap 2021 second round picks with Pelicans (#38-Ayo Dosunmu)",Nikola Mirotic; 2018 second round pick (#51-Tony Carr (Gregory)); Bulls option to swap 2021 second round picks with Pelicans (#40-Jared Butler),5,3,trade with Pelicans
2018-02-08,Bulls,Blazers,Noah Vonleh; cash,rights to Milovan Rakovic,2,1,trade with Blazers
2018-02-08,Bulls,Pistons,Willie Reed; Bulls option to swap 2022 second round picks with Pistons (#33-Christian Koloko),Jameer Nelson (Sr.); Bulls option to swap 2022 second round picks with Pistons (#49-Isaiah Mobley),2,2,trade with Pistons
2018-07-07,Bulls,"Hornets, Magic",Julyan Stone,Jerian Grant,1,1,"3-team trade with Hornets, Magic"
2019-01-03,Bulls,Grizzlies,MarShon Brooks; Wayne Selden Jr.; 2019 second round pick (#38-Daniel Gafford); 2020 second round pick (#44-Marko Simonovic),Justin Holiday,4,1,trade with Grizzlies
2019-01-07,Bulls,Rockets,Michael Carter-Williams; cash,2020 second round pick (protected top 55) (not exercised),2,1,trade with Rockets
2019-01-22,Bulls,Rockets,Carmelo Anthony; rights to Jon Diebler; $1.56M cash,rights to Tadija Dragicevic,3,1,trade with Rockets
2019-02-01,Bulls,Thunder,Timothe Luwawu-Cabarrot; $2.6M cash,2020 second round pick (protected top 55) (not exercised),2,1,trade with Thunder
2019-02-06,Bulls,Wizards,Otto Porter Jr.,"Jabari Parker; Bobby Portis; 2023 second round pick (originally protected top 36, protection removed as part of subsequent trade) (#42-Tristan Vukcevic)",1,3,trade with Wizards
2019-07-07,Bulls,Wizards,"Tomas Satoransky; Wizards option to swap Lakers 2022 second round pick with Bulls (more favorable of Bulls, Pistons picks) (#38-Kennedy Chandler)","2020 second round pick (more favorable of Bulls pick (protected #56-60), Grizzlies pick (protected #56-60); if one of the picks is protected, Wizards receive the other team's pick) (#37-Vit Krejci); Wizards option to swap Lakers 2022 second round picks with Bulls (#33-Christian Koloko); Bulls removed protection on 2023 second round pick owed to Wizards from previous trade",2,3,trade with Wizards
2021-03-25,Bulls,Magic,Nikola Vucevic; Al-Farouq Aminu,"Wendell Carter Jr.; Otto Porter Jr.; 2021 first round pick (protected top 4 in 2021) (#8-Franz Wagner); draft pick(s) (first round pick protected top 4 in 2023, top 3 in 2024, else 2026 second round pick, 2027 second round pick) (2023 #11-Jett Howard)",2,4,trade with Magic
2021-03-25,Bulls,"Celtics, Wizards",Daniel Theis; Javonte Green; Troy Brown Jr.; cash (from Celtics); cash (from Wizards),Daniel Gafford; Chandler Hutchison; Luke Kornet,5,3,"3-team trade with Celtics, Wizards"
2021-08-07,Bulls,Rockets,traded player exception; cash,Daniel Theis,2,1,trade with Rockets
2021-08-08,Bulls,Pelicans,Lonzo Ball,Garrett Temple; Tomas Satoransky; 2024 second round pick (#41-Adem Bona); cash,1,4,trade with Pelicans
2021-08-11,Bulls,Spurs,DeMar DeRozan,"Thaddeus Young; Al-Farouq Aminu; 2022 second round pick (#38-Kennedy Chandler); draft pick (first round pick 2 years after Bulls send first round pick to Magic from earlier trade; protected top 10 in first year, top 8 in second and third year, else 2028 second round pick) (2025 #12-Noa Essengue); 2025 second round pick (#42-Maxime Raynaud)",1,5,trade with Spurs
2021-08-28,Bulls,"Blazers, Cavaliers","Derrick Jones Jr.; 2023 second round pick (from Cavaliers) (protected top 46) (pick forfeited); draft pick (from Blazers) (first round pick protected top 14 in 2022-28, else 2028 second round pick) (2026 #15-Dailyn Swain)",Lauri Markkanen,3,1,"3-team trade with Blazers, Cavaliers"
2023-06-28,Bulls,Wizards,rights to Julian Phillips,2026 second round pick (?-?); 2027 second round pick (?-?),1,2,trade with Wizards
2024-06-21,Bulls,Thunder,Josh Giddey,Alex Caruso,1,1,trade with Thunder
2024-07-08,Bulls,"Kings, Spuirs",Chris Duarte; RaiQuan Gray; 2025 second round pick (from Kings) (#45-Rocco Zikarsky); 2028 second round pick (from Kings) (?-?); cash (from ?),DeMar DeRozan,5,1,"3-team trade with Kings, Spuirs"
2025-02-03,Bulls,"Kings, Spurs",Zach Collins; Tre Jones; Kevin Huerter; 2025 first round pick (from Spurs) (Bulls pick) (#12-Noa Essengue),Zach LaVine; 2028 second round pick (Kings pick) (?-?),4,2,"3-team trade with Kings, Spurs"
2025-07-01,Bulls,Lakers,rights to Lachlan Olbrich; cash considerations,rights to Rocco Zikarsky,2,1,trade with Lakers
2025-07-01,Bulls,Bulls,rights to Rocco Zikarsky,rights to Lachlan Olbrich; cash considerations,1,2,trade with Bulls
2025-07-06,Bulls,Cavaliers,Isaac Okoro,Lonzo Ball,1,1,trade with Cavaliers
2026-02-01,Bulls,"Cavaliers, Kings","Dario Saric; 2027 second round pick (from Cavaliers) (Nuggets pick) (?-?); 2029 second round pick (from Kings) (least favorable of Bucks, Knicks, Pistons picks) (?-?)",Emanuel Miller,3,1,"3-team trade with Cavaliers, Kings"
2026-02-03,Bulls,"Pistons, Timberwolves",Jaden Ivey; Mike Conley Jr.,Kevin Huerter; Dario Saric,2,2,"3-team trade with Pistons, Timberwolves"
2026-02-04,Bulls,Hornets,"Collin Sexton; Ousmane Dieng; 2029 second round pick (less favorable of Hornets, Nuggets picks) (?-?); 2031 second round pick (?-?); 2031 second round pick (Knicks pick) (?-?)",Coby White; Mike Conley Jr.,5,2,trade with Hornets
2026-02-05,Bulls,Knicks,Guerschon Yabusele; cash considerations,Dalen Terry,2,1,trade with Knicks
2026-02-05,Bulls,Timberwolves,"Rob Dillingham; Leonard Miller; 2026 second round pick (least favorable of Nuggets, Warriors picks) (#56-Vsevolod Ishchenko); 2027 second round pick (Cavaliers pick) (?-?); 2031 second round pick (most favorable of Timberwolves, Warriors picks) (?-?); 2032 second round pick (most favorable of Rockets, Suns picks) (?-?)",Ayo Dosunmu; Julian Phillips,6,2,trade with Timberwolves
2026-02-05,Bulls,"Bucks, Suns",Nick Richards,Ousmane Dieng,1,1,"3-team trade with Bucks, Suns"
2026-02-05,Bulls,Celtics,"Anfernee Simons; 2026 second round pick (most favorable of Blazers, Knicks, Pelicans, Timberwolves picks) (?-?)",Nikola Vucevic; 2027 second round pick (Nuggets pick) (?-?),2,2,trade with Celtics
2026-02-06,Bulls,Hornets involving Coby White due to White having an injury at the time of the trade,,"2029 second round pick (less favorable of Hornets, Nuggets picks) (?-?)",0,1,ammendment of earlier trade with Hornets involving Coby White due to White having an injury at the time of the trade
2026-06-24,Bulls,Pacers,Kam Jones; Bulls option to swap second round picks with Pacers (?-?)**; Bulls option to swap second round picks with Pacers (?-?)**; cash considerations,rights to Braden Smith; Bulls option to swap second round picks with Pacers (?-?)**; Bulls option to swap second round picks with Pacers (?-?)**,4,3,trade with Pacers
2026-06-24,Bulls,Lakers,cash,rights to Vsevolod Ishchenko,1,1,trade with Lakers
2026-07-10,Bulls,"Hornets, Nets, Timberwolves",Nicolas Claxton / Nic Claxton,Mouhamadou Gueye,1,1,"4-team trade with Hornets, Nets, Timberwolves"
2014-01-06,Cavaliers,Bulls,Luol Deng; Bulls conditional option to swap 2015 first round picks with Cavaliers (if Cavaliers pick is not a lottery pick) (not exercised),"Andrew Bynum; first round pick (protected top 14 in 2012, top 13 in 2013, top 12 in 2014, top 10 in 2015-17, else 2017 second round pick (protected #56-60)) (2017 #38-Jordan Bell); Bulls conditional option to swap 2015 first round picks with Cavaliers (if Cavaliers pick is not a lottery pick) (not exercised); 2015 second round pick (#53-Sir'Dominic Pointer / Dom Pointer); 2016 second round pick (#48-Paul Zipser)",2,5,trade with Bulls
2014-02-20,Cavaliers,76ers,Spencer Hawes,Earl Clark; Henry Sims; 2014 second round pick (#39-Jerami Grant); 2014 second round pick (#52-Vasilije Micic / Vasa Micic),1,4,trade with 76ers
2014-07-10,Cavaliers,"Celtics, Nets","rights to Ilkan Karaman; rights to Edin Bavcic; 2015 conditional second round pick (from Celtics, protected top 55 in 2015, else extinguished) (not exercised)","Jarrett Jack; Sergey Karasev; Tyler Zeller; first round pick (protected top 10 in 2016-18, unprotected in 2019) (2016 #28-Skal Labissiere)",3,4,"3-team trade with Celtics, Nets"
2014-07-11,Cavaliers,Pelicans,"2016 second round pick (protected top 55 in 2016, else extinguished) (not exercised)",Alonzo Gee,1,1,trade with Pelicans
2014-07-12,Cavaliers,Hornets,Brendan Haywood; rights to Dwight Powell,Scotty Hopson; cash,2,2,trade with Hornets
2014-07-22,Cavaliers,Jazz,John Lucas III; Malcolm Thomas (b. 1988-11-08); Erik Murphy,Carrick Felix; 2015 second round pick (#54-Daniel Diez / Dani Diez); cash,3,3,trade with Jazz
2014-08-23,Cavaliers,"76ers, Timberwolves",Kevin Love,"Andrew Wiggins; Anthony Bennett; first round pick (protected top 10 in 2015-16, unprotected in 2017) (2016 #24-Timothe Luwawu-Cabarrot); trade exception",1,4,"3-team trade with 76ers, Timberwolves"
2014-09-25,Cavaliers,Celtics,Keith Bogans; 2015 second round pick (protected top 55) (not exercised); 2017 second round pick (protected top 55) (not exercised),Dwight Powell; Erik Murphy; Malcolm Thomas (b. 1988-11-08); John Lucas III; 2016 second round pick (#58-Abdel Nader); 2017 second round pick (#53-Kadeem Allen); trade exception,3,7,trade with Celtics
2014-09-27,Cavaliers,76ers,"2015 second round pick (conditional if pick is not conveyed to Celtics, protected top 50 and #56-60) (not exercised)",Keith Bogans; 2018 second round pick (#55-Arnoldas Kulboka),1,2,trade with 76ers
2015-01-05,Cavaliers,"Knicks, Thunder","J.R. Smith; Iman Shumpert; first round pick (from Thunder) (protected top 18 in 2015, top 15 in 2016-17, else 2018 second round pick and 2019 second round pick) (2016 #26-Furkan Korkmaz)",Dion Waiters; Lou Amundson; Alex Kirk; 2019 second round pick (#33-Carsen Edwards),3,4,"3-team trade with Knicks, Thunder"
2015-01-07,Cavaliers,Nuggets,"Timofey Mozgov; 2015 second round pick (less favorable of Blazers, Bulls picks) (#53-Sir'Dominic Pointer / Dom Pointer)","first round pick (protected top 18 in 2015, top 15 in 2016-17, else 2018 second round pick and 2019 second round pick) (2016 #26-Furkan Korkmaz); first round pick in first draft 2 years after Grizzlies send first round pick to Timberwolves via Rockets (protected #1-5, #15-30 in 2015-16, top 5 in 2017-18, unprotected in 2019) (2017 #20-Harry Giles III)",2,2,trade with Nuggets
2015-06-25,Cavaliers,Timberwolves,rights to Cedi Osman; rights to Rakeem Christmas; 2019 second round pick (#40-Justin James),rights to Tyus Jones,3,1,trade with Timberwolves
2015-07-23,Cavaliers,Pacers,2019 second round pick (#41-Eric Paschall),rights to Rakeem Christmas,1,1,trade with Pacers
2015-07-27,Cavaliers,Blazers,2 trade exceptions / cash considerations,"Brendan Haywood; Mike Miller; 2019 second round pick (more favorable of Lakers, Timberwolves picks) (#40-Justin James); 2020 second round pick (#32-Vernon Carey Jr.)",1,4,trade with Blazers
2016-01-12,Cavaliers,Magic,2020 second round pick (protected top 55) (not exercised),Joe Harris; 2017 second round pick (protected top 55) (not exercised),1,2,trade with Magic
2016-02-18,Cavaliers,"Blazers, Magic",Channing Frye,Anderson Varejao; Jared Cunningham; first round pick (at least 2 years after Cavaliers have conveyed first round pick to Celtics) (protected top 10 in 2018-19) (2018 #25-Moritz Wagner / Moe Wagner),1,3,"3-team trade with Blazers, Magic"
2016-06-24,Cavaliers,Hawks,rights to Kahlil Felder / Kay Felder,$2.4M cash,1,1,trade with Hawks
2016-07-07,Cavaliers,Bucks,rights to Albert Miralles,Matthew Dellavedova,1,1,trade with Bucks
2016-07-07,Cavaliers,Bulls,Mike Dunleavy Jr.; rights to Vladimir Veremeenko,rights to Albert Miralles,2,1,trade with Bulls
2016-07-15,Cavaliers,76ers,rights to Chukwudiebere Maduabum / Chu Chu Maduabum,Sasha Kaun; cash,1,2,trade with 76ers
2017-01-06,Cavaliers,Blazers,2018 first round pick (#25-Moritz Wagner / Moe Wagner),2017 first round pick (#26-Caleb Swanigan),1,1,trade with Blazers
2017-01-07,Cavaliers,Hawks,Kyle Korver,"Mike Dunleavy Jr.; Maurice Williams / Mo Williams; draft pick(s) (first round protected top 10 in 2019-20, else 2021 second round pick (#35-Herbert Jones / Herb Jones (Keyshawn)), 2022 second round pick) (#47-Vince Williams Jr.); cash considerations",1,4,trade with Hawks
2017-02-13,Cavaliers,Hornets,2017 second round pick (protected top 55) (not exercised),Chris Andersen; cash,1,2,trade with Hornets
2017-08-22,Cavaliers,Celtics,Isaiah Thomas; Jae Crowder; Ante Zizic; 2018 first round pick (#8-Collin Sexton); 2020 second round pick (#50-Skylar Mays),Kyrie Irving,5,1,trade with Celtics
2017-10-14,Cavaliers,Hawks,rights to Sergiy Gladyr / Sergey Gladyr; rights to Dimitrios Agravanis,"Richard Jefferson; Kahlil Felder / Kay Felder; 2019 second round pick (less favorable of Lakers, Timberwolves picks) (#41-Eric Paschall); 2020 second round pick (protected top 55) (not exercised); $3M cash",2,5,trade with Hawks
2018-02-08,Cavaliers,Lakers,Jordan Clarkson; Larry Nance Jr.,"Isaiah Thomas; Channing Frye; draft pick (protected top 3 in 2018, top 10 in 2023, else 2023 second round pick) (2018 #25-Moritz Wagner / Moe Wagner)",2,3,trade with Lakers
2018-02-08,Cavaliers,Heat,2024 second round pick (protected top 55) (not exercised),Dwyane Wade,1,1,trade with Heat
2018-02-08,Cavaliers,"Jazz, Kings",George Hill; Rodney Hood; rights to Arturas Gudaitis; Jazz option to swap 2024 second round picks with Cavaliers (?-?),Derrick Rose; Jae Crowder; Iman Shumpert; rights to Dimitrios Agravanis; 2020 second round pick (#50-Skylar Mays); Jazz option to swap 2024 second round picks with Cavaliers (?-?); $2.1M cash,4,7,"3-team trade with Jazz, Kings"
2018-08-07,Cavaliers,Clippers,Sam Dekker; rights to Renaldas Seibutis; cash,rights to Vladimir Veremeenko,3,1,trade with Clippers
2018-11-29,Cavaliers,Jazz,Alec Burks; 2020 second round pick (#51-Justinian Jessup); 2021 second round pick (#43-Greg Brown III),Kyle Korver,3,1,trade with Jazz
2018-12-07,Cavaliers,"Bucks, Wizards","Matthew Dellavedova; John Henson; draft pick(s) (from Bucks) (first round originally protected top 14 in 2021 if Bucks send first round pick to Suns in 2019, top 10 in 2022 if Bucks send first round pick to Suns in 2020, top 10 in 2023, top 8 in 2024, else 2024 second round pick, 2025 second round pick; protections removed in subsequent trade)) (2022 #24-MarJon Beauchamp); 2021 second round pick (from Bucks) (#54-Sandro Mamukelashvili); 2022 second round pick (from Wizards) (#40-Bryce McGowens)",George Hill; Sam Dekker; 2021 second round pick (#43-Greg Brown III),5,3,"3-team trade with Bucks, Wizards"
2019-02-04,Cavaliers,Blazers,Nik Stauskas; Wade Baldwin IV; 2021 second round pick (#51-Brandon Boston Jr. / B.J. Boston Jr.); 2023 second round pick (#35-Julian Phillips),Rodney Hood,4,1,trade with Blazers
2019-02-07,Cavaliers,"Kings, Rockets",Brandon Knight; Marquese Chriss; 2019 first round pick (from Rockets) (#26-Dylan Windler); 2022 second round pick (from Rockets) (#31-Andrew Nembhard),Alec Burks; Nik Stauskas; Wade Baldwin IV; 2021 second round pick (#54-Sandro Mamukelashvili),4,4,"3-team trade with Kings, Rockets"
2019-06-26,Cavaliers,Pistons,rights to Kevin Porter Jr.,2020 second round pick (#51-Justinian Jessup); 2021 second round pick (#51-Brandon Boston Jr. / B.J. Boston Jr.); 2023 second round pick (#35-Julian Phillips); 2024 second round pick (protected top 55) (not exercised); cash,1,5,trade with Pistons
2019-12-23,Cavaliers,Jazz,Dante Exum; 2022 second round pick (#39-Khalifa Diop); 2023 second round pick (#49-Emoni Bates),Jordan Clarkson,3,1,trade with Jazz
2020-02-06,Cavaliers,Pistons,Andre Drummond,"Brandon Knight; John Henson; 2023 second round pick (less favorable of Cavaliers, Warriors picks) (#55-Isaiah Wong)",1,3,trade with Pistons
2020-11-18,Cavaliers,Bucks,2025 second round pick (#49-Tyrese Proctor); removal of protection on Bucks 2022 first round pick,rights to Ilkan Karaman,2,1,trade with Bucks
2020-11-23,Cavaliers,Lakers,JaVale McGee; 2026 second round pick (?-?),Alfonzo McKinnie; Jordan Bell,2,2,trade with Lakers
2020-11-27,Cavaliers,Jazz,Rayjon Tucker; 2027 second round pick (?-?),cash considerations,2,1,trade with Jazz
2021-01-16,Cavaliers,"Nets, Pacers, Rockets",Jarrett Allen; Taurean Prince; rights to Aleksandar Vezenkov / Sasha Vezenkov,"Dante Exum; 2022 first round pick (#24-MarJon Beauchamp); 2024 second round pick (less favorable of Cavaliers, Jazz) (#49-Tristen Newton); traded player exception",3,4,"4-team trade with Nets, Pacers, Rockets"
2021-01-22,Cavaliers,Rockets,2024 second round pick (protected top 55) (not exercised),Kevin Porter Jr.,1,1,trade with Rockets
2021-03-25,Cavaliers,Nuggets,Isaiah Hartenstein; 2023 second round pick (protected top 46) (pick forfeited); 2027 second round pick (?-?),JaVale McGee,3,1,trade with Nuggets
2021-08-02,Cavaliers,Timberwolves,Ricky Rubio,Taurean Prince; 2022 second round pick (#40-Bryce McGowens); cash considerations,1,3,trade with Timberwolves
2021-08-28,Cavaliers,"Blazers, Bulls",Lauri Markkanen,Larry Nance Jr.; 2023 second round pick (protected top 46) (pick forfeited),1,2,"3-team trade with Blazers, Bulls"
2022-01-03,Cavaliers,"Knicks, Lakers",Rajon Rondo,Denzel Valentine,1,1,"3-team trade with Knicks, Lakers"
2022-02-07,Cavaliers,Pacers,Caris LeVert; 2022 second round pick (#56-Luke Travers),"Ricky Rubio; 2022 second round pick (#31-Andrew Nembhard); draft pick(s) (first round pick protected top 14 in 2022-23, else 2025 second round pick, 2026 second round pick) (2023 #26-Ben Sheppard); 2027 second round pick (?-?)",2,4,trade with Pacers
2022-06-23,Cavaliers,Kings,2022 second round pick (#49-Isaiah Mobley),rights to Aleksandar Vezenkov / Sasha Vezenkov; cash considerations,1,2,trade with Kings
2022-09-03,Cavaliers,Jazz,"Donovan Mitchell; Jazz option to swap 2026 first round pick (Timberwolves pick, if Jazz have the pick from prior conditional trade) with Cavaliers (?-?); Jazz option to swap 2028 first round pick with Cavaliers (?-?)","Lauri Markkanen; Collin Sexton; Ochai Agbaji; 2025 first round pick (#29-Liam McNeeley); Jazz option to swap 2026 first round pick (Timberwolves pick, if Jazz have the pick from prior conditional trade) with Cavaliers (?-?); 2027 first round pick (?-?); Jazz option to swap 2028 first round pick with Cavaliers (?-?); 2029 first round pick (?-?)",3,8,trade with Jazz
2023-07-06,Cavaliers,"Heat, Spurs",Max Strus,Cedi Osman; Lamar Stevens; 2026 second round pick (Lakers pick) (?-?); 2030 second round pick (?-?),1,4,"3-team trade with Heat, Spurs"
2023-07-08,Cavaliers,Jazz,Damian Jones,cash,1,1,trade with Jazz
2025-02-06,Cavaliers,Hawks,"De'Andre Hunter; Hawks option to swap 2026 first round picks (less favorable of Hawks, Spurs picks) with Cavaliers (?-?); Hawks option to swap 2028 first round picks with Cavaliers (less favorable of Cavaliers, Jazz picks) (?-?)","Caris LeVert; Georges Niang; Hawks option to swap 2026 first round picks (less favorable of Hawks, Spurs picks) with Cavaliers (?-?); 2027 second round pick (?-?); Hawks option to swap 2028 first round picks with Cavaliers (less favorable of Cavaliers, Jazz picks) (?-?); 2029 second round pick (?-?); 2031 second round pick (?-?)",3,7,trade with Hawks
2025-07-06,Cavaliers,Bulls,Lonzo Ball,Isaac Okoro,1,1,trade with Bulls
2026-02-01,Cavaliers,,Dennis Schröder; Keon Ellis; Emanuel Miller,De'Andre Hunter; 2027 second round pick (?-?),3,2,"3-team trade Bulls, Kings"
2026-02-04,Cavaliers,Clippers,James Harden,Darius Garland; 2026 second round pick (?-?),1,2,trade with Clippers
2026-02-05,Cavaliers,"Hawks, Jazz",cash considerations (from Jazz),Lonzo Ball; 2028 second round pick (?-?); 2032 second round pick (?-?); cash considerations,1,4,"3-team trade with Hawks, Jazz"
2026-06-24,Cavaliers,Kings,rights to Meleek Thomas; 2032 second round pick (?-?)**,rights to Alex Karaban,2,1,trade with Kings
2014-06-25,Mavericks,Knicks,Tyson Chandler; Raymond Felton,Jose Calderon; Shane Larkin; Wayne Ellington; Samuel Dalembert; 2014 second round pick (#34-Cleanthony Early); 2014 second round pick (#51-Thanasis Antetokounmpo),2,6,trade with Knicks
2014-07-14,Mavericks,Bulls,Greg Smith (b. 1991-01-08),rights to Tadija Dragicevic,1,1,trade with Bulls
2014-07-16,Mavericks,Wizards,rights to Emir Preldžic,DeJuan Blair,1,1,trade with Wizards
2014-12-18,Mavericks,Celtics,Rajon Rondo; Dwight Powell,"Brandan Wright; Jae Crowder; Jameer Nelson (Sr.); first round pick (protected top 3 and #15-30 in 2015, top 7 in 2016-20, unprotected in 2021) (2016 #16-Guerschon Yabusele); 2016 second round pick (more favorable of Grizzlies, Mavericks picks) (#45-Demetrius Jackson); $12.9M trade exception",2,6,trade with Celtics
2015-07-09,Mavericks,Bucks,Zaur Pachulia / Zaza Pachulia,2018 second round pick (protected top 55) (not exercised),1,1,trade with Bucks
2016-07-07,Mavericks,Warriors,Andrew Bogut; 2020 second round pick (#31-Tyrell Terry),2019 second round pick (protected top 55) (not exercised); traded player exception,2,2,trade with Warriors
2016-07-07,Mavericks,Pacers,rights to Stanko Barac,Jeremy Evans; rights to Emir Preldžic; cash considerations,1,3,trade with Pacers
2017-02-23,Mavericks,76ers,Nerlens Noel,"Andrew Bogut; Justin Anderson; conditional draft pick(s) (2017 first round pick protected top 18, else 2017 second round pick, 2020 second round pick (protected #56-60)) (2017 #39-Jawun Evans) (2020 #48-Nico Mannion)",1,3,trade with 76ers
2017-06-28,Mavericks,Rockets,cash considerations,DeAndre Liggins,1,1,trade with Rockets
2017-06-29,Mavericks,Rockets,cash considerations,Jarrod Uthoff,1,1,trade with Rockets
2017-07-07,Mavericks,Heat,Josh McRoberts; 2023 second round pick (#50-Keyontae Johnson); $5.1M cash,A.J. Hammons,3,1,trade with Heat
2018-02-08,Mavericks,"Knicks, Nuggets","Doug McDermott; 2018 second round pick (less favorable of Blazers, Kings picks) (from Nuggets) (#54-Shake Milton)",Devin Harris,2,1,"3-team trade with Knicks, Nuggets"
2018-06-21,Mavericks,Hawks,rights to Luka Doncic,"rights to Trae Young; first round pick (protected top 5 in 2019-20, top 3 in 2021-22, unprotected in 2023) (2019 #10-Cam Reddish)",1,2,trade with Hawks
2018-06-21,Mavericks,76ers,rights to Raymond Spalding / Ray Spalding; rights to Kostas Antetokounmpo,rights to Shake Milton,2,1,trade with 76ers
2018-07-22,Mavericks,Clippers,"rights to Maarty Leunen; $50,000 cash",Johnathan Motley; rights to Renaldas Seibutis,2,2,trade with Clippers
2018-08-02,Mavericks,Rockets,Chinanu Onuaku; Mavericks option to swap Warriors 2020 second round pick with Rockets (not exercised); cash,rights to Maarty Leunen; Mavericks option to swap Warriors 2020 second round pick with Rockets (not exercised),3,2,trade with Rockets
2019-01-31,Mavericks,Knicks,Kristaps Porzingis; Tim Hardaway Jr.; Courtney Lee; Trey Burke,"Dennis Smith Jr.; DeAndre Jordan; Wesley Matthews; first round pick (two years after Mavericks send first round pick to Hawks) (2021 #21-Keon Johnson); first round pick (protected top 10 in 2023-25, else 2025 second round pick) (2024 #24-Kyshawn George)",4,5,trade with Knicks
2019-02-07,Mavericks,Kings,Justin Jackson (Aaron); Zach Randolph,Harrison Barnes,2,1,trade with Kings
2019-06-26,Mavericks,Pistons,rights to Isaiah Roby; 2020 second round pick (#51-Justinian Jessup); 2021 second round pick (#51-Brandon Boston Jr. / B.J. Boston Jr.),rights to Deividas Sirvydis,3,1,trade with Pistons
2019-07-08,Mavericks,Grizzlies,Delon Wright,"rights to Satnam Singh / Satnam Singh Bhamara; 2021 second round pick (#51-Brandon Boston Jr. / B.J. Boston Jr.); 2023 second round pick (less favorable of Heat, Mavericks picks) (#50-Keyontae Johnson); traded player exception",1,4,trade with Grizzlies
2020-01-24,Mavericks,Thunder,Justin Patton; cash,Isaiah Roby,2,1,trade with Thunder
2020-01-25,Mavericks,Warriors,Willie Cauley-Stein,2020 second round pick (#51-Justinian Jessup),1,1,trade with Warriors
2020-11-18,Mavericks,76ers,Josh Richardson; rights to Tyler Bey,Seth Curry; traded player exception,2,2,trade with 76ers
2020-11-27,Mavericks,"Pistons, Thunder",James Johnson,"Delon Wright; Justin Jackson (Aaron); 2023 second round pick (more favorable of Heat, Mavericks picks) (#40-Maxwell Lewis); 2026 second round pick (?-?)",1,4,"3-team trade with Pistons, Thunder"
2021-03-25,Mavericks,Pelicans,J.J. Redick; Nicolo Melli,James Johnson; Wesley Iwundu / Wes Iwundu; 2021 second round pick (#53-Charles Bassey); cash,2,4,trade with Pelicans
2021-07-31,Mavericks,Celtics,Moses Brown; traded player exception,Josh Richardson; traded player exception,2,2,trade with Celtics
2022-02-10,Mavericks,Wizards,Spencer Dinwiddie; Davis Bertans,Kristaps Porzingis; 2022 second round pick (protected top 45) (#54-Yannick Nzosa),2,2,trade with Wizards
2022-06-23,Mavericks,Kings,rights to Jaden Hardy,2024 second round pick (#54-Anton Watson); 2028 second round pick (?-?),1,2,trade with Kings
2022-06-24,Mavericks,Rockets,Christian Wood,Sterling Brown; Marquese Chriss; Boban Marjanovic; Trey Burke; rights to Wendell Moore Jr.,1,5,trade with Rockets
2023-02-06,Mavericks,Nets,Kyrie Irving; Markieff Morris,Spencer Dinwiddie; Dorian Finney-Smith; 2027 second round pick (?-?); 2029 first round pick (?-?); 2029 second round pick (?-?),2,5,trade with Nets
2023-07-06,Mavericks,Kings,Richaun Holmes; rights to Olivier-Maxence Prosper,cash considerations,2,1,trade with Kings
2023-07-06,Mavericks,Thunder,Dereck Lively II,Davis Bertans; rights to Cason Wallace,1,2,trade with Thunder
2023-07-12,Mavericks,"Celtics, Spurs","Grant Williams; 2025 second round pick (from Spurs) (Raptors pick) (#37-Chaz Lanier); Celtics option to swap 2025 second round picks (most favorable of Pistons, Warriors, Wizards picks) with Mavericks (?-?); 2028 second round pick (from Spurs) (Heat pick) (?-?); Spurs option to swap 2030 first round picks with Mavericks (?-?)","Reggie Bullock; Celtics option to swap 2025 second round picks (most favorable of Pistons, Warriors, Wizards picks) with Mavericks (?-?); Spurs option to swap 2030 first round picks with Mavericks (?-?); 2030 second round pick (?-?)",5,4,"3-team trade with Celtics, Spurs"
2024-02-08,Mavericks,Wizards,Daniel Gafford,"Richaun Holmes; 2024 first round pick (second least favorable of Clippers, Jazz, Rockets, Thunder picks) (#26-Dillon Jones)",1,2,trade with Wizards
2024-02-08,Mavericks,Thunder,"2024 first round pick (second least favorable of Clippers, Jazz (protected top 10), Rockets (protected top 4), Thunder picks) (#26-Dillon Jones); Thunder option to swap 2028 first round picks with Mavericks (?-?)",Thunder option to swap 2028 first round picks with Mavericks (?-?),2,1,trade with Thunder
2024-02-08,Mavericks,Hornets,"P.J. Washington; 2024 second round pick (#58-Ariel Hukporti); 2028 second round pick (less favorable of Clippers, Hornets picks) (?-?)","Grant Williams; Seth Curry; 2027 first round pick (2027 first round protected top 2, else 2028 second round pick) (?-?)",3,3,trade with Hornets
2024-06-29,Mavericks,Knicks,rights to Melvin Ajinca,rights to Petteri Koponen; rights to Ariel Hukporti; cash considerations,1,3,trade with Knicks
2024-07-06,Mavericks,Pistons,Quentin Grimes,"Tim Hardaway Jr.; 2025 second round pick (Raptors pick) (#37-Chaz Lanier); 2028 second round pick (less favorable of Clippers, Hornets picks) (?-?); 2028 second round pick (Heat pick) (?-?)",1,4,trade with Pistons
2024-07-06,Mavericks,"76ers, Hornets, Nuggets, Timberwolves, Warriors","Klay Thompson; 2025 second round pick (from Hornets) (more favorable of 76ers, Nuggets picks) (#35-Johni Broome)",Josh Green; 2031 second round pick (?-?),2,2,"6-team trade with 76ers, Hornets, Nuggets, Timberwolves, Warriors"
2025-02-02,Mavericks,"Jazz, Lakers",Anthony Davis; Max Christie; 2029 first round pick (from Lakers) (?-?); cash (from Jazz),Luka Doncic; Maximilian Kleber / Maxi Kleber; Markieff Morris; 2025 second round pick (#43-Jamir Watkins),4,4,"3-team trade with Jazz, Lakers"
2025-02-04,Mavericks,76ers,Caleb Martin; 2030 second round pick (?-?),"Quentin Grimes; 2025 second round pick (more favorable of 76ers, Nuggets picks) (#35-Johni Broome)",2,2,trade with 76ers
2026-02-05,Mavericks,"Hornets, Wizards","Khris Middleton; Marvin Bagley III; A.J. Johnson; Tyus Jones; 2026 first round pick (from Wizards) (least favorable of Clippers, Rockets (protected top 4), Thunder picks) (?-?); 2026 second round pick (from Wizards) (Suns pick) (?-?); 2027 second round pick (from Wizards) (Bulls pick) (?-?); 2029 second round pick (from Wizards) (Rockets pick) (?-?); 2030 first round pick (from Wizards) (Warriors pick; protected top 20) (?-?)",Anthony Davis; Jaden Hardy; D'Angelo Russell; Dante Exum,9,4,"3-team trade with Hornets, Wizards"
2026-06-24,Mavericks,"Knicks, Lakers, Suns",rights to Sergio De Larrea,rights to Melvin Ajinca; rights to Koa Peat; second round pick (?-?)**; second round pick (?-?)**,1,4,"4-team trade with Knicks, Lakers, Suns"
2026-06-24,Mavericks,Lakers,rights to Vsevolod Ishchenko,cash,1,1,trade with Lakers
2026-07-08,Mavericks,"Bucks, Clippers, Grizzlies, Pistons, Wizards",Santi Aldama; Marcus Sasser; rights to Tarik Biberovic,Khris Middleton; A.J. Johnson; 2029 second round pick (?-?)**; first round pick (protected top 20 in 2030) (?-?)**; 2033 second round pick (?-?)**,3,5,"6-team trade with Bucks, Clippers, Grizzlies, Pistons, Wizards"
2026-07-19,Mavericks,"Hawks, Thunder",Zaccharie Risacher; 2027 second round pick (from Hawks) (protected top 55) (?-?),Ryan Nembhard; 2027 second round pick (Bulls pick) (?-?),2,2,"3-team trade with Hawks, Thunder"
2014-02-20,Nuggets,Rockets,Aaron Brooks,Jordan Hamilton,1,1,trade with Rockets
2014-06-26,Nuggets,Magic,Arron Afflalo,Evan Fournier; rights to Roy Devyn Marble / Roy Marble (Devyn),1,2,trade with Magic
2014-06-26,Nuggets,Bulls,"rights to Jusuf Nurkic; rights to Gary Harris; 2015 second round pick (less favorable of Blazers, Bulls picks) (#53-Sir'Dominic Pointer / Dom Pointer)",Anthony Randolph; rights to Doug McDermott,3,2,trade with Bulls
2015-01-07,Nuggets,Cavaliers,"first round pick (protected top 18 in 2015, top 15 in 2016-17, else 2018 second round pick and 2019 second round pick) (2016 #26-Furkan Korkmaz); first round pick in first draft 2 years after Grizzlies send first round pick to Timberwolves via Rockets (protected #1-5, #15-30 in 2015-16, top 5 in 2017-18, unprotected in 2019) (2017 #20-Harry Giles III)","Timofey Mozgov; 2015 second round pick (less favorable of Blazers, Bulls picks) (#53-Sir'Dominic Pointer / Dom Pointer)",2,2,trade with Cavaliers
2015-01-13,Nuggets,Celtics,Jameer Nelson (Sr.),Nate Robinson,1,1,trade with Celtics
2015-02-19,Nuggets,76ers,rights to Cenk Akyol; cash,"JaVale McGee; rights to rights to Chukwudiebere Maduabum / Chu Chu Maduabum; first round pick (protected top 18 in 2015, top 15 in 2016-17, else 2018 second round pick, 2019 second round pick) (2016 #26-Furkan Korkmaz)",2,3,trade with 76ers
2015-02-19,Nuggets,Blazers,"Will Barton; Victor Claver; Thomas Robinson; 2016 first round pick (protected top 14 in 2016-17, else 2018 second round pick (less favorable of Blazers, Kings picks), 2019 second round pick) (2016 #19-Malik Beasley)",Arron Afflalo; Alonzo Gee,4,2,trade with Blazers
2015-07-20,Nuggets,Rockets,"Nick Johnson; Kostas Papanikolaou; Pablo Prigioni; Joey Dorsey; 2016 first round pick (protected top 14 in 2016, else 2017 second round pick, cash) (#15-Juancho Hernangomez / Juan Hernangomez); cash considerations",Ty Lawson; 2017 second round pick (#43-Isaiah Hartenstein),6,2,trade with Rockets
2016-02-18,Nuggets,Thunder,"D.J. Augustine; Steve Novak; 2016 second round pick (protected #56-60 in 2016, unprotected in 2017) (2016 #53-Petr Cornelie); 2016 second round pick (#56-Daniel Hamilton); cash",Randy Foye,5,1,trade with Thunder
2016-06-23,Nuggets,Thunder,$730K cash,rights to Daniel Hamilton,1,1,trade with Thunder
2016-08-30,Nuggets,Thunder,"second round pick (protected top 35 in 2017, unprotected in 2018) (2017 #49-Vlatko Cancar); second round pick (protected top 35 in 2017, unprotected in 2018) (2017 #51-Monte Morris)",Joffrey Lauvergne,2,1,trade with Thunder
2017-01-18,Nuggets,Hawks,Maurice Williams / Mo Williams; cash,rights to Cenk Akyol; traded player exception,2,2,trade with Hawks
2017-02-12,Nuggets,Blazers,"Mason Plumlee; 2018 second round pick (from Nuggets) (less favorable of Blazers, Kings picks) (#54-Shake Milton); cash","Jusuf Nurkic; first round pick (protected top 5 in 2017-18, unprotected in 2019) (2017 #20-Harry Giles III)",3,2,trade with Blazers
2017-02-23,Nuggets,Bucks,Roy Hibbert,2019 second round pick (protected top 55) (#57-Jordan Bone),1,1,trade with Bucks
2017-06-22,Nuggets,Jazz,Trey Lyles; rights to Tyler Lydon,rights to Donovan Mitchell,2,1,trade with Jazz
2017-07-06,Nuggets,"Clippers, Hawks",2019 second round pick (from Hawks) (#36-Cody Martin),Danilo Gallinari,1,1,"3-team trade with Clippers, Hawks"
2018-02-08,Nuggets,"Knicks, Mavericks","Devin Harris; 2018 second round pick (from Knicks) (less favorable of Clippers, Knicks picks) (#43-Justin Jackson (Nicholas))","Emmanuel Mudiay; 2018 second round pick (less favorable of Blazers, Kings picks) (#54-Shake Milton)",2,2,"3-team trade with Knicks, Mavericks"
2018-06-21,Nuggets,Magic,rights to Jarred Vanderbilt,"rights to Justin Jackson (Nicholas); 2019 second round pick (less favorable of Nuggets (protected #56-60), Wizards picks; if Nuggets pick is less favorable but falls within protected range, then Wizards pick) (#36-Cody Martin)",1,2,trade with Magic
2018-07-06,Nuggets,76ers,76ers option to swap 2022 second round picks with Nuggets (pick forfeited); cash,Wilson Chandler; 2021 second round pick (#55-Aaron Wiggins); 76ers option to swap 2022 second round picks with Nuggets (#50-Matteo Spagnolo),2,3,trade with 76ers
2018-07-13,Nuggets,Nets,Isaiah Whitehead,"Darrell Arthur; Kenneth Faried; draft pick(s) (first round pick protected top 12 in 2019-24, else 2024 second round pick, 2025 second round pick) (2019 #27-Mfiondu Kabengele); 2020 second round pick (#55-Jay Scrubb)",1,4,trade with Nets
2019-06-20,Nuggets,Heat,rights to Bol Bol,"2022 second round pick (less favorable of 76ers, Nuggets picks) (pick forfeited); $1.2M cash considerations",1,2,trade with Heat
2019-07-08,Nuggets,Thunder,Jerami Grant,"draft pick(s) (first round pick protected top 10 in 2020-22, else 2023 second round pick, 2024 second round pick) (2020 #25-Immanuel Quickley); traded player exception",1,2,trade with Thunder
2020-02-05,Nuggets,"Hawks, Rockets, Timberwolves",Keita Bates-Diop; Shabazz Napier; Noah Vonleh; Gerald Green (b. 1986-01-26); 2020 first round pick (from Rockets) (#22-Zeke Nnaji),Malik Beasley; Juancho Hernangomez / Juan Hernangomez; Jarred Vanderbilt,5,3,"4-team trade with Hawks, Rockets, Timberwolves"
2020-02-06,Nuggets,Wizards,Jordan McRae,Shabazz Napier,1,1,trade with Wizards
2020-11-22,Nuggets,Pistons,cash considerations; traded player exception,Jerami Grant; rights to Nikola Radicevic,2,2,trade with Pistons
2020-11-23,Nuggets,"Bucks Pelicans, Thunder",rights to R.J. Hampton,"draft pick(s) (first round pick protected top 14 in 2023-25, else 2025 second round pick, 2026 second round pick) (2023 #27-Nick Smith Jr.)",1,1,"4-team trade with Bucks Pelicans, Thunder"
2021-03-25,Nuggets,Cavaliers,JaVale McGee,Isaiah Hartenstein; 2023 second round pick (protected top 46) (pick forfeited); 2027 second round pick (?-?),1,3,trade with Cavaliers
2021-03-25,Nuggets,Magic,Aaron Gordon; Gary Clark Jr.,"R.J. Hampton; Gary Harris; first round pick (2 years after Nuggets transfer first round pick to Thunder, protected top 5 in 2025-27) (2025 #25-Jase Richardson)",2,3,trade with Magic
2022-01-10,Nuggets,Pistons,Rodney McGruder; 2022 second round pick,Bol Bol,2,1,trade with Pistons
2022-01-13,Nuggets,Pistons voided by NBA,Bol Bol,Rodney McGruder; 2022 second round pick,1,2,earlier trade with Pistons voided by NBA
2022-01-19,Nuggets,"Celtics, Spurs",Bryn Forbes,Bol Bol; P.J. Dozier; 2028 second round pick (protected top 33) (?-?); $200K cash,1,4,"3-team trade with Celtics, Spurs"
2022-06-23,Nuggets,Thunder,"rights to Peyton Watson; 2023 second round pick (second most favorable of (a) Thunder, (b) Wizards, (c) more favorable of Heat, Mavericks picks) (#40-Maxwell Lewis); 2024 second round pick (more favorable of Hornets, Timberwolves picks) (#34-Tyler Kolek)","JaMychal Green; first round pick (at least 2 years after Nuggets send first round pick to Magic in earlier trade; protected top 5 in 2027-29, else 2029 second round pick) (?-?)",3,2,trade with Thunder
2022-07-06,Nuggets,Wizards,Kentavious Caldwell-Pope; Ishmael Smith / Ish Smith,Will Barton; Monte Morris,2,2,trade with Wizards
2022-07-06,Nuggets,Blazers,rights to Ismael Kamagate,"2024 second round pick (more favorable of Hornets, Timberwolves picks) (#34-Tyler Kolek)",1,1,trade with Blazers
2023-02-09,Nuggets,"Clippers, Lakers, Magic",Thomas Bryant,Nah'Shon Hyland / Bones Hyland; Davon Reed; 2024 second round pick (pick rescinded),1,3,"4-team trade with Clippers, Lakers, Magic"
2023-06-23,Nuggets,"Lakers, Pacers, Thunder","rights to Julian Strawther; rights to Jalen Pickett; rights to Hunter Tyson; 2024 second round pick (from Thunder) (least favorable of Hornets, Timberwolves picks) (#56-Kevin McCullar Jr.)","rights to Maxwell Lewis; draft pick (at least 2 years after Thunder receive previously owed first round pick from Nuggets; first round pick protected top 5 in 2029-30, else 2030 second round pick) (?-?)",4,2,"4-team trade with Lakers, Pacers, Thunder"
2024-02-08,Nuggets,Clippers,cash,rights to Ismael Kamagate,1,1,trade with Clippers
2024-06-27,Nuggets,Suns,rights to DaRon Holmes II,rights to Ryan Dunn; rights to Kevin McCullar Jr.; 2026 second round pick (?-?); 2031 second round pick (?-?),1,4,trade with Suns
2024-07-06,Nuggets,"76ers, Hornets, Mavericks, Timberwolves, Warriors",cash (from Hornets),"Josh Green; Reggie Jackson (Shon); 2025 second round pick (more favorable of 76ers, Nuggets pick ) (?-?); 2029 second round pick (?-?); 2030 second round pick (?-?)",1,5,"6-team trade with 76ers, Hornets, Mavericks, Timberwolves, Warriors"
2025-07-08,Nuggets,Nets,Cameron Johnson,Michael Porter Jr.; 2032 first round pick (?-?),1,2,trade with Nets
2025-07-13,Nuggets,Kings,Jonas Valanciunas,Dario Saric,1,1,trade with Kings
2026-02-05,Nuggets,Nets,"2026 second round pick (least favorable of Clippers, Hawks picks) (?-?)",Hunter Tyson; 2032 second round pick (?-?),1,2,trade with Nets
2026-06-24,Nuggets,Spurs,rights to Trevon Brazile; second round pick (?-?)**; second round pick (?-?)**,rights to Tarris Reed Jr.,3,1,trade with Spurs
2014-10-17,Pistons,Celtics,Joel Anthony,Will Bynum,1,1,trade with Celtics
2014-12-24,Pistons,Suns,Anthony Tolliver,Tony Mitchell (LaShae),1,1,trade with Suns
2015-02-19,Pistons,Celtics,Tayshaun Prince,Luigi Datome / Gigi Datome; Jonas Jerebko,1,2,trade with Celtics
2015-02-19,Pistons,"Jazz, Thunder",Reggie Jackson (Shon),D.J. Augustin; Kyle Singler; 2017 second round pick (#42-Thomas Bryant); 2019 second round pick (#45-Isaiah Roby),1,4,"3-team trade with Jazz, Thunder"
2015-06-11,Pistons,Bucks,Ersan Ilyasova,Caron Butler; Shawne Williams,1,2,trade with Bucks
2015-07-09,Pistons,Suns,Marcus Morris; Reggie Bullock; Danny Granger,2020 second round pick (#35-Xavier Tillman),3,1,trade with Suns
2015-07-13,Pistons,Nets,Steve Blake,Quincy Miller,1,1,trade with Nets
2016-02-16,Pistons,Magic,Tobias Harris,Brandon Jennings; Ersan Ilyasova,1,2,trade with Magic
2016-02-18,Pistons,Rockets (trade later voided),Donatas Motiejunas; Marcus Thornton (Terrell),"Joel Anthony; 2016 first round pick (protected top 8 in 2016, top 10 in 2017) (voided)",2,2,trade with Rockets (trade later voided)
2016-02-22,Pistons,Rockets voided by NBA,"Joel Anthony; 2016 first round pick (protected top 8 in 2016, top 10 in 2017) (voided)",Donatas Motiejunas; Marcus Thornton (Terrell),2,2,earlier trade with Rockets voided by NBA
2016-06-17,Pistons,Bulls,Cameron Bairstow,Spencer Dinwiddie,1,1,trade with Bulls
2016-06-29,Pistons,Magic,2019 conditional second round pick (less favorable of (a) Blazers pick and (b) most favorable of Cavaliers; Magic; Rockets picks) (#56-Jaylen Hands),Jodie Meeks,3,1,trade with Magic
2017-06-28,Pistons,Rockets,cash considerations,Darrun Hilliard,1,1,trade with Rockets
2017-07-07,Pistons,Celtics,Avery Bradley; 2019 second round pick (#45-Isaiah Roby),Marcus Morris,2,1,trade with Celtics
2018-01-29,Pistons,Clippers,Blake Griffin; Brice Johnson; Willie Reed,"Tobias Harris; Avery Bradley; Boban Marjanovic; first round pick (protected top 4 in 2018-20, unprotected in 2021) (2018 #12-Miles Bridges); 2019 second round pick (less favorable of (a) Blazers pick and (b) most favorable of Cavaliers, Magic, Rockets pick) (#56-Jaylen Hands)",3,5,trade with Clippers
2018-02-08,Pistons,Bulls,Jameer Nelson (Sr.); Bulls option to swap 2022 second round picks with Pistons (#49-Isaiah Mobley),Willie Reed; Bulls option to swap 2022 second round picks with Pistons (#33-Christian Koloko),2,2,trade with Bulls
2018-02-08,Pistons,Grizzlies,James Ennis III,"Brice Johnson; 2022 second round pick (less favorable of Bulls, Pistons picks) (#49-Isaiah Mobley)",1,2,trade with Grizzlies
2018-06-21,Pistons,76ers,rights to Khyri Thomas,2021 second round pick (#32-Jeremiah Robinson-Earl); 2023 second round pick (#31-James Nnaji),1,2,trade with 76ers
2019-02-06,Pistons,Lakers,Sviatoslav Mykhailiuk / Svi Mykhailiuk; 2021 second round pick (#52-Luka Garza),Reggie Bullock,2,1,trade with Lakers
2019-02-07,Pistons,"Bucks, Pelicans",Thon Maker,Stanley Johnson,1,1,"3-team trade with Bucks, Pelicans"
2019-06-20,Pistons,Bucks,Tony Snell; rights to Kevin Porter Jr.,Jon Leuer,2,1,trade with Bucks
2019-06-26,Pistons,Cavaliers,2020 second round pick (#51-Justinian Jessup); 2021 second round pick (#51-Brandon Boston Jr. / B.J. Boston Jr.); 2023 second round pick (#35-Julian Phillips); 2024 second round pick (protected top 55) (not exercised); cash,rights to Kevin Porter Jr.,5,1,trade with Cavaliers
2019-06-26,Pistons,Mavericks,rights to Deividas Sirvydis,rights to Isaiah Roby; 2020 second round pick (#51-Justinian Jessup); 2021 second round pick (#51-Brandon Boston Jr. / B.J. Boston Jr.),1,3,trade with Mavericks
2019-07-08,Pistons,76ers,rights to Jordan Bone,2024 second round pick (protected top 55) (not exercised); cash considerations,1,2,trade with 76ers
2020-02-06,Pistons,Cavaliers,"Brandon Knight; John Henson; 2023 second round pick (less favorable of Cavaliers, Warriors picks) (#55-Isaiah Wong)",Andre Drummond,3,1,trade with Cavaliers
2020-11-19,Pistons,"Clippers, Nets",Rodney McGruder; Dzanan Musa; rights to Saddiq Bey; rights to Jaylen Hands; 2021 second round pick (from Nets) (#37-J.T. Thor); cash (from Clippers),Bruce Brown; Luke Kennard; Justin Patton; 2023 second round pick (#35-Julian Phillips); 2024 second round pick (#31-Jonathan Mogbo); 2025 second round pick (#47-Bogoljub Markovic); 2026 second round pick (?-?),6,7,"3-team trade with Clippers, Nets"
2020-11-20,Pistons,Hawks,Dewayne Dedmon; traded player exception,Tony Snell; Khyri Thomas; traded player exception,2,3,trade with Hawks
2020-11-22,Pistons,Nuggets,Jerami Grant; rights to Nikola Radicevic,cash considerations; traded player exception,2,2,trade with Nuggets
2020-11-22,Pistons,Jazz,Tony Bradley; rights to Saben Lee,cash; traded player exception,2,2,trade with Jazz
2020-11-23,Pistons,76ers,Zhaire Smith,Tony Bradley,1,1,trade with 76ers
2020-11-24,Pistons,Rockets,Trevor Ariza; rights to Isaiah Stewart; 2027 second round pick (?-?); cash considerations,"Christian Wood; draft pick (first round pick protected top 16 in 2021-22, top 18 in 2023-24, top 13 in 2025, top 11 in 2026, top 9 in 2027, else 2027 second round pick) (2025 #17-Joan Beringer); 2021 second round pick (#52-Luka Garza)",4,3,trade with Rockets
2020-11-27,Pistons,"Mavericks, Thunder",Delon Wright,Trevor Ariza,1,1,"3-team trade with Mavericks, Thunder"
2021-02-08,Pistons,Knicks,Dennis Smith Jr.; 2021 second round pick (#42-Isaiah Livers); traded player exception,Derrick Rose,3,1,trade with Knicks
2021-03-13,Pistons,Thunder,Hamidou Diallo,Sviatoslav Mykhailiuk / Svi Mykhailiuk; 2027 second round pick (?-?),1,2,trade with Thunder
2021-03-25,Pistons,Kings,Cory Joseph; 2021 second round pick (#52-Luka Garza),Delon Wright,2,1,trade with Kings
2021-08-06,Pistons,Hornets,rights to Balsa Koprivica,Mason Plumlee; rights to J.T. Thor,1,2,trade with Hornets
2021-09-04,Pistons,Nets,"DeAndre Jordan; 2022 second round pick (#46-Ismael Kamagate); 2024 second round pick (more favorable of Grizzlies, Wizards picks) (#32-Kyle Filipowski); 2025 second round pick (more favorable of Warriors, Wizards picks) (#32-Noah Penda); 2027 second round pick (?-?); cash",Jahlil Okafor; Sekou Doumbouya,6,2,trade with Nets
2022-01-10,Pistons,Nuggets,Bol Bol,Rodney McGruder; 2022 second round pick,1,2,trade with Nuggets
2022-01-13,Pistons,Nuggets voided by NBA,Rodney McGruder; 2022 second round pick,Bol Bol,2,1,earlier trade with Nuggets voided by NBA
2022-02-10,Pistons,"Bucks, Clippers, Kings",Marvin Bagley III,"Josh Jackson; Trey Lyles; 2023 second round pick (less favorable of Cavaliers, Warriors picks) (#55-Isaiah Wong)",1,3,"4-team trade with Bucks, Clippers, Kings"
2022-07-06,Pistons,Blazers,"rights to Gabriele Procida; 2025 first round pick (Bucks pick, protected top 4) (#19-Nolan Traoré); 2025 second round pick (Pistons pick) (#47-Bogoljub Markovic); 2026 second round pick (more favorable of Blazers, Pelicans picks) (?-?)",Jerami Grant; rights to Ismael Kamagate,4,2,trade with Blazers
2022-07-06,Pistons,Knicks,Kemba Walker; rights to Jalen Duren,2025 first round pick (Bucks pick) (protected top 4) (#19-Nolan Traoré),2,1,trade with Knicks
2022-07-11,Pistons,Knicks,"Alec Burks; Nerlens Noel; 2023 second round pick (Pistons pick) (#31-James Nnaji); 2026 second round pick (more favorable of Knicks, Timberwolves picks) (?-?); cash considerations",rights to Nikola Radicevic; 2025 second round pick (protected top 55) (?-?),5,2,trade with Knicks
2022-09-22,Pistons,Jazz,Bojan Bogdanovic,Kelly Olynyk; Saben Lee; cash,1,3,trade with Jazz
2023-02-09,Pistons,"Blazers, Hawks, Warriors",James Wiseman,Saddiq Bey; Kevin Knox II,1,2,"4-team trade with Blazers, Hawks, Warriors"
2023-06-28,Pistons,Celtics,rights to Marcus Sasser,"rights to James Nnaji; 2025 second round pick (most favorable of Pistons, Warriors, Wizards picks) (#32-Noah Penda); 2026 second round pick (most favorable of Blazers, Knicks, Pelicans, Timberwolves picks) (?-?)",1,3,trade with Celtics
2023-07-06,Pistons,Nets,Joe Harris; 2027 second round pick (Mavericks pick) (?-?); 2029 second round pick (Bucks pick) (?-?),reported $110K cash,3,1,trade with Nets
2023-07-06,Pistons,Wizards,Monte Morris,"2027 second round pick (more favorable of Mavericks, Nets picks) (?-?)",1,1,trade with Wizards
2024-01-14,Pistons,Wizards,Danilo Gallinari; Mike Muscala,"Marvin Bagley III; Isaiah Livers; 2025 second round pick (more favorable of Pistons, Warriors picks) (#47-Bogoljub Markovic); 2026 second round pick (less favorable of (a) more favorable of Timberwolves, Knicks pick and (b) more favorable of Blazers, Pelicans picks) (?-?)",2,4,trade with Wizards
2024-02-07,Pistons,Timberwolves,Troy Brown Jr.; Shake Milton; 2030 second round pick (?-?),Monte Morris,3,1,trade with Timberwolves
2024-02-08,Pistons,76ers,Danuel House Jr.; 2024 second round pick (#53-Cam Spencer); cash considerations,2028 second round pick (protected top 55) (?-?),3,1,trade with 76ers
2024-02-08,Pistons,Knicks,Evan Fournier; Malachi Flynn; Quentin Grimes; Ryan Arcidiacono; 2028 second round pick (?-?); 2029 second round pick (?-?),Alec Burks; Bojan Bogdanovic,6,2,trade with Knicks
2024-02-08,Pistons,Jazz,Simone Fontecchio,"Kevin Knox II; rights to Gabriele Procida; 2024 second round pick (more favorable of Grizzlies, Wizards picks) (#32-Kyle Filipowski)",1,3,trade with Jazz
2024-06-30,Pistons,Clippers,cash considerations,rights to Balsa Koprivica,1,1,trade with Clippers
2024-07-06,Pistons,Mavericks,"Tim Hardaway Jr.; 2025 second round pick (Raptors pick) (#37-Chaz Lanier); 2028 second round pick (less favorable of Clippers, Hornets picks) (?-?); 2028 second round pick (Heat pick) (?-?)",Quentin Grimes,4,1,trade with Mavericks
2024-07-07,Pistons,"Grizzlies, Raptors, Timberwolves",Wendell Moore Jr.; rights to Bobi Klintman,rights to Cam Spencer,2,1,"4-team trade with Grizzlies, Raptors, Timberwolves"
2025-02-06,Pistons,76ers,Kenyon Martin Jr. / K.J. Martin; 2027 second round pick (Bucks pick) (?-?); 2031 second round pick (Mavericks pick) (?-?),cash considerations,3,1,trade with 76ers
2025-02-06,Pistons,"Heat, Jazz, Raptors, Warriors","Dennis Schröder; Lindy Waters III; 2031 second round pick (from Warriors) (least favorable of Timberwolves, Warriors picks) (?-?)","Kenyon Martin Jr. / K.J. Martin; 2028 second round pick (least favorable of (a) Pistons pick (protected #56-60), (b) less favorable of Clippers, Hornets picks, (c) Heat pick, (d) Knicks pick) (?-?)",3,2,"5-team trade with Heat, Jazz, Raptors, Warriors"
2025-07-07,Pistons,Kings,2026 second round pick (Hornets pick) (protected top 55) (?-?),"Dennis Schröder; 2029 second round pick (least favorable of Bucks, Knicks, Pistons picks) (?-?)",1,2,trade with Kings
2025-07-07,Pistons,Heat,Duncan Robinson,Simone Fontecchio,1,1,trade with Heat
2026-02-03,Pistons,"Bulls, Timbersolves",Kevin Huerter; Dario Saric; Pistons option to swap 2026 first round picks with Timberwolves (from Timberwolves) (protected top 19) (?-?),Jaden Ivey; Pistons option to swap 2026 first round picks with Timberwolves (protected top 19) (?-?),3,2,"3-team trade with Bulls, Timbersolves"
2026-06-24,Pistons,"Grizzlies, Thunder",rights to Ebuka Okorie,rights to Karim Lopez; second round pick (?-?)**; second round pick (?-?)**; second round pick (?-?)**,1,4,"3-team trade with Grizzlies, Thunder"
2026-06-24,Pistons,"Clippers, Knicks, Rockets",rights to Ugonna Onyenso,,1,0,"4-team trade with Clippers, Knicks, Rockets"
2026-07-06,Pistons,Thunder,Isaiah Joe,2030 second round pick (Timberwolves pick) (?-?)**; 2031 second round pick (?-?)**,1,2,trade with Thunder
2026-07-08,Pistons,"Bucks, Clippers, Grizzlies, Mavericks, Wizards","John Collins (Martin); Taurean Prince; Gary Harris; 2029 second round pick (from Grizzlies) (second most favorable of Bucks, Knicks, Pistons picks) (?-?)**; 2031 second round pick (from Grizzlies) (?-?)**; 2032 second round pick (from Grizzlies) (?-?)**",Caris LeVert; Marcus Sasser; Isaiah Stewart; 2028 second round pick (protected top 55) (?-?)**; second round pick (?-?)**; second round pick (?-?)**,6,6,"6-team trade with Bucks, Clippers, Grizzlies, Mavericks, Wizards"
2014-01-15,Warriors,"Celtics, Heat",Jordan Crawford; MarShon Brooks,Toney Douglas,2,1,"3-team trade with Celtics, Heat"
2014-02-19,Warriors,Lakers,Steve Blake,Kent Bazemore; MarShon Brooks,1,2,trade with Lakers
2015-07-27,Warriors,Celtics,Gerald Wallace; Chris Babb,David Lee,2,1,trade with Celtics
2015-07-31,Warriors,76ers,"Jason Thompson; 76ers option to swap 2016 first round picks (less favorable of Heat (protected top 10), Thunder (protected top 15) picks) with Warriors (not exercised)",Gerald Wallace; 76ers option to swap 2016 first round picks with Warriors (not exercised); cash considerations,2,3,trade with 76ers
2016-06-23,Warriors,Bucks,rights to Patrick McCaw,$2.4M cash,1,1,trade with Bucks
2016-07-07,Warriors,Mavericks,2019 second round pick (protected top 55) (not exercised); traded player exception,Andrew Bogut; 2020 second round pick (#31-Tyrell Terry),2,2,trade with Mavericks
2017-06-22,Warriors,Bulls,rights to Jordan Bell,$3.5M cash,1,1,trade with Bulls
2019-06-20,Warriors,Hawks,2019 second round pick (#41-Eric Paschall),2024 second round pick (#44-Pelle Larsson); $1.3M cash,1,2,trade with Hawks
2019-06-20,Warriors,"Jazz, Pacers",$2M cash considerations (from Jazz),rights to Miye Oni,1,1,"3-team trade with Jazz, Pacers"
2019-06-20,Warriors,Pelicans,rights to Alen Smailagic,2021 second round pick (#47-David Johnson (Ricardo)); 2023 second round pick (#49-Emoni Bates); cash considerations,1,3,trade with Pelicans
2019-07-07,Warriors,Grizzlies,Julian Washburn,"Andre Iguodala; first round pick (protected top 4 in 2024, top 1 in 2025, unprotected in 2026) (2024 #14-Carlton Carrington / Bub Carrington); $2M cash",1,3,trade with Grizzlies
2019-07-07,Warriors,Nets,D'Angelo Russell; Shabazz Napier; Treveon Graham; traded player exception,"Kevin Durant; draft pick (first round pick protected top 20 in 2020, else 2025 second round pick) (2025 #48-Javon Small)",4,2,trade with Nets
2019-07-08,Warriors,Hawks,Omari Spellman; traded player exception,Damian Jones; 2026 second round pick (?-?),2,2,trade with Hawks
2019-07-08,Warriors,Timberwolves,rights to Lior Eliyahu,Shabazz Napier; Treveon Graham; cash,1,3,trade with Timberwolves
2020-01-25,Warriors,Mavericks,2020 second round pick (#51-Justinian Jessup),Willie Cauley-Stein,1,1,trade with Mavericks
2020-02-06,Warriors,76ers,2020 second round pick (#48-Nico Mannion); 2021 second round pick (#55-Aaron Wiggins); 2022 second round pick (#51-Tyrese Martin),Alec Burks; Glenn Robinson III,3,2,trade with 76ers
2020-02-06,Warriors,Timberwolves,"Andrew Wiggins; first round pick (protected top 3 in 2021, unprotected in 2022) (2021 #7-Jonathan Kuminga); 2021 second round pick (#36-Miles McBride)",D'Angelo Russell; Jacob Evans; Omari Spellman,3,3,trade with Timberwolves
2020-11-22,Warriors,Thunder,Kelly Oubre Jr.,"2021 draft pick (first round protected top 20, else second round pick) (#36-Miles McBride); 2021 second round pick (#55-Aaron Wiggins)",1,2,trade with Thunder
2021-03-25,Warriors,Hornets,2025 second round pick (protected top 55) (not exercised),Brad Wanamaker; 2022 second round pick (protected top 54) (not exercised); cash considerations,1,3,trade with Hornets
2021-03-25,Warriors,Spurs,rights to Cady Lalanne,Marquese Chriss; cash considerations,1,2,trade with Spurs
2021-08-07,Warriors,Jazz,2026 second round pick (protected #31-42) (?-?),Eric Paschall,1,1,trade with Jazz
2022-06-23,Warriors,Hawks,rights to Ryan Rollins,rights to Tyrese Martin; $2M cash,1,2,trade with Hawks
2023-02-09,Warriors,"Blazers, Hawks, Pistons",Gary Payton II; 2026 second round pick (from Hawks) (?-?); 2028 second round pick (from Hawks) (?-?),James Wiseman,3,1,"4-team trade with Blazers, Hawks, Pistons"
2023-06-23,Warriors,Wizards,rights to Trayce Jackson-Davis,cash considerations,1,1,trade with Wizards
2023-07-06,Warriors,Wizards,Chris Paul,"Patrick Baldwin Jr.; Jordan Poole; Ryan Rollins; 2027 second round pick (?-?); 2030 first round pick (first round protected top 20, else second round) (?-?); cash considerations",1,6,trade with Wizards
2024-02-08,Warriors,Pacers,"2024 second round pick (least favorable of (a) least favorable of Cavaliers, Jazz, Pacers picks (b) less favorable of Bulls, Pelicans (c) Bucks pick) (#52-Quinten Post)",Cory Joseph; 2025 second round pick (Hornets pick protected top 55) (not exercised); cash considerations,1,3,trade with Pacers
2024-06-27,Warriors,Thunder,Lindy Waters,rights to Quinten Post,1,1,trade with Thunder
2024-07-06,Warriors,"76ers, Hornets, Mavericks, Nuggets, Timberwolves",Kyle Anderson; Buddy Hield; Timberwolves option to swap 2031 second round picks with Warriors (?-?),Klay Thompson; Timberwolves option to swap 2031 second round picks with Warriors (?-?); cash considerations,3,3,"6-team trade with 76ers, Hornets, Mavericks, Nuggets, Timberwolves"
2024-07-06,Warriors,Blazers,rights to Quinten Post,cash,1,1,trade with Blazers
2024-12-15,Warriors,Nets,Dennis Schröder; 2025 second round pick (Heat pick; protected top 37) (#41-Koby Brea),De'Anthony Melton; Reece Beekman; 2026 second round pick (Hawks pick) (?-?); 2028 second round pick (Hawks pick) (?-?); 2029 second round pick (?-?),2,5,trade with Nets
2025-02-06,Warriors,"Heat, Jazz, Pistons, Raptors",Jimmy Butler,"Andrew Wiggins; Kyle Anderson; Lindy Waters III; 2025 first round pick (protected top 10) (#20-Kasparas Jakucionis); 2031 second round pick (least favorable of Timberwolves, Warriors picks) (?-?)",1,5,"5-team trade with Heat, Jazz, Pistons, Raptors"
2025-07-06,Warriors,"Hawks, Lakers, Nets, Rockets, Suns, Timberwolves",rights to Alex Toohey; rights to Jahmai Mashack,"rights to Koby Brea; 2026 second round pick (second most favorable of 76ers, Mavericks, Thunder picks) (?-?)**",2,2,"7-team trade with Hawks, Lakers, Nets, Rockets, Suns, Timberwolves"
2025-07-06,Warriors,Grizzlies,rights to Will Richard (a),rights to Jahmai Mashack; rights to Justinian Jessup; 2032 second round pick (protected top 50) (?-?),1,3,trade with Grizzlies
2026-02-05,Warriors,Hawks,Kristaps Porzingis,Jonathan Kuminga; Buddy Hield,1,2,trade with Hawks
2026-02-05,Warriors,Raptors,2026 second round pick (Lakers pick) (?-?),Trayce Jackson-Davis,1,1,trade with Raptors
2014-02-20,Rockets,Nuggets,Jordan Hamilton,Aaron Brooks,1,1,trade with Nuggets
2014-06-26,Rockets,Timberwolves,rights to Alessandro Gentile,cash,1,1,trade with Timberwolves
2014-07-13,Rockets,Lakers,rights to Sergei Lishouk / Sergei Lishchuk,"Jeremy Lin; first round pick (protected top 14 in 2015, top 10 in 2016-17, top 5 in 2018-19, top 3 in 2020, unprotected in 2021) (2015 #27-Larry Nance Jr.); 2015 second round pick (protected top 50 and 56-60, else extinguished) (not exercised)",1,3,trade with Lakers
2014-07-14,Rockets,"Pelicans, Wizards","Trevor Ariza; Alonzo Gee; Scotty Hopson; first round pick (from Pelicans) (protected top 3 and 20-30 in 2015-18, top 3 and 25-30 in 2019-20, else 2020 second round pick and 2021 second round pick) (2015 #18-Sam Dekker)",Omer Asik; Omri Casspi; $1.5M cash considerations,4,3,"3-team trade with Pelicans, Wizards"
2014-09-17,Rockets,Kings,Jason Terry; 2015 second round pick (protected #50-60) (#36-Rakeem Christmas); 2016 second round pick (#37-Chinanu Onuaku),Alonzo Gee; Scotty Hopson; trade exception,3,3,trade with Kings
2014-12-19,Rockets,"76ers, Timberwolves",Corey Brewer; Alexey Shved,Troy Daniels; rights to Sergei Lishouk / Sergei Lishchuk; 2015 second round pick (#58-J.P. Tokoto); 2015 second round pick (protected #50-60) (#36-Rakeem Christmas); 2016 second round pick (protected top 45) (not exercised); cash considerations,2,6,"3-team trade with 76ers, Timberwolves"
2015-02-19,Rockets,76ers,K.J. McDaniels,"Isaiah Canaan; 2015 second round pick (less favorable of Nuggets, Timberwolves) (#37-Richaun Holmes)",1,2,trade with 76ers
2015-02-19,Rockets,Knicks,Pablo Prigioni,Alexey Shved; 2017 second round pick (#58-Ognjen Jaramaz); 2019 second round pick (#55-Kyle Guy),1,3,trade with Knicks
2015-07-20,Rockets,Nuggets,Ty Lawson; 2017 second round pick (#43-Isaiah Hartenstein),"Nick Johnson; Kostas Papanikolaou; Pablo Prigioni; Joey Dorsey; 2016 first round pick (protected top 14 in 2016, else 2017 second round pick, cash) (#15-Juancho Hernangomez / Juan Hernangomez); cash considerations",2,6,trade with Nuggets
2016-01-22,Rockets,Clippers,Josh Smith; rights to Sergei Lishouk / Sergei Lishchuk; cash,rights to Maarty Leunen,3,1,trade with Clippers
2016-02-18,Rockets,Pistons (trade later voided),"Joel Anthony; 2016 first round pick (protected top 8 in 2016, top 10 in 2017) (voided)",Donatas Motiejunas; Marcus Thornton (Terrell),2,2,trade with Pistons (trade later voided)
2016-02-18,Rockets,76ers (trade later voided),rights to Chukwudiebere Maduabum / Chu Chu Maduabum,Joel Anthony; 2017 second round pick (not exercised),1,2,trade with 76ers (trade later voided)
2016-02-22,Rockets,Pistons voided by NBA,Donatas Motiejunas; Marcus Thornton (Terrell),"Joel Anthony; 2016 first round pick (protected top 8 in 2016, top 10 in 2017) (voided)",2,2,earlier trade with Pistons voided by NBA
2016-02-22,Rockets,76ers rescinded,Joel Anthony; 2017 second round pick (not exercised),rights to Chukwudiebere Maduabum / Chu Chu Maduabum,2,1,earlier trade with 76ers rescinded
2016-09-22,Rockets,Bucks,Tyler Ennis,Michael Beasley,1,1,trade with Bucks
2017-02-23,Rockets,Lakers,Marcelinho Huertas / Marcelo Huertas,Tyler Ennis; rights to Brad Newley,1,2,trade with Lakers
2017-02-23,Rockets,Nets,cash considerations,K.J. McDaniels,1,1,trade with Nets
2017-02-23,Rockets,Lakers,Louis Williams / Lou Williams,Corey Brewer; 2017 first round pick (#28-Tony Bradley),1,2,trade with Lakers
2017-06-22,Rockets,Grizzlies,"2018 second round pick (least favorable of Grizzlies, Heat, Hornets picks) (#46-De'Anthony Melton)",rights to Dillon Brooks,1,1,trade with Grizzlies
2017-06-28,Rockets,Mavericks,DeAndre Liggins,cash considerations,1,1,trade with Mavericks
2017-06-28,Rockets,Pistons,Darrun Hilliard,cash considerations,1,1,trade with Pistons
2017-06-28,Rockets,Clippers,Chris Paul,"Patrick Beverley; Sam Dekker; Montrezl Harrell; Darrun Hilliard; DeAndre Liggins; Louis Williams / Lou Williams; Kyle Wiltjer; first round pick (protected top 3 in 2018-23, unprotected in 2024) (2018 #30-Omari Spellman); $661K cash",1,9,trade with Clippers
2017-06-28,Rockets,Hawks,Ryan Kelly,cash considerations,1,1,trade with Hawks
2017-06-28,Rockets,Blazers,Tim Quarterman,cash considerations,1,1,trade with Blazers
2017-06-28,Rockets,76ers,Shawn Long,2018 second round pick (#60-Kostas Antetokounmpo); cash considerations,1,2,trade with 76ers
2017-06-29,Rockets,Mavericks,Jarrod Uthoff,cash considerations,1,1,trade with Mavericks
2018-06-21,Rockets,Jazz,rights to Vincent Edwards / Vince Edwards,cash,1,1,trade with Jazz
2018-08-02,Rockets,Mavericks,rights to Maarty Leunen; Mavericks option to swap Warriors 2020 second round pick with Rockets (not exercised),Chinanu Onuaku; Mavericks option to swap Warriors 2020 second round pick with Rockets (not exercised); cash,2,3,trade with Mavericks
2018-08-31,Rockets,Suns,Marquese Chriss; Brandon Knight,Ryan Anderson; rights to De'Anthony Melton,2,2,trade with Suns
2019-01-07,Rockets,Bulls,2020 second round pick (protected top 55) (not exercised),Michael Carter-Williams; cash,1,2,trade with Bulls
2019-01-22,Rockets,Bulls,rights to Tadija Dragicevic,Carmelo Anthony; rights to Jon Diebler; $1.56M cash,1,3,trade with Bulls
2019-02-07,Rockets,Pacers,cash,Nik Stauskas; Wade Baldwin IV; rights to Maarty Leunen; 2021 second round pick (#54-Sandro Mamukelashvili),1,4,trade with Pacers
2019-02-07,Rockets,76ers,Rockets option to swap 2021 second round picks with 76ers (not exercised),James Ennis III; Rockets option to swap 2021 second round picks with 76ers (not exercised),1,2,trade with 76ers
2019-02-07,Rockets,"Cavaliers, Kings",Iman Shumpert; Nik Stauskas; Wade Baldwin IV; 2021 second round pick (from Cavaliers) (#54-Sandro Mamukelashvili),Brandon Knight; Marquese Chriss; 2019 first round pick (#26-Dylan Windler); 2020 second round pick (#52-Kenyon Martin Jr. / K.J. Martin); 2022 second round pick (#31-Andrew Nembhard),4,5,"3-team trade with Cavaliers, Kings"
2019-07-16,Rockets,Thunder,"Russell Westbrook; Thunder option to swap 2021 first round picks (Thunder option of Heat, Thunder picks) with Rockets (Rockets pick protected top 4) (not exercised); Thunder option to swap 2025 first round picks with Rockets (Rockets pick protected top 10) (?-?)","Chris Paul; Thunder option to swap 2021 first round picks (Thunder option of Heat, Thunder picks) with Rockets (Rockets pick protected top 4) (not exercised); draft pick(s) (2024 first round pick protected top 4, else 2025 second round pick) (2024 #12-Nikola Topic); Thunder option to swap 2025 first round picks with Rockets (Rockets pick protected top 10) (?-?); 2026 draft pick (first round protected top 4, else second round) (?-?)",3,5,trade with Thunder
2020-02-05,Rockets,"Hawks, Nuggets, Timberwolves",Robert Covington; Jordan Bell; 2024 second round pick (from Hawks) (protected #56-60) (#44-Pelle Larsson),Clint Capela; Nene / Nene Hilario / Maybyner Hilario; Gerald Green (b. 1986-01-26); 2020 first round pick (#22-Zeke Nnaji),3,4,"4-team trade with Hawks, Nuggets, Timberwolves"
2020-02-06,Rockets,Grizzlies,"Bruno Caboclo; Grizzlies option to swap 2023 second round picks (Heat, Mavericks) with Rockets (protected #31-32) (not exercised)","Jordan Bell; Grizzlies option to swap 2023 second round picks (Heat, Mavericks) with Rockets (protected #31-32) (not exercised)",2,2,trade with Grizzlies
2020-11-22,Rockets,Blazers,"Trevor Ariza; rights to Isaiah Stewart; draft pick (first round pick protected top 14 in 2021-27, else 2027 second round pick) (2021 #23-Usman Garuba)",Robert Covington,3,1,trade with Blazers
2020-11-24,Rockets,Pistons,"Christian Wood; draft pick (first round pick protected top 16 in 2021-22, top 18 in 2023-24, top 13 in 2025, top 11 in 2026, top 9 in 2027, else 2027 second round pick) (2025 #17-Joan Beringer); 2021 second round pick (#52-Luka Garza)",Trevor Ariza; rights to Isaiah Stewart; 2027 second round pick (?-?); cash considerations,3,4,trade with Pistons
2020-11-25,Rockets,Kings,rights to Kenyon Martin Jr. / K.J. Martin,2021 second round pick (#52-Luka Garza); cash,1,2,trade with Kings
2020-11-27,Rockets,Knicks,rights to Issuf Sanon / Yusuf Sanon,Austin Rivers; the rights to Sergio Llull; rights to Tadija Dragicevic; rights to Axel Hervelle,1,4,trade with Knicks
2020-12-02,Rockets,Wizards,"John Wall (Hildred); draft pick(s) (first round pick protected top 14 in 2023, top 12 in 2024, top 10 in 2025, top 8 in 2026, else 2026 second round pick, 2027 second round pick) (?-?)",Russell Westbrook,2,1,trade with Wizards
2021-01-16,Rockets,"Cavaliers, Pacers, Nets","Victor Oladipo; Dante Exum; Rodions Kurucs; Rockets option to swap 2021 first round picks (Blazers, Heat, Pistons, Rockets, Thunder) with Nets (not exercised); 2022 first round pick (from Cavaliers) (#24-MarJon Beauchamp); 2022 first round pick (from Nets) (#17-Tari Eason); Rockets option to swap 2023 first round picks with Nets (not exercised); 2024 first round pick (from Nets) (#3-Reed Sheppard); Rockets option to swap 2025 first round picks (Rockets, Thunder) with Nets (relinquished in subsequent trade); 2026 first round pick (from Nets) (#6-Mikel Brown Jr.); Rockets option to swap 2027 first round picks with Nets (?-?); traded player exception (from Nets)","James Harden; Rockets option to swap 2021 first round picks (Blazers, Heat, Pistons, Rockets, Thunder) with Nets (not exercised); Rockets option to swap 2023 first round picks with Nets (not exercised); 2023 second round pick (Rockets pick if it is #31-32, else least favorable of Heat, Mavericks, Rockets) (#32-Jalen Pickett); Rockets option to swap 2025 first round picks (Rockets, Thunder) with Nets (relinquished in subsequent trade); Rockets option to swap 2027 first round picks with Nets (?-?); traded player exception",12,7,"4-team trade with Cavaliers, Pacers, Nets"
2021-01-22,Rockets,Cavaliers,Kevin Porter Jr.,2024 second round pick (protected top 55) (not exercised),1,1,trade with Cavaliers
2021-03-19,Rockets,Bucks,"D.J. Augustin; D.J. Wilson; Rockets option to swap 2021 second round pick (more favorable of 76ers, Rockets picks) with Bucks 2021 first round pick (#24-Josh Christopher); 2023 first round pick (#30-Kobe Brown)","P.J. Tucker; Rodions Kurucs; Rockets option to swap 2021 second round pick (more favorable of 76ers, Rockets picks) with Bucks 2021 first round pick (#31-Isaiah Todd); 2022 first round pick (#24-MarJon Beauchamp)",4,4,trade with Bucks
2021-03-25,Rockets,Heat,"Kelly Olynyk; Avery Bradley; Rockets option to swap Nets or Rockets 2022 first round pick for Heat) (Heat pick protected top 14 else 2022 second round pick (less favorable of 76ers, Nuggets picks)) (not exercised)","Victor Oladipo; Rockets option to swap Nets or Rockets 2022 first round pick for Heat) (Heat pick protected top 14 else 2022 second round pick (less favorable of 76ers, Nuggets picks)) (not exercised)",3,2,trade with Heat
2021-07-30,Rockets,Thunder,rights to Alperen Sengun,"draft pick (first round pick protected top 16 in 2021-22, top 18 in 2023-24, top 13 in 2025, top 11 in 2026, top 9 in 2027, else 2027 second round pick) (2025 #17-Joan Beringer); draft pick(s) (first round pick protected top 14 in 2023, top 12 in 2024, top 10 in 2025, top 8 in 2026, else 2026 second round pick, 2027 second round pick) (?-?)",1,2,trade with Thunder
2021-08-07,Rockets,Bulls,Daniel Theis,traded player exception; cash,1,2,trade with Bulls
2021-10-06,Rockets,Nets,Sekou Doumbouya; 2024 second round pick (#39-Jaylen Wells),$110K cash,2,1,trade with Nets
2022-02-10,Rockets,Celtics,Dennis Schröder; Enes Freedom / Enes Kanter; Bruno Fernando,Daniel Theis,3,1,trade with Celtics
2022-06-24,Rockets,Mavericks,Sterling Brown; Marquese Chriss; Boban Marjanovic; Trey Burke; rights to Wendell Moore Jr.,Christian Wood,5,1,trade with Mavericks
2022-06-24,Rockets,Timberwolves,rights to TyTy Washington Jr.; 2025 second round pick (#51-Mohamed Diawara); 2027 second round pick (?-?),rights to Wendell Moore Jr.,3,1,trade with Timberwolves
2022-09-29,Rockets,Thunder,"Derrick Favors; Ty Jerome; Theo Maledon; Maurice Harkless / Moe Harkless; 2026 second round pick (second-least favorable of 76ers, Mavericks, Thunder picks) (?-?); cash considerations",David Nwaba; Sterling Brown; Trey Burke; Marquese Chriss,6,4,trade with Thunder
2023-02-09,Rockets,Hawks,Justin Holiday; Frank Kaminsky; 2024 second round pick (#57-Ulrich Chomche); 2025 second round pick (#59-Jahmai Mashack),Garrison Mathews; Bruno Fernando,4,2,trade with Hawks
2023-02-09,Rockets,"Clippers, Grizzlies","John Wall (Hildred); Danny Green; Rockets option to swap 2023 first round picks (Bucks pick) with Clippers (less favorable of Clippers, Thunder protected top 6) (#20-Cam Whitmore)","Eric Gordon; Rockets option to swap 2023 first round picks (Bucks pick) with Clippers (less favorable of Clippers, Thunder protected top 6) (#30-Kobe Brown)",3,2,"3-team trade with Clippers, Grizzlies"
2023-07-06,Rockets,Nets,Patrick Mills / Patty Mills; 2028 second round pick (?-?),future draft considerations (?),2,1,trade with Nets
2023-07-08,Rockets,"Clippers, Grizzlies, Hawks, Thunder","Dillon Brooks; rights to Alpha Kaba; 2026 second round pick (from Clippers) (less favorable of (a) Clippers pick, (b) most favorable of Celtics, Heat, Pacers picks) (?-?); 2027 second round pick (from Clippers) (?-?)",Patrick Mills / Patty Mills; Josh Christopher; Usman Garuba; TyTy Washington Jr.; Kenyon Martin Jr. / K.J. Martin; 2024 second round pick (#42-K.J. Simpson); 2025 second round pick (Timberwolves pick) (#51-Mohamed Diawara); 2028 second round pick (?-?); 2029 second round pick (?-?); 2030 second round pick (?-?),4,10,"5-team trade with Clippers, Grizzlies, Hawks, Thunder"
2023-10-17,Rockets,Thunder,Victor Oladipo; Jeremiah Robinson-Earl,Kevin Porter Jr.; 2027 second round pick (?-?); 2028 second round pick (?-?),2,3,trade with Thunder
2024-02-01,Rockets,Grizzlies,Steven Adams,"Victor Oladipo; 2024 second round pick (more favorable of Nets (protected #55-60), Warriors (protected #56-60) picks) (#39-Jaylen Wells); 2024 second round pick (#57-Ulrich Chomche); 2025 second round pick (more favorable of Rockets, Thunder picks) (#56-Will Richard (a))",1,4,trade with Grizzlies
2024-06-26,Rockets,Nets,"Rockets option to swap 2025 first round picks (Rockets or Thunder pick) with Nets (Suns pick) (?-?); Rockets relinquished right to swap 2025 first round picks (Rockets, Thunder picks) picks with Nets; 2027 first round pick (Suns pick) (?-?); 2029 first round pick (most favorable of Mavericks, Rockets, Suns picks) (?-?); 2029 first round pick (second most favorable of Mavericks, Rockets, Suns picks) (?-?)","Rockets option to swap 2025 first round picks (Rockets or Thunder pick) with Nets (Suns pick) (?-?); Rockets relinquished right to swap 2025 first round picks (Rockets, Thunder picks) picks with Nets; 2026 first round pick (Nets pick) (#6-Mikel Brown Jr.)",5,3,trade with Nets
2024-06-27,Rockets,"Hawks, Heat",A.J. Griffin,rights to Pelle Larsson,1,1,"3-team trade with Hawks, Heat"
2025-02-06,Rockets,Celtics,"Jaden Springer; 2027 second round pick (least favorable of Blazers pick (protected top 55), Pelicans pick (protected top 55)) (?-?); 2030 second round pick (?-?)",2031 second round pick (protected top 55) (?-?),3,1,trade with Celtics
2025-02-06,Rockets,Hawks,Cody Zeller; 2028 second round pick (Rockets pick) (?-?),rights to Alpha Kaba,2,1,trade with Hawks
2025-07-06,Rockets,"Hawks, Lakers, Nets, Suns, Timberwolves, Warriors",Kevin Durant; Clint Capela; Hawks right to swap 2031 second round pick (Hawks pick) for 2031 second round pick (Rockets pick) (?-?),"Jalen Green; Dillon Brooks; David Roddy; rights to Khaman Maluach; rights to Jahmai Mashack; 2026 second round pick (second most favorable of 76ers, Mavericks, Thunder picks) (?-?); 2026 second round pick (least favorable of (a) Clippers pick (b) most favorable of Celtics, Heat, Pacers picks) (?-?); 2030 second round pick (Celtics pick) (?-?); Hawks right to swap 2031 second round pick (Hawks pick) for 2031 second round pick (Rockets pick) (?-?); 2032 second round pick (?-?); cash",3,11,"7-team trade with Hawks, Lakers, Nets, Suns, Timberwolves, Warriors"
2025-07-06,Rockets,"Pelicans, Wizards",rights to Mojave King; 2026 second round pick (from Wizards) (Bulls pick) (?-?); 2029 second-round pick (from Wizards) (Kings pick) (?-?),Cam Whitmore,3,1,"3-team trade with Pelicans, Wizards"
2026-06-24,Rockets,"Clippers, Knicks, Pistons",rights to Bruce Thornton; cash considerations,rights to Jack Kayil; 2029 second round pick (Kings pick) (?-?)**,2,2,"4-team trade with Clippers, Knicks, Pistons"
2026-07-06,Rockets,Hornets,cash considerations,Dorian Finney-Smith; 2027 second round pick (Grizzlies pick) (?-?)**; 2028 second round pick (?-?)**; 2033 second round pick (?-?)**,1,4,trade with Hornets
2014-02-20,Pacers,76ers,Evan Turner; Lavoy Allen,Danny Granger; 2015 second round pick (#60-Luka Mitrovic),2,2,trade with 76ers
2014-06-26,Pacers,Knicks,cash,rights to Louis Labeyrie,1,1,trade with Knicks
2015-07-09,Pacers,Lakers,2019 second round pick (#41-Eric Paschall),Roy Hibbert,1,1,trade with Lakers
2015-07-11,Pacers,Timberwolves,Chase Budinger,Damjan Rudez,1,1,trade with Timberwolves
2015-07-23,Pacers,Cavaliers,rights to Rakeem Christmas,2019 second round pick (#41-Eric Paschall),1,1,trade with Cavaliers
2016-07-07,Pacers,"Hawks, Jazz",Jeff Teague,George Hill,1,1,"3-team trade with Hawks, Jazz"
2016-07-07,Pacers,Nets,Thaddeus Young,"rights to Caris LeVert; second round pick (protected #45-60 in 2017-22, unprotected in 2023) (2021 #44-Kessler Edwards)",1,2,trade with Nets
2016-07-07,Pacers,Mavericks,Jeremy Evans; rights to Emir Preldžic; cash considerations,rights to Stanko Barac,3,1,trade with Mavericks
2017-06-22,Pacers,Pelicans,rights to Edmond Sumner,$1M cash,1,1,trade with Pelicans
2017-07-06,Pacers,Thunder,Victor Oladipo; Domantas Sabonis,Paul George,2,1,trade with Thunder
2017-07-14,Pacers,Raptors,Cory Joseph,rights to Emir Preldžic,1,1,trade with Raptors
2019-02-07,Pacers,Rockets,Nik Stauskas; Wade Baldwin IV; rights to Maarty Leunen; 2021 second round pick (#54-Sandro Mamukelashvili),cash,4,1,trade with Rockets
2019-06-20,Pacers,"Jazz, Warriors",2021 second round pick (from Jazz) (#60-Georgios Kalaitzakis); $1M cash considerations (from Jazz),rights to Jarrell Brantley,2,1,"3-team trade with Jazz, Warriors"
2019-07-06,Pacers,Bucks,Malcolm Brogdon,"first round pick (protected top 14 in 2020-25, unprotected in 2026) (2020 #24-R.J. Hampton); second round pick (one year after Pacers convey second round pick to Nets) (2022 #35-Max Christie); 2025 second round pick (#54-Taelon Peter); traded player exception",1,4,trade with Bucks
2019-07-06,Pacers,"Heat, Suns",T.J. Warren; 2022 second round pick (from Heat) (#56-Luke Travers); 2025 second round pick (from Heat) (#41-Koby Brea); 2026 second round pick (from Heat) (?-?),$1.1M cash,4,1,"3-team trade with Heat, Suns"
2020-11-25,Pacers,Thunder,Jalen Lecque,T.J. Leaf; 2027 second round pick (?-?),1,2,trade with Thunder
2021-01-16,Pacers,"Cavaliers, Nets, Rockets","Caris LeVert; 2023 second round pick (from Rockets) (Rockets pick if it is #31-32, else least favorable of Heat, Mavericks, Rockets) (#32-Jalen Pickett); 2024 second round pick (from Cavaliers) (less favorable of Cavaliers, Jazz) (#49-Tristen Newton); traded player exception (from Rockets picks); cash (from Nets)",Victor Oladipo,5,1,"4-team trade with Cavaliers, Nets, Rockets"
2021-07-30,Pacers,Bucks,rights to Isaiah Todd,"rights to Sandro Mamukelashvili; rights to Georgios Kalaitzakis; 2024 second round pick (more favorable of (a) Pacers pick and (b) less favorable of Cavaliers, Jazz picks) (#46-Cam Christie); 2026 second round pick (more favorable of Heat; Pacers picks) (?-?)",1,5,trade with Bucks
2021-08-06,Pacers,"Lakers, Nets, Spurs, Wizards",rights to Isaiah Jackson,Aaron Holiday; rights to Isaiah Todd; cash,1,3,"5-team trade with Lakers, Nets, Spurs, Wizards"
2021-08-08,Pacers,Spurs,2023 second round pick (protected top 55) (not exercised); Spurs option to swap 2026 second round picks with Pacers (?-?),"Doug McDermott; 2023 second round pick (protected top 55) (not exercised); Spurs option to swap 2026 second round picks with Pacers (less favorable of Heat, Pacers picks) (?-?)",2,3,trade with Spurs
2021-10-06,Pacers,Nets,rights to Juan Pablo Vaulet,Edmond Sumner; 2025 second round pick (Heat pick) (#41-Koby Brea),1,2,trade with Nets
2022-02-07,Pacers,Cavaliers,"Ricky Rubio; 2022 second round pick (#31-Andrew Nembhard); draft pick(s) (first round pick protected top 14 in 2022-23, else 2025 second round pick, 2026 second round pick) (2023 #26-Ben Sheppard); 2027 second round pick (?-?)",Caris LeVert; 2022 second round pick (#56-Luke Travers),4,2,trade with Cavaliers
2022-02-08,Pacers,Kings,Tyrese Haliburton; Buddy Hield; Tristan Thompson,Domantas Sabonis; Justin Holiday; Jeremy Lamb; 2023 second round pick (protected #56-60) (#38-Jordan Walsh),3,4,trade with Kings
2022-02-10,Pacers,Suns,Jalen Smith; 2022 second round pick (#58-Hugo Besson),Torrey Craig; cash considerations,2,2,trade with Suns
2022-06-23,Pacers,Timberwolves,rights to Kendall Brown,"2026 second round pick (least favorable of Heat, Pacers, Spurs picks) (?-?); cash considerations",1,2,trade with Timberwolves
2022-06-23,Pacers,Bucks,$1M cash,rights to Hugo Besson,1,1,trade with Bucks
2022-07-09,Pacers,Celtics,"Aaron Nesmith; Daniel Theis; Malik Fitts; Juwan Morgan; Nik Stauskas; 2023 draft pick (first round pick protected top 12, else second round pick (more favorable of (a) Rockets pick (protected #31-32), (b) less favorable of Heat, Mavericks picks) (2023 #29-Julian Strawther)",Malcolm Brogdon,6,1,trade with Celtics
2023-02-09,Pacers,"Bucks, Nets, Suns","George Hill; Jordan Nwora; Serge Ibaka; 2023 second round pick (from Bucks) (more favorable of (a) Bucks pick and (b) less favorable of Cavaliers, Warriors picks) (#55-Isaiah Wong); 2024 second round pick (from Bucks) (#52-Quinten Post); 2025 second round pick (from Bucks) (Pacers pick) (#54-Taelon Peter); cash (from Nets)",rights to Juan Pablo Vaulet,7,1,"4-team trade with Bucks, Nets, Suns"
2023-06-23,Pacers,"Lakers, Nuggets, Thunder","rights to Mojave King; 2024 first round pick (from Thunder) (least favorable of Clippers, Jazz (protected top 10), Rockets (protected top 4), Thunder, picks) (#29-Isaiah Collier); ~$4.3M cash (from Lakers)",rights to Julian Strawther; rights to Jalen Pickett,3,2,"4-team trade with Lakers, Nuggets, Thunder"
2023-06-24,Pacers,"Suns, Wizards",rights to Jarace Walker; 2028 second round pick (from Suns) (?-?); 2029 second round pick (from Wizards) (?-?),rights to Bilal Coulibaly,3,1,"3-team trade with Suns, Wizards"
2023-07-06,Pacers,Kings,2028 second round pick (?-?); 2030 second round pick (?-?),Chris Duarte,2,1,trade with Kings
2023-07-07,Pacers,Knicks,Obi Toppin,"2028 second round pick (less favorable of Pacers, Suns picks) (?-?); 2029 second round pick (less favorable of Pacers, Wizards picks) (?-?)",1,2,trade with Knicks
2024-01-17,Pacers,"Pelicans, Raptors","Pascal Siakam; 2024 second round pick (from Pelicans) (less favorable of Bulls, Pelicans picks) (#50-Enrique Freeman)","Bruce Brown; Jordan Nwora; draft pick(s) (first round pick protected top 3 in 2024, else 2024 second round pick (least favorable of Cavaliers, Jazz, Pacers picks)) (?-?); 2025 second round pick (2024 #19-Ja'Kobe Walter); 2024 first round pick (least favorable of Clippers, Jazz (protected top 10), Rockets (protected top 4), Thunder picks) (#29-Isaiah Collier); draft pick(s) (first round protected top 4 in 2026-27, else 2027 second round pick (Jazz pick), 2028 second round pick (Mavericks pick)) (2026 #5-Keaton Wagler); cash considerations",2,7,"3-team trade with Pelicans, Raptors"
2024-02-08,Pacers,Warriors,Cory Joseph; 2025 second round pick (Hornets pick protected top 55) (not exercised); cash considerations,"2024 second round pick (least favorable of (a) least favorable of Cavaliers, Jazz, Pacers picks (b) less favorable of Bulls, Pelicans (c) Bucks pick) (#52-Quinten Post)",3,1,trade with Warriors
2024-02-08,Pacers,"76ers, Spurs","Furkan Korkmaz; Doug McDermott; 2024 second round pick (from 76ers) (more favorable of (a) Raptors pick, (b) more favorable of (1) Pacers pick (2) less favorable of Cavaliers, Jazz picks) (#36-Juan Nunez); 2029 second round pick (from 76ers) (?-?); cash considerations (from 76ers)",Buddy Hield; cash,5,2,"3-team trade with 76ers, Spurs"
2024-07-06,Pacers,Spurs,rights to Johnny Furphy,rights to Juan Nunez; cash considerations,1,2,trade with Spurs
2024-12-15,Pacers,Hear,Thomas Bryant; Heat option to swap 2031 second round picks with Pacers (?-?),Heat option to swap 2031 second round picks with Pacers (?-?),2,1,trade with Hear
2025-02-06,Pacers,Raptors,2026 second round pick (protected top 55) (?-?),James Wiseman; cash considerations,1,2,trade with Raptors
2025-06-17,Pacers,Pelicans,2026 first round pick (Pacers pick) (#5-Keaton Wagler),rights to Mojave King; 2025 first round pick (#23-Asa Newell),1,2,trade with Pelicans
2025-07-06,Pacers,Spurs,rights to Kam Jones,2030 second round pick (Kings pick) (?-?); cash considerations,1,2,trade with Spurs
2025-07-06,Pacers,Grizzlies,"Jay Huff; Grizzlies option to swap 2031 second round picks with Pacers (less favorable of Heat, Pacers picks) (?-?)","2029 second round pick (Blazers pick) (?-?); Grizzlies option to swap 2031 second round picks with Pacers (less favorable of Heat, Pacers picks) (?-?)",2,2,trade with Grizzlies
2026-02-05,Pacers,Clippers,Ivica Zubac; Kobe Brown,"Bennedict Mathurin; Isaiah Jackson; first round pick (protected #1-4 and #10-30 in 2026, else 2031 first round pick) (2026 #5-Keaton Wagler); 2028 second round pick (Mavericks pick) (?-?); 2029 first round pick (?-?)",2,5,trade with Clippers
2026-06-24,Pacers,Bulls,rights to Braden Smith; Bulls option to swap second round picks with Pacers (?-?)**; Bulls option to swap second round picks with Pacers (?-?)**,Kam Jones; Bulls option to swap second round picks with Pacers (?-?)**; Bulls option to swap second round picks with Pacers (?-?)**; cash considerations,3,4,trade with Bulls
2014-02-20,Clippers,76ers,2014 second round pick (protected top 40 and #46-60) (not exercised),Byron Mullens / B.J. Mullens; 2018 second round pick (#43-Justin Jackson (Nicholas)),1,2,trade with 76ers
2014-02-20,Clippers,Hawks,rights to Cenk Akyol,Antawn Jamison; cash considerations,1,2,trade with Hawks
2014-08-26,Clippers,Bucks,"Carlos Delfino; Miroslav Raduljica; second round pick (protected #51-60 in 2015, #56-60 in 2016) (2016 #55-Marcus Paige)","Jared Dudley; first round pick (protected top 14 in 2017-19, else 2020 second round pick, 2021 second round pick) (2017 #23-Ogugua Anunoby / O.G. Anunoby)",3,2,trade with Bucks
2015-01-07,Clippers,76ers,rights to Sergei Lishouk / Sergei Lishchuk,Jared Cunningham; rights to Cenk Akyol; cash,1,3,trade with 76ers
2015-01-15,Clippers,"Celtics, Suns",Austin Rivers,Chris Douglas-Roberts; Reggie Bullock; 2017 second round pick (#56-Jabari Bird),1,3,"3-team trade with Celtics, Suns"
2015-06-15,Clippers,Hornets,Lance Stephenson,Spencer Hawes; Matt Barnes,1,2,trade with Hornets
2015-06-25,Clippers,Pelicans,rights to Branden Dawson,cash considerations,1,1,trade with Pelicans
2016-01-22,Clippers,Rockets,rights to Maarty Leunen,Josh Smith; rights to Sergei Lishouk / Sergei Lishchuk; cash,1,3,trade with Rockets
2016-02-18,Clippers,Grizzlies,Jeff Green,"Lance Stephenson; first round pick (at least 2 years after Clippers convey first round pick to Raptors from earlier trade) (protected top 14 in 2019-20, else 2022 second round pick) (2019 #20-Matisse Thybulle)",1,2,trade with Grizzlies
2016-06-23,Clippers,Pelicans,rights to David Michineau; rights to Diamond Stone,rights to Cheick Diallo,2,1,trade with Pelicans
2016-07-15,Clippers,Magic,Roy Devyn Marble / Roy Marble (Devyn); 2020 second round pick (#32-Vernon Carey Jr.),C.J. Wilcox; cash,2,2,trade with Magic
2017-06-22,Clippers,Bucks,rights to Sindarius Thornwell,$2M cash,1,1,trade with Bucks
2017-06-28,Clippers,Rockets,"Patrick Beverley; Sam Dekker; Montrezl Harrell; Darrun Hilliard; DeAndre Liggins; Louis Williams / Lou Williams; Kyle Wiltjer; first round pick (protected top 3 in 2018-23, unprotected in 2024) (2018 #30-Omari Spellman); $661K cash",Chris Paul,9,1,trade with Rockets
2017-07-06,Clippers,"Hawks, Nuggets",Danilo Gallinari,"Jamal Crawford; Diamond Stone; first round pick (protected top 3 in 2018-23, unprotected in 2024) (2018 #30-Omari Spellman); cash",1,4,"3-team trade with Hawks, Nuggets"
2017-07-06,Clippers,76ers,rights to Jawun Evans,cash,1,1,trade with 76ers
2017-09-25,Clippers,Hawks,2018 second round pick (protected top 55) (not exercised),DeAndre Liggins; cash,1,2,trade with Hawks
2018-01-29,Clippers,Pistons,"Tobias Harris; Avery Bradley; Boban Marjanovic; first round pick (protected top 4 in 2018-20, unprotected in 2021) (2018 #12-Miles Bridges); 2019 second round pick (less favorable of (a) Blazers pick and (b) most favorable of Cavaliers, Magic, Rockets pick) (#56-Jaylen Hands)",Blake Griffin; Brice Johnson; Willie Reed,5,3,trade with Pistons
2018-06-21,Clippers,Hornets,rights to Shai Gilgeous-Alexander,rights to Miles Bridges; 2020 second round pick (#32-Vernon Carey Jr.); 2021 second round pick (#56-Scottie Lewis),1,3,trade with Hornets
2018-06-26,Clippers,Wizards,Marcin Gortat,Austin Rivers,1,1,trade with Wizards
2018-07-22,Clippers,Mavericks,Johnathan Motley; rights to Renaldas Seibutis,"rights to Maarty Leunen; $50,000 cash",2,2,trade with Mavericks
2018-08-07,Clippers,Cavaliers,rights to Vladimir Veremeenko,Sam Dekker; rights to Renaldas Seibutis; cash,1,3,trade with Cavaliers
2018-10-15,Clippers,Pelicans,Alexis Ajinca / Alex Ajinca,Wesley Johnson / Wes Johnson,1,1,trade with Pelicans
2019-02-06,Clippers,76ers,"Landry Shamet; Wilson Chandler; Mike Muscala; draft pick(s) (first round pick protected top 14 in 2020-22, else 2023 second round pick, 2024 second round pick (2020 #19-Saddiq Bey); 2021 first round pick (#18-Tre Mann); 2021 second round pick (#32-Jeremiah Robinson-Earl); 2023 second round pick (#31-James Nnaji)",Tobias Harris; Boban Marjanovic; (James) Mike Scott,7,3,trade with 76ers
2019-02-07,Clippers,Lakers,Michael Beasley; Ivica Zubac,Mike Muscala,2,1,trade with Lakers
2019-02-07,Clippers,Grizzlies,Garrett Temple; JaMychal Green,Avery Bradley,2,1,trade with Grizzlies
2019-06-20,Clippers,Nets,rights to Mfiondu Kabengele,"rights to Jaylen Hands; draft pick(s) (first round pick protected top 14 in 2020-22, else 2023 second round pick, 2024 second round pick) (2020 #19-Saddiq Bey)",1,2,trade with Nets
2019-07-06,Clippers,"76ers, Blazers, Heat","Maurice Harkless / Moe Harkless; rights to Mathias Lessort; first round pick (from Heat) (protected top 14 in 2023-25, unprotected in 2026) (2023 #18-Jaime Jaquez Jr.)",$110K cash,3,1,"4-team trade with 76ers, Blazers, Heat"
2019-07-10,Clippers,Thunder,Paul George; Thunder option to swap 2023 first round picks with Clippers (not exercised); Thunder option to swap 2025 first round picks with Clippers (#30-Yanic Konan Niederhauser),"Danilo Gallinari; Shai Gilgeous-Alexander; 2021 first round pick (#18-Tre Mann); 2022 first round pick (#12-Jalen Williams); first round pick (protected top 14 in 2023-25, unprotected in 2026) (2023 #18-Jaime Jaquez Jr.); Thunder option to swap 2023 first round picks with Clippers (not exercised); 2024 first round pick (#26-Dillon Jones); Thunder option to swap 2025 first round pick with Clippers (#24-Nique Clifford); 2026 first round pick (#12-Aday Mara)",3,9,trade with Thunder
2020-02-06,Clippers,Hawks,2022 second round pick (protected top 55) (not exercised),Derrick Walton Jr.; $1.3M cash considerations,1,2,trade with Hawks
2020-02-06,Clippers,"Knicks, Wizards",Isaiah Thomas; Marcus Morris; Knicks option to swap 2021 first round picks with Clippers (protected top 4) (not exercised),Maurice Harkless / Moe Harkless; Jerome Robinson; 2020 first round pick (#27-Udoka Azubuike); Knicks option to swap 2021 first round picks with Clippers (protected top 4) (not exercised); 2021 second round pick (#32-Jeremiah Robinson-Earl),3,5,"3-team trade with Knicks, Wizards"
2020-11-18,Clippers,Timberwolves,rights to Daniel Oturu,rights to Mathias Lessort; 2023 second round pick (#31-James Nnaji),1,2,trade with Timberwolves
2020-11-19,Clippers,"Nets, Pistons",Luke Kennard; Justin Patton; rights to Jay Scrubb; 2023 second round pick (from Pistons) (#35-Julian Phillips); 2024 second round pick (from Pistons) (#31-Jonathan Mogbo); 2025 second round pick (from Pistons) (#47-Bogoljub Markovic); 2026 second round pick (from Pistons) (?-?),Rodney McGruder; Landry Shamet; rights to Reggie Perry; cash,7,4,"3-team trade with Nets, Pistons"
2021-03-22,Clippers,Kings,2022 second round pick (protected #31-54) (not exercised),Mfiondu Kabengele; 2022 second round pick (protected top 55) (not exercised); $2.75M cash,1,3,trade with Kings
2021-03-25,Clippers,Hawks,Rajon Rondo,Louis Williams / Lou Williams; 2023 second round pick (#35-Julian Phillips); 2027 second round pick (?-?); cash considerations,1,4,trade with Hawks
2021-07-29,Clippers,Magic,rights to Jason Preston,2026 second round pick (?-?); cash,1,2,trade with Magic
2021-07-30,Clippers,Knicks,rights to Keon Johnson,rights to Quentin Grimes; 2024 second round pick (#31-Jonathan Mogbo),1,2,trade with Knicks
2021-08-07,Clippers,Pelicans,rights to Brandon Boston Jr. / B.J. Boston Jr.,2022 second round pick (protected #31-54) (not exercised); cash,1,2,trade with Pelicans
2021-08-16,Clippers,Grizzlies,Eric Bledsoe,Patrick Beverley; Rajon Rondo; Daniel Oturu,1,3,trade with Grizzlies
2022-02-04,Clippers,Blazers,Norman Powell; Robert Covington,Eric Bledsoe; Justise Winslow; Keon Johnson; 2025 second round pick (Pistons pick) (#47-Bogoljub Markovic),2,4,trade with Blazers
2022-02-10,Clippers,"Bucks, Kings, Pistons",Rodney Hood; Semi Ojeleye; rights to Vanja Marinkovic,Serge Ibaka; rights to David Michineau; cash considerations,3,3,"4-team trade with Bucks, Kings, Pistons"
2023-02-09,Clippers,"with Lakers, Magic, Nuggets",Nah'Shon Hyland / Bones Hyland,2024 second round pick (#55-Bronny James); 2025 second round pick (#53-John Tonje),1,2,"4-team trade with with Lakers, Magic, Nuggets"
2023-02-09,Clippers,Hornets,Mason Plumlee,Reggie Jackson (Shon); 2028 second round pick (?-?); $1M cash,1,3,trade with Hornets
2023-02-09,Clippers,"Grizzlies, Rockets","Eric Gordon; Rockets option to swap 2023 first round picks (Bucks pick) with Clippers (less favorable of Clippers, Thunder protected top 6) (#30-Kobe Brown); 2024 second round pick (from Grizzlies) (Raptors pick) (#36-Juan Nunez); 2024 second round pick (more favorable of (a) Pacers pick (b) less favorable of Cavaliers, Jazz picks) (#46-Cam Christie); Grizzlies option to swap 2026 second round picks (most favorable of Celtics, Heat, Pacers) with Clippers (?-?); 2027 second round pick (from Grizzlies) (?-?)","John Wall (Hildred); Luke Kennard; Rockets option to swap 2023 first round picks (Bucks pick) with Clippers (less favorable of Clippers, Thunder protected top 6) (#20-Cam Whitmore); Grizzlies option to swap 2026 second round picks (most favorable of Celtics, Heat, Pacers) with Clippers (?-?)",6,4,"3-team trade with Grizzlies, Rockets"
2023-07-08,Clippers,"Grizzlies, Hawks, Rockets, Thunder",Kenyon Martin Jr. / K.J. Martin,"rights to Vanja Marinkovic; 2026 second round pick (less favorable of (a) Clippers pick, (b) most favorable of Celtics, Heat, Pacers picks) (?-?); 2027 second round pick (?-?)",1,3,"5-team trade with Grizzlies, Hawks, Rockets, Thunder"
2023-11-01,Clippers,"76ers, Thunder",James Harden; P.J. Tucker; Filip Petrusev; Thunder option to swap 2027 first round picks picks (Nuggets pick (protected top 5) or Thunder pick) with Clippers (?-?); 76ers option to swap 2029 first round picks with Clippers (from Clippers) (Clippers pick protected top 3) (?-?),"Robert Covington; Nicolas Batum; Kenyon Martin Jr. / K.J. Martin; Marcus Morris; 2024 second round pick (more favorable of (a) Raptors pick, (b) more favorable of (1) Pacers pick (2) less favorable of Cavaliers, Jazz pick) (#36-Juan Nunez); Thunder option to swap 2027 first round picks picks (Nuggets pick (protected top 5) or Thunder pick) with Clippers (?-?); 2028 first round pick (?-?); 76ers option to swap 2029 first round picks with Clippers (Clippers pick protected top 3) (?-?); 2029 second round pick (?-?); cash",5,10,"3-team trade with 76ers, Thunder"
2023-11-09,Clippers,Kings,rights to Luka Mitrovic,Filip Petrusev; cash,1,2,trade with Kings
2024-02-08,Clippers,Nuggets,rights to Ismael Kamagate,cash,1,1,trade with Nuggets
2024-06-30,Clippers,Pistons,rights to Balsa Koprivica,cash considerations,1,1,trade with Pistons
2024-07-18,Clippers,Jazz,Kris Dunn; Jazz option to swap 2030 second round picks with Clippers (not exercised),Russell Westbrook; rights to Balsa Koprivica; Jazz option to swap 2030 second round picks with Clippers (not exercised); cash considerations,2,4,trade with Jazz
2025-02-01,Clippers,Jazz,Drew Eubanks; Patrick Mills / Patty Mills,P.J. Tucker; Mohamed Bamba / Mo Bamba; 2030 second round pick (?-?); cash considerations,2,4,trade with Jazz
2025-02-06,Clippers,Bucks,MarJon Beauchamp,Kevin Porter Jr.,1,1,trade with Bucks
2025-02-06,Clippers,Hawks,Bogdan Bogdanovic; 2025 second round pick (Timberwolves pick) (#51-Mohamed Diawara); 2026 second round pick (Grizzlies pick) (protected #43-60) (?-?); 2027 second round pick (Clippers pick) (?-?),Terance Mann; Nah'Shon Hyland / Bones Hyland,4,2,trade with Hawks
2025-06-26,Clippers,Knicks,rights to Kobe Sanders,rights to Mohamed Diawara; rights to Luka Mitrovic,1,2,trade with Knicks
2025-07-07,Clippers,"Heat, Jazz",John Collins (Martin),Norman Powell; 2027 second round pick (?-?),1,2,"3-team trade with Heat, Jazz"
2026-02-04,Clippers,Cavaliers,Darius Garland; 2026 second round pick (?-?),James Harden,2,1,trade with Cavaliers
2026-02-05,Clippers,Pacers,"Bennedict Mathurin; Isaiah Jackson; first round pick (protected #1-4 and #10-30 in 2026, else 2031 first round pick) (2026 #5-Keaton Wagler); 2028 second round pick (Mavericks pick) (?-?); 2029 first round pick (?-?)",Ivica Zubac; Kobe Brown,5,2,trade with Pacers
2026-02-05,Clippers,"Nets, Raptors",rights to Vanja Marinkovic,Chris Paul; $3.5M cash considerations,1,2,"3-team trade with Nets, Raptors"
2026-06-24,Clippers,Hawks,rights to Narcisse Ngoy; cash considerations,Henri Veesaar,2,1,trade with Hawks
2026-06-24,Clippers,"Knicks, Pistons, Rockets",rights to Nick Martinelli,cash considerations,1,1,"4-team trade with Knicks, Pistons, Rockets"
2026-07-08,Clippers,"Bucks, Grizzlies, Mavericks, Pistons, Wizards",2028 second round pick (from Pistons) (protected top 55) (?-?)**,John Collins (Martin),1,1,"6-team trade with Bucks, Grizzlies, Mavericks, Pistons, Wizards"
2026-07-28,Clippers,76ers,"Johni Broome; 2027 second round pick (second-most favorable of (a) 76ers pick, (b) more favorable of Suns, Warriors picks, (c) most favorable of Heat, Pacers, Rockets, Thunder picks) (?-?)",cash considerations,2,1,trade with 76ers
2014-02-19,Lakers,Warriors,Kent Bazemore; MarShon Brooks,Steve Blake,2,1,trade with Warriors
2014-06-26,Lakers,Wizards,rights to Jordan Clarkson,cash,1,1,trade with Wizards
2014-07-13,Lakers,Rockets,"Jeremy Lin; first round pick (protected top 14 in 2015, top 10 in 2016-17, top 5 in 2018-19, top 3 in 2020, unprotected in 2021) (2015 #27-Larry Nance Jr.); 2015 second round pick (protected top 50 and 56-60, else extinguished) (not exercised)",rights to Sergei Lishouk / Sergei Lishchuk,3,1,trade with Rockets
2015-07-09,Lakers,Pacers,Roy Hibbert,2019 second round pick (#41-Eric Paschall),1,1,trade with Pacers
2016-07-07,Lakers,Bulls,Jose Calderon; 2018 second round pick (#47-Sviatoslav Mykhailiuk / Svi Mykhailiuk); 2019 second round pick (#34-Bruno Fernando),rights to Ater Majok,3,1,trade with Bulls
2017-02-23,Lakers,Rockets,Tyler Ennis; rights to Brad Newley,Marcelinho Huertas / Marcelo Huertas,2,1,trade with Rockets
2017-02-23,Lakers,Rockets,Corey Brewer; 2017 first round pick (#28-Tony Bradley),Louis Williams / Lou Williams,2,1,trade with Rockets
2017-06-22,Lakers,Jazz,rights to Josh Hart; rights to Thomas Bryant,rights to Tony Bradley,2,1,trade with Jazz
2017-06-22,Lakers,Nets,Brook Lopez; rights to Kyle Kuzma,D'Angelo Russell; Timofey Mozgov,2,2,trade with Nets
2018-02-08,Lakers,Cavaliers,"Isaiah Thomas; Channing Frye; draft pick (protected top 3 in 2018, top 10 in 2023, else 2023 second round pick) (2018 #25-Moritz Wagner / Moe Wagner)",Jordan Clarkson; Larry Nance Jr.,3,2,trade with Cavaliers
2018-07-06,Lakers,76ers,rights to Isaac Bonga,2019 second round pick (#34-Bruno Fernando); cash,1,2,trade with 76ers
2019-02-06,Lakers,Pistons,Reggie Bullock,Sviatoslav Mykhailiuk / Svi Mykhailiuk; 2021 second round pick (#52-Luka Garza),1,2,trade with Pistons
2019-02-07,Lakers,Clippers,Mike Muscala,Michael Beasley; Ivica Zubac,1,2,trade with Clippers
2019-06-20,Lakers,Magic,rights to Talen Horton-Tucker,2020 second round pick (#58-Paul Reed); $2.2M cash considerations,1,2,trade with Magic
2019-07-06,Lakers,"Pelicans, Wizards",Anthony Davis; Pelicans option to swap 2023 first round picks with Lakers (not exercised),"Lonzo Ball; Josh Hart; Brandon Ingram; Isaac Bonga; Jemerrio Jones; Moritz Wagner; rights to De'Andre Hunter; first round pick (protected #8-30 in 2021, unprotected in 2022) (2022 #8-Dyson Daniels); first round pick (from Lakers) (Pelicans option of Lakers 2024 or 2025 pick) (2025 #22-Drake Powell); Pelicans option to swap 2023 first round picks with Lakers (not exercised); 2022 second round pick (#38-Kennedy Chandler); $1M cash",2,12,"3-team trade with Pelicans, Wizards"
2020-11-19,Lakers,Thunder,Dennis Schröder,Danny Green; rights to Jaden McDaniels; traded player exception,1,3,trade with Thunder
2020-11-23,Lakers,Cavaliers,Alfonzo McKinnie; Jordan Bell,JaVale McGee; 2026 second round pick (?-?),2,2,trade with Cavaliers
2021-08-06,Lakers,"Nets, Pacers, Spurs, Wizards","Russell Westbrook; 2023 second round pick (from Wizards) (#42-Tristan Vukcevic); 2024 second round pick (from Wizards) (less favorable of Grizzlies, Wizards picks) (#37-Bobi Klintman); 2028 second round pick (from Wizards) (?-?)",Kentavious Caldwell-Pope; Kyle Kuzma; Montrezl Harrell; rights to Isaiah Jackson,4,4,"5-team trade with Nets, Pacers, Spurs, Wizards"
2021-09-10,Lakers,Grizzlies,rights to Wang Zhelin,Marc Gasol; 2024 second round pick (#48-Harrison Ingram); $250K cash,1,3,trade with Grizzlies
2022-01-03,Lakers,"Cavaliers, Knicks",rights to Louis Labeyrie,Rajon Rondo; rights to Wang Zhelin; rights to Brad Newley; cash considerations,1,4,"3-team trade with Cavaliers, Knicks"
2022-06-23,Lakers,Magic,2022 second round pick (#35-Max Christie),"2028 second round pick (more favorable of Lakers, Wizards picks (?-?); $2.15M cash",1,2,trade with Magic
2022-08-25,Lakers,Jazz,Patrick Beverley,Talen Horton-Tucker; Stanley Johnson,1,2,trade with Jazz
2023-01-23,Lakers,Wizards,Rui Hachimura,"Kendrick Nunn; 2023 second round pick (Bulls pick) (#42-Tristan Vukcevic); 2028 second round pick (less favorable of Lakers, Wizards) (?-?); 2029 second round pick (Lakers) (?-?)",1,4,trade with Wizards
2023-02-09,Lakers,"Jazz, Timberwolves",D'Angelo Russell; Malik Beasley; Jarred Vanderbilt,"Russell Westbrook; Juan Toscano-Anderson; Damian Jones; 2024 second round pick less favorable of Grizzlies; Wizards picks (#37-Bobi Klintman); 2027 draft pick (first round pick protected top 4, else second round pick)",3,6,"3-team trade with Jazz, Timberwolves"
2023-02-09,Lakers,"Clippers, Magic, Nuggets",Mohamed Bamba / Mo Bamba; Davon Reed; 2024 second round pick (from Clippers) (#55-Bronny James); 2025 second round pick (from Clippers) (#53-John Tonje),Patrick Beverley; Thomas Bryant,4,2,"4-team trade with Clippers, Magic, Nuggets"
2023-06-23,Lakers,"Nuggets, Pacers, Thunder",rights to Maxwell Lewis,rights to Mojave King; ~$4.3M cash,1,2,"4-team trade with Nuggets, Pacers, Thunder"
2024-12-29,Lakers,Nets,Dorian Finney-Smith; Shake Milton,D'Angelo Russell; Maxwell Lewis; 2027 conditional second round pick (if Lakers 2027 first round pick is not in top 4) (?-?); 2030 second round pick (?-?); 2031 second round pick (?-?),2,5,trade with Nets
2025-02-02,Lakers,"Jazz, Mavericks",Luka Doncic; Maximilian Kleber / Maxi Kleber; Markieff Morris; cash (from Jazz),Anthony Davis; Max Christie; Jalen Hood-Schifino; 2025 second round pick (Clippers pick) (#53-John Tonje); 2029 first round pick (?-?),4,5,"3-team trade with Jazz, Mavericks"
2025-07-06,Lakers,"Hawks, Nets, Rockets, Suns, Timberwolves, Warriors",rights to Adou Thiero; cash (from ?),rights to Rocco Zikarsky; cash,2,2,"7-team trade with Hawks, Nets, Rockets, Suns, Timberwolves, Warriors"
2026-02-05,Lakers,Hawks,Luke Kennard,Gabe Vincent; 2032 second round pick (?-?),1,2,trade with Hawks
2026-06-24,Lakers,"Knicks, Mavericks, Suns",rights to Cameron Carr,rights to Sergio De Larrea; cash considerations,1,2,"4-team trade with Knicks, Mavericks, Suns"
2026-06-24,Lakers,Bulls,rights to Vsevolod Ishchenko,cash,1,1,trade with Bulls
2026-06-24,Lakers,Mavericks,cash,rights to Vsevolod Ishchenko; cash,1,2,trade with Mavericks
2026-07-07,Lakers,Wizards,Jaden Hardy; 2031 second round pick (?-?); 2032 second round pick (?-?),DeAndre Ayton,3,1,trade with Wizards
2026-07-08,Lakers,Jazz,Walker Kessler; Jazz option to swap 2028 first round picks with Lakers (?-?); Jazz option to swap 2030 first round picks with Lakers (?-?),Jazz option to swap 2028 first round picks with Lakers (?-?); Jazz option to swap 2030 first round picks with Lakers (?-?); 2031 first round pick (?-?); 2033 first round pick (?-?),3,4,trade with Jazz
2014-01-07,Grizzlies,"Celtics, Thunder",Courtney Lee; 2016 second round pick (from Celtics) (#52-Joel Bolomboy); cash considerations,"Jerryd Bayless; 2014 second round pick (protected top 50 and 56-60, else extinguished) (not exercised); second round pick (protected top 35 in 2017, unprotected in 2018) (2017 #49-Vlatko Cancar)",3,3,"3-team trade with Celtics, Thunder"
2014-06-26,Grizzlies,Jazz,rights to Jarnell Stokes,"2016 second round pick (more favorable of Celtics, Raptors picks) (#52-Joel Bolomboy)",1,1,trade with Jazz
2015-01-12,Grizzlies,"Celtics, Pelicans",Jeff Green; Russ Smith; trade exception,"Tayshaun Prince; Quincy Pondexter; first round pick (at least 2 years after Grizzlies convey a first round pick to Cavaliers from prior trade) (protected top 10 in 2017, top 12 in 2018, top 8 in 2019, top 6 in 2020, unprotected in 2021) (2020 #14-Aaron Nesmith); 2015 second round pick (#56-Branden Dawson)",3,4,"3-team trade with Celtics, Pelicans"
2015-06-24,Grizzlies,Magic,Luke Ridnour,rights to Janis Timma,1,1,trade with Magic
2015-06-25,Grizzlies,Hornets,Matt Barnes,Luke Ridnour,1,1,trade with Hornets
2015-06-25,Grizzlies,Suns,rights to Andrew Harrison,Jon Leuer,1,1,trade with Suns
2015-11-10,Grizzlies,Heat,Mario Chalmers; James Ennis III,Beno Udrih; Jarnell Stokes,2,2,trade with Heat
2016-02-16,Grizzlies,"Heat, Hornets","P.J. Hairston; Chris Andersen; 2018 second round pick (from Hornets) (#41-Jarred Vanderbilt); second round pick (from Heat) (protected #41-60 in 2017, unprotected in 2018) (2018 #46-De'Anthony Melton); 2019 second round pick (from Heat) (protected top 55) (not exercised); 2019 second round pick (from Hornets) (#46-Talen Horton-Tucker)",Courtney Lee; cash,6,2,"3-team trade with Heat, Hornets"
2016-02-18,Grizzlies,Clippers,"Lance Stephenson; first round pick (at least 2 years after Clippers convey first round pick to Raptors from earlier trade) (protected top 14 in 2019-20, else 2022 second round pick) (2019 #20-Matisse Thybulle)",Jeff Green,2,1,trade with Clippers
2016-06-23,Grizzlies,Celtics,rights to Deyonta Davis; rights to Rade Zagorac,"first round pick (at least 2 years after Clippers convey first round pick to Raptors from earlier trade) (protected top 14 in 2019-20, else 2022 second round pick) (2019 #20-Matisse Thybulle)",2,1,trade with Celtics
2016-07-12,Grizzlies,Hornets,Troy Daniels,cash; traded player exception,1,2,trade with Hornets
2017-06-22,Grizzlies,Rockets,rights to Dillon Brooks,"2018 second round pick (least favorable of Grizzlies, Heat, Hornets picks) (#46-De'Anthony Melton)",1,1,trade with Rockets
2017-06-22,Grizzlies,Magic,rights to Ivan Rabb,2019 second round pick (#46-Talen Horton-Tucker),1,1,trade with Magic
2017-09-22,Grizzlies,Suns,2018 second round pick (protected top 55) (not exercised),"Troy Daniels; 2018 second round pick (second least favorable of Grizzlies, Heat, Hornets picks) (#41-Jarred Vanderbilt)",1,2,trade with Suns
2018-02-08,Grizzlies,Pistons,"Brice Johnson; 2022 second round pick (less favorable of Bulls, Pistons picks) (#49-Isaiah Mobley)",James Ennis III,2,1,trade with Pistons
2018-07-17,Grizzlies,Kings,Garrett Temple,Ben McLemore; Deyonta Davis; 2021 second round pick (#46-Dalano Banton); $1.5M cash,1,4,trade with Kings
2018-07-23,Grizzlies,Magic,Dakari Johnson; rights to Tyler Harvey,Jarell Martin; cash,2,2,trade with Magic
2019-01-03,Grizzlies,Bulls,Justin Holiday,MarShon Brooks; Wayne Selden Jr.; 2019 second round pick (#38-Daniel Gafford); 2020 second round pick (#44-Marko Simonovic),1,4,trade with Bulls
2019-02-07,Grizzlies,Hawks,Tyler Dorsey,Shelvin Mack,1,1,trade with Hawks
2019-02-07,Grizzlies,Clippers,Avery Bradley,Garrett Temple; JaMychal Green,1,2,trade with Clippers
2019-02-07,Grizzlies,Raptors,Jonas Valanciunas; Delon Wright; C.J. Miles; 2024 second round pick (#36-Juan Nunez),Marc Gasol,4,1,trade with Raptors
2019-07-06,Grizzlies,Thunder,rights to Brandon Clarke,rights to Darius Bazley; 2024 second round pick (#37-Bobi Klintman),1,2,trade with Thunder
2019-07-06,Grizzlies,Wizards,Dwight Howard; traded player exception,C.J. Miles,2,1,trade with Wizards
2019-07-06,Grizzlies,Jazz,"Grayson Allen; Jae Crowder; Kyle Korver; rights to Darius Bazley; draft pick(s) (first round pick protected top 7, #15-30 in 2020-21, top 6 in 2022, top 3 in 2023, top 1 in 2024, else 2025 second round pick, 2026 second round pick) (2022 #22-Walker Kessler); traded player exception",Mike Conley Jr.,6,1,trade with Jazz
2019-07-07,Grizzlies,Hawks,Solomon Hill; Miles Plumlee,Chandler Parsons,2,1,trade with Hawks
2019-07-07,Grizzlies,Suns,Josh Jackson; De'Anthony Melton; 2020 second round pick (#40-Robert Woodard II); 2021 second round pick (protected #36-60) (not exercised),Jevon Carter; Kyle Korver,4,2,trade with Suns
2019-07-07,Grizzlies,Warriors,"Andre Iguodala; first round pick (protected top 4 in 2024, top 1 in 2025, unprotected in 2026) (2024 #14-Carlton Carrington / Bub Carrington); $2M cash",Julian Washburn,3,1,trade with Warriors
2019-07-08,Grizzlies,Mavericks,"rights to Satnam Singh / Satnam Singh Bhamara; 2021 second round pick (#51-Brandon Boston Jr. / B.J. Boston Jr.); 2023 second round pick (less favorable of Heat, Mavericks picks) (#50-Keyontae Johnson); traded player exception",Delon Wright,4,1,trade with Mavericks
2020-02-06,Grizzlies,"Heat, Timberwolves",Dion Waiters; Justise Winslow; Gorgui Dieng,Andre Iguodala; Jae Crowder; Solomon Hill,3,3,"3-team trade with Heat, Timberwolves"
2020-02-06,Grizzlies,Rockets,"Jordan Bell; Grizzlies option to swap 2023 second round picks (Heat, Mavericks) with Rockets (protected #31-32) (not exercised)","Bruno Caboclo; Grizzlies option to swap 2023 second round picks (Heat, Mavericks) with Rockets (protected #31-32) (not exercised)",2,2,trade with Rockets
2020-11-18,Grizzlies,Kings,rights to Xavier Tillman,"rights to Robert Woodard II; 2022 second round pick (less favorable of Bulls, Pistons picks) (#49-Isaiah Mobley)",1,2,trade with Kings
2020-11-20,Grizzlies,"Blazers, Celtics",Mario Hezonja; rights to Desmond Bane,"2023 second round pick (more favorable of (a) Rockets pick (protected #31-32), (b) less favorable of Heat, Mavericks picks) (#50-Keyontae Johnson); 2025 second round pick (#50-Kobe Sanders)",2,2,"3-team trade with Blazers, Celtics"
2021-08-07,Grizzlies,"Hornets, Pelicans","Steven Adams; Eric Bledsoe; rights to Ziaire Williams; rights to Jared Butler; draft pick(s) (from Pelicans) (2022 first round pick (protected top 10), else 2022 second round pick, 2025 second round pick) (2022 #47-Vince Williams Jr.) (2025 #34-Ryan Kalkbrenner)",Jonas Valanciunas; rights to Trey Murphy III; rights to Brandon Boston Jr. / B.J. Boston Jr.; rights to Tyler Harvey,5,4,"3-team trade with Hornets, Pelicans"
2021-08-07,Grizzlies,Jazz,rights to Santi Aldama,rights to Jared Butler; 2022 second round pick (#57-Jabari Walker); 2026 second round pick (protected #43-60) (?-?),1,3,trade with Jazz
2021-08-07,Grizzlies,Bucks,"Sam Merrill; 2024 second round pick (more favorable of (a) Pacers pick (b) less favorable of Cavaliers, Jazz picks) (#46-Cam Christie); 2026 second round pick (more favorable of Heat, Pacers picks) (?-?)",Grayson Allen; cash,3,2,trade with Bucks
2021-08-16,Grizzlies,Clippers,Patrick Beverley; Rajon Rondo; Daniel Oturu,Eric Bledsoe,3,1,trade with Clippers
2021-08-25,Grizzlies,Timberwolves,Jarrett Culver; Juancho Hernangomez / Juan Hernangomez,Patrick Beverley,2,1,trade with Timberwolves
2021-09-10,Grizzlies,Lakers,Marc Gasol; 2024 second round pick (#48-Harrison Ingram); $250K cash,rights to Wang Zhelin,3,1,trade with Lakers
2021-09-15,Grizzlies,Celtics,"Kris Dunn; Carsen Edwards; Grizzlies option to swap 2026 second round picks (more favorable of Heat, Pacers pick) with Celtics (?-?)","Juancho Hernangomez / Juan Hernangomez; Grizzlies option to swap 2026 second round picks (more favorable of Heat, Pacers pick) with Celtics (?-?)",3,2,trade with Celtics
2022-06-23,Grizzlies,Spurs,rights to Kennedy Chandler,2024 second round pick (#48-Harrison Ingram); $1M cash,1,2,trade with Spurs
2022-06-24,Grizzlies,Timberwolves,rights to Jake LaRavia; 2023 second round pick (#45-Gregory Jackson II / G.G. Jackson),rights to Walker Kessler; rights to TyTy Washington Jr.,2,2,trade with Timberwolves
2022-06-24,Grizzlies,76ers,Danny Green; rights to David Roddy,De'Anthony Melton,2,1,trade with 76ers
2023-02-09,Grizzlies,"Clippers, Rockets",Luke Kennard; Grizzlies option to swap 2026 second round picks most favorable of Celtics; Heat; Pacers) with Clippers (?-?),"Danny Green; 2024 second round pick (Raptors pick) (#36-Juan Nunez); 2024 second round pick (more favorable of (a) Pacers pick (b) less favorable of Cavaliers, Jazz picks) (#46-Cam Christie); Grizzlies option to swap 2026 second round picks (most favorable of Celtics, Heat, Pacers) with Clippers (?-?); 2027 second round pick (?-?)",4,5,"3-team trade with Clippers, Rockets"
2023-06-23,Grizzlies,"Celtics, Wizards",Marcus Smart,"Tyus Jones; rights to Marcus Sasser; 2024 first round pick (from Grizzlies) (Warriors pick protected top 4 in 2024, top 1 in 2025, unrotected in 2026) (2024 #14-Carlton Carrington / Bub Carrington)",1,3,"3-team trade with Celtics, Wizards"
2023-07-08,Grizzlies,"Clippers, Hawks, Rockets, Thunder",Josh Christopher; rights to Vanja Marinkovic,Dillon Brooks,2,1,"5-team trade with Clippers, Hawks, Rockets, Thunder"
2023-07-11,Grizzlies,Suns,"Isaiah Todd; Grizzlies option to swap 2024 first round picks with Suns (less favorable of Suns, Wizards picks) (not exercised); Grizzlies option to swap 2030 first round picks with Suns (less favorable of Suns, Wizards picks) (?-?)","Grizzlies option to swap 2024 first round picks with Suns (less favorable of Suns, Wizards picks) (not exercised); 2025 second round pick (Pelicans pick) (#34-Ryan Kalkbrenner); 2028 second round pick (?-?); 2029 second round pick (?-?); Grizzlies option to swap 2030 first round picks with Suns (less favorable of Suns, Wizards picks) (?-?)",3,5,trade with Suns
2024-02-01,Grizzlies,Rockets,"Victor Oladipo; 2024 second round pick (more favorable of Nets (protected #55-60), Warriors (protected #56-60) picks) (#39-Jaylen Wells); 2024 second round pick (#57-Ulrich Chomche); 2025 second round pick (more favorable of Rockets, Thunder picks) (#56-Will Richard (a))",Steven Adams,4,1,trade with Rockets
2024-02-07,Grizzlies,Celtics,Lamar Stevens; 2027 second round pick (?-?); 2030 second round pick (?-?),Xavier Tillman,3,1,trade with Celtics
2024-02-08,Grizzlies,"Nets, Suns",Chimezie Metu; Yuta Watanabe,David Roddy; rights to Vanja Marinkovic,2,2,"3-team trade with Nets, Suns"
2024-07-07,Grizzlies,"Pistons, Raptors, Timberwolves",rights to Cam Spencer,rights to Ulrich Chomche; 2030 second round pick (protected top 50) (?-?),1,2,"4-team trade with Pistons, Raptors, Timberwolves"
2024-07-19,Grizzlies,Nets,Mamadi Diakite; rights to Nemanja Dangubic,Ziaire Williams; 2030 second round pick (Mavericks pick) (?-?),2,2,trade with Nets
2025-02-06,Grizzlies,"Kings, Wizards","Marvin Bagley III; Johnny Davis (Christian); 2025 second round pick (from Wizards) (probably least favorable of Pistons, Suns, Warriors picks) (#48-Javon Small)*; 2028 second round pick (from Kings) (?-?)",Marcus Smart; Jake LaRavia; 2025 first round pick (#18-Walter Clayton Jr.),4,3,"3-team trade with Kings, Wizards"
2025-06-15,Grizzlies,Magic,"Cole Anthony; Kentavious Caldwell-Pope; 2025 first round pick (#16-Yang Hansen / Hansen Yang); 2026 first round pick (more favorable of (a) Magic pick, (b) less favorable of Suns, Wizards picks) (#16-Bennett Stirtz); 2028 first round pick (?-?); Grizzlies option to swap 2029 first round picks with Magic (?-?); 2030 first round pick (?-?)",Desmond Bane; Grizzlies option to swap 2029 first round picks with Magic (?-?),7,2,trade with Magic
2025-06-25,Grizzlies,Blazers,rights to Cedric Coward,rights to Yang Hansen / Hansen Yang; 2027 second round pick (Hawks pick) (?-?); 2028 first round pick (Magic pick) (?-?); 2028 second round pick (Kings pick) (?-?),1,4,trade with Blazers
2025-07-06,Grizzlies,Pacers,"2029 second round pick (Blazers pick) (?-?); Grizzlies option to swap 2031 second round picks with Pacers (less favorable of Heat, Pacers picks) (?-?)","Jay Huff; Grizzlies option to swap 2031 second round picks with Pacers (less favorable of Heat, Pacers picks) (?-?)",2,2,trade with Pacers
2025-07-06,Grizzlies,Warriors,rights to Jahmai Mashack; rights to Justinian Jessup; 2032 second round pick (protected top 50) (?-?),rights to Will Richard (a),3,1,trade with Warriors
2026-02-03,Grizzlies,Jazz,"Walter Clayton Jr.; Kyle Anderson; Taylor Hendricks; Georges Niang; 2027 draft pick (Lakers pick; first round pick protected top 4, else second round pick) (?-?); 2027 first round pick (most favorable of Cavaliers, Jazz, Timberwolves picks) (?-?); 2031 first round pick (Suns pick) (?-?)",Jaren Jackson Jr.; Vince Williams Jr.; John Konchar; Jock Landale,7,4,trade with Jazz
2026-02-05,Grizzlies,76ers,Eric Gordon; 76ers option to swap 2032 second round picks with Grizzlies (?-?),Justinian Jessup; 76ers option to swap 2032 second round picks with Grizzlies (?-?),2,2,trade with 76ers
2026-06-24,Grizzlies,"Pistons, Thunder",rights to Karim Lopez; second round pick (from Thunder) (?-?)**; second round pick (from Thunder) (?-?)**; second round pick (from Pistons) (?-?)**; second round pick (from Pistons) (?-?)**; second round pick (from Pistons) (?-?)**,rights to Bennett Stirtz,6,1,"3-team trade with Pistons, Thunder"
2026-06-29,Grizzlies,Blazers,Jerami Grant; Kris Murray,Ja Morant,2,1,trade with Blazers
2026-07-08,Grizzlies,"Bucks, Clippers, Mavericks, Pistons, Wizards",A.J. Johnson; D'Angelo Russell; Isaiah Stewart; 2029 second round pick (from Mavericks) (?-?)**; 2029 second round pick (from Wizards) (?-?)**; first round pick (from Mavericks) (protected top 20 in 2030) (?-?)**; Grizzlies option to swap 2032 second round picks with Wizards) (from Wizards) (?-?)**; 2033 second round pick (from Wizards) (?-?)**,"Santi Aldama; rights to Tarik Biberovic; 2029 second round pick (second most favorable of Bucks, Knicks, Pistons picks) (?-?)**; 2031 second round pick (?-?)**; 2032 second round pick (?-?)**; Grizzlies option to swap 2032 second round picks with Wizards) (?-?)**",8,6,"6-team trade with Bucks, Clippers, Mavericks, Pistons, Wizards"
2014-01-15,Heat,"Celtics, Warriors",Toney Douglas,"Joel Anthony; first round pick (protected top 14 in 2013-15, else 2015 second round pick, 2016 second round pick) (2015 #33-Jordan Mickey) (2016 #31-Deyonta Davis); 2016 second round pick (#51-Ben Bentil); cash",1,4,"3-team trade with Celtics, Warriors"
2014-02-20,Heat,Kings,2015 second round pick (protected #31-49 and #56-60) (not exercised),Roger Mason Jr.; cash considerations,1,2,trade with Kings
2014-06-26,Heat,Hornets,rights to Shabazz Napier,rights to P.J. Hairston; rights to Semaj Christon; 2019 second round pick (#43-Jaylen Nowell); cash,1,4,trade with Hornets
2015-02-19,Heat,"Pelicans, Suns",Goran Dragic; Zoran Dragic,"Danny Granger; Norris Cole (Gene); Justin Hamilton (Anthony); Shawne Williams; first round pick (in first draft 2 years after Heat convey first round pick to Cavaliers from ealier trade, protected top 7 in 2017-18, unprotected in 2019) (2018 #16-Zhaire Smith); 2021 first round pick (#18-Tre Mann)",2,6,"3-team trade with Pelicans, Suns"
2015-07-27,Heat,Magic,"2016 second round pick (protected top 55 in 2016, else extinguished) (not exercised)",Shabazz Napier; cash considerations,1,2,trade with Magic
2015-07-27,Heat,Celtics,2019 second round pick (protected top 55 in 2019) (not exercised),Zoran Dragic; 2020 second round pick (#50-Skylar Mays); cash,1,3,trade with Celtics
2015-11-10,Heat,Grizzlies,Beno Udrih; Jarnell Stokes,Mario Chalmers; James Ennis III,2,2,trade with Grizzlies
2016-02-16,Heat,"Grizzlies, Hornets",Brian Roberts,"Chris Andersen; second round pick (protected #41-60 in 2017, unprotected in 2018) (2018 #46-De'Anthony Melton); 2019 second round pick (protected top 55) (not exercised)",1,3,"3-team trade with Grizzlies, Hornets"
2016-02-18,Heat,Pelicans,"2018 second round pick (protected top 55, subsequent trade of this pick back to Pelicans effectively removed protection) (#51-Tony Carr (Gregory))",Jarnell Stokes; $700K cash,1,2,trade with Pelicans
2016-02-18,Heat,Blazers,cash considerations,Brian Roberts; 2021 second round pick (#48-Sharife Cooper),1,2,trade with Blazers
2016-07-10,Heat,Pelicans,Luke Babbitt,2018 second round pick (#51-Tony Carr (Gregory)); cash,1,2,trade with Pelicans
2017-07-07,Heat,Mavericks,A.J. Hammons,Josh McRoberts; 2023 second round pick (#50-Keyontae Johnson); $5.1M cash,1,3,trade with Mavericks
2018-02-08,Heat,Hawks,Luke Babbitt,Okaro White,1,1,trade with Hawks
2018-02-08,Heat,Cavaliers,Dwyane Wade,2024 second round pick (protected top 55) (not exercised),1,1,trade with Cavaliers
2019-02-06,Heat,Suns,Ryan Anderson,Tyler Johnson; Wayne Ellington; cash,1,3,trade with Suns
2019-06-19,Heat,Hawks,2019 second round pick (#44-Bol Bol),2024 second round pick (protected #31-50 and #56-60) (not exercised); $1.9M cash,1,2,trade with Hawks
2019-06-20,Heat,Nuggets,"2022 second round pick (less favorable of 76ers, Nuggets picks) (pick forfeited); $1.2M cash considerations",rights to Bol Bol,2,1,trade with Nuggets
2019-07-06,Heat,"Pacers, Suns",rights to K.Z. Okpala,2022 second round pick (#56-Luke Travers); 2025 second round pick (#41-Koby Brea); 2026 second round pick (?-?),1,3,"3-team trade with Pacers, Suns"
2019-07-06,Heat,"76ers, Blazers, Clippers",Jimmy Butler; Meyers Leonard; $110K cash (from Clippers),"Hassan Whiteside; Josh Richardson; first round pick (protected top 14 in 2023-25, unprotected in 2026) (2023 #18-Jaime Jaquez Jr.)",3,3,"4-team trade with 76ers, Blazers, Clippers"
2020-02-06,Heat,"Grizzlies, Timberwolves",Andre Iguodala; Jae Crowder; Solomon Hill,Dion Waiters; Justise Winslow; James Johnson,3,3,"3-team trade with Grizzlies, Timberwolves"
2021-03-17,Heat,Thunder,Trevor Ariza,Meyers Leonard; 2027 second round pick (?-?); traded player exception,1,3,trade with Thunder
2021-03-25,Heat,Rockets,"Victor Oladipo; Rockets option to swap Nets or Rockets 2022 first round pick for Heat (Heat pick protected top 14 else 2022 second round pick (less favorable of 76ers, Nuggets picks)) (not exercised)","Kelly Olynyk; Avery Bradley; Rockets option to swap Nets or Rockets 2022 first round pick for Heat) (Heat pick protected top 14 else 2022 second round pick (less favorable of 76ers, Nuggets picks)) (not exercised)",2,3,trade with Rockets
2021-03-25,Heat,Kings,Nemanja Bjelica,Maurice Harkless / Moe Harkless; Chris Silva,1,2,trade with Kings
2021-08-06,Heat,Raptors,Kyle Lowry,Precious Achiuwa; Goran Dragic,1,2,trade with Raptors
2022-02-09,Heat,Thunder,"2023 first round pick (#18-Jaime Jaquez Jr.); 2026 second round pick (least favorable of 76ers, Mavericks, Thunder picks) (?-?)","K.Z. Okpala; first round pick (lottery protected in 2025, unprotected in 2026) (2025 #15-Thomas Sorber)",2,2,trade with Thunder
2023-02-07,Heat,Spurs,cash considerations,Dewayne Dedmon; 2028 second round pick (?-?)*,1,2,trade with Spurs
2023-07-06,Heat,"Cavaliers, Spurs","2026 second round pick (from Cavaliers) (Lakers pick) (?-?); 2027 second round pick (from Spurs) (least favorable of Heat, Pacers, Rockets, Spurs, Thunder picks) (?-?); trade exception","Max Strus; 2026 second round pick (least favorable of 76ers, Mavericks, Thunder picks) (?-?)",3,2,"3-team trade with Cavaliers, Spurs"
2023-07-06,Heat,Thunder,cash considerations / trade exception,Victor Oladipo; 2029 second round pick (?-?); 2030 second round pick (?-?),1,3,trade with Thunder
2024-01-23,Heat,Hornets,Terry Rozier,"Kyle Lowry; first round pick (lottery protected in 2027, unprotected in 2028) (?-?)",1,2,trade with Hornets
2024-06-27,Heat,"Hawks, Rockets",rights to Pelle Larsson; cash considerations (from Hawks),rights to Nikola Djurisic,2,1,"3-team trade with Hawks, Rockets"
2024-12-15,Heat,Pacers,Heat option to swap 2031 second round picks with Pacers (?-?),Thomas Bryant; Heat option to swap 2031 second round picks with Pacers (?-?),1,2,trade with Pacers
2025-02-06,Heat,"Jazz, Pistons, Raptors, Warriors",Andrew Wiggins; Kyle Anderson; Davion Mitchell; 2025 first round pick (from Warriors) (protected top 10) (#20-Kasparas Jakucionis),Jimmy Butler; Josh Richardson; 2026 second round pick (Lakers pick) (?-?),4,3,"5-team trade with Jazz, Pistons, Raptors, Warriors"
2025-07-07,Heat,"Clippers, Heat",Norman Powell,Kevin Love; Kyle Anderson,1,2,"3-team trade with Clippers, Heat"
2025-07-07,Heat,Pistons,Simone Fontecchio,Duncan Robinson,1,1,trade with Pistons
2025-08-15,Heat,Nets,2026 second round pick (protected top 55) (?-?),Haywood Highsmith; 2032 second round pick (?-?),1,2,trade with Nets
2026-03-09,Heat,,"2026 second round pick (more favorable of Nuggets, Warriors picks) (?-?)",,1,0,received from Hornets to resolve a dispute over Terry Rozier being under NBA and federal investigations over alleged gambling conspiracy during the teams' trade in 2024
2026-06-24,Heat,Thunder,rights to Ryan Conwell,rights to Otega Oweh; cash considerations,1,2,trade with Thunder
2026-07-06,Heat,Bucks,Giannis Antetokounmpo; Bobby Portis; Bucks option to swap 2030 first round picks with Heat (?-?)**,Tyler Herro; Kel'el Ware; Jaime Jaquez Jr.; Kasparas Jakucionis; rights to Nate Ament; Bucks option to swap 2030 first round picks with Heat (?-?)**; 2031 first round pick (?-?)**; 2033 first round pick (?-?)**; 2033 second round pick (?-?)**,3,9,trade with Bucks
2014-02-20,Bucks,Bobcats,Ramon Sessions; Jeff Adrien,Luke Ridnour; Gary Neal,2,2,trade with Bobcats
2014-06-26,Bucks,Hawks,2015 second round pick (#41-Pat Connaughton),rights to Lamar Patterson,1,1,trade with Hawks
2014-08-26,Bucks,Clippers,"Jared Dudley; first round pick (protected top 14 in 2017-19, else 2020 second round pick, 2021 second round pick) (2017 #23-Ogugua Anunoby / O.G. Anunoby)","Carlos Delfino; Miroslav Raduljica; second round pick (protected #51-60 in 2015, #56-60 in 2016) (2016 #55-Marcus Paige)",2,3,trade with Clippers
2015-02-19,Bucks,"76ers, Suns",Michael Carter-Williams; Tyler Ennis; Miles Plumlee,Brandon Knight; Kendall Marshall,3,2,"3-team trade with 76ers, Suns"
2015-06-11,Bucks,Pistons,Caron Butler; Shawne Williams,Ersan Ilyasova,2,1,trade with Pistons
2015-06-25,Bucks,Raptors,Greivis Vasquez,"rights to Norman Powell; first round pick (protected top 14 in 2017-19, else 2020 second round pick, 2021 second round pick) (2017 #23-Ogugua Anunoby / O.G. Anunoby)",1,2,trade with Raptors
2015-07-09,Bucks,Mavericks,2018 second round pick (protected top 55) (not exercised),Zaur Pachulia / Zaza Pachulia,1,1,trade with Mavericks
2015-07-09,Bucks,Wizards,"2020 second round pick (protected top 55; modified in subsequent trade to protected top 45 in 2020, else unprotected in 2022) (#39-Elijah Hughes)",Jared Dudley,1,1,trade with Wizards
2016-06-23,Bucks,Warriors,$2.4M cash,rights to Patrick McCaw,1,1,trade with Warriors
2016-07-07,Bucks,Cavaliers,Matthew Dellavedova,rights to Albert Miralles,1,1,trade with Cavaliers
2016-09-22,Bucks,Rockets,Michael Beasley,Tyler Ennis,1,1,trade with Rockets
2016-10-17,Bucks,Bulls,Tony Snell,Michael Carter-Williams,1,1,trade with Bulls
2017-02-02,Bucks,Hornets,Roy Hibbert; Spencer Hawes,Miles Plumlee; cash considerations,2,2,trade with Hornets
2017-02-23,Bucks,Nuggets,2019 second round pick (protected top 55) (#57-Jordan Bone),Roy Hibbert,1,1,trade with Nuggets
2017-06-22,Bucks,Clippers,$2M cash,rights to Sindarius Thornwell,1,1,trade with Clippers
2017-07-06,Bucks,76ers,rights to Sterling Brown,cash considerations,1,1,trade with 76ers
2017-11-07,Bucks,Suns,Eric Bledsoe,"Greg Monroe; 2018 second round pick (protected top 47) (not exercised); first round pick (protected top 10 and #17-30 in 2018, top 3 and #17-30 in 2019, top 7 in 2020, unprotected in 2021) (2020 #30-Desmond Bane)",1,3,trade with Suns
2018-02-05,Bucks,Nets,Tyler Zeller,"Rashad Vaughn; second round pick (protected #48-60 in 2018, else unprotected in 2020) (2018 #45-Hamidou Diallo)",1,2,trade with Nets
2018-10-15,Bucks,Wizards,"Jodie Meeks; modification of protection on 2020 second round pick previously traded from Wizards to Bucks in Jared Dudley trade (now protected top 45 in 2020, else unprotected in 2022); cash","modification of protection on 2020 second round pick previously traded from Wizards to Bucks in Jared Dudley trade (now protected top 45 in 2020, else unprotected in 2022)",3,1,trade with Wizards
2018-12-07,Bucks,"Cavaliers, Wizards",George Hill; Jason Smith; modification of protection on 2020 second round pick previously acquired from Wizards (pick now unprotected); 2021 second round pick (from Cavaliers) (#43-Greg Brown III); cash (from Wizards),"Matthew Dellavedova; John Henson; draft pick(s) (first round originally protected top 14 in 2021 if Bucks send first round pick to Suns in 2019, top 10 in 2022 if Bucks send first round pick to Suns in 2020, top 10 in 2023, top 8 in 2024, else 2024 second round pick, 2025 second round pick; protections removed in subsequent trade) (2022 #24-MarJon Beauchamp); 2021 second round pick (#54-Sandro Mamukelashvili)",5,4,"3-team trade with Cavaliers, Wizards"
2019-02-07,Bucks,"Pelicans, Pistons",Nikola Mirotic,Jason Smith; Thon Maker; 2019 second round pick (protected top 55) (#57-Jordan Bone); 2020 second round pick (#39-Elijah Hughes); 2020 second round pick (#60-Sam Merrill); 2021 second round pick (#43-Greg Brown III),1,6,"3-team trade with Pelicans, Pistons"
2019-06-20,Bucks,Pistons,Jon Leuer,Tony Snell; rights to Kevin Porter Jr.,1,2,trade with Pistons
2019-07-06,Bucks,Pacers,"first round pick (protected top 14 in 2020-25, unprotected in 2026) (2020 #24-R.J. Hampton); second round pick (one year after Pacers convey second round pick to Nets) (2022 #35-Max Christie); 2025 second round pick (#54-Taelon Peter); traded player exception",Malcolm Brogdon,4,1,trade with Pacers
2020-11-18,Bucks,Cavaliers,rights to Ilkan Karaman,2025 second round pick (#49-Tyrese Proctor); removal of protection on Bucks 2022 first round pick,1,2,trade with Cavaliers
2020-11-18,Bucks,Magic,2020 second round pick (#45-Jordan Nwora),second round pick (one year after Pacers send second round pick to Nets (2022 #35-Max Christie); 2026 second round pick (?-?),1,2,trade with Magic
2020-11-23,Bucks,"Nuggets, Pelicans, Thunder",Jrue Holiday; Zylan Cheatham; Joshia Gray / Josh Gray; Darius Miller; Kenrich Williams; rights to Sam Merrill; 2023 second round pick (#37-Hunter Tyson); Pelicans option to swap 2024 first round picks with Bucks (#23-A.J. Johnson); 2024 second round pick (#34-Tyler Kolek); Pelicans option to swap 2026 first round picks with Bucks (not exercised),Eric Bledsoe; Steven Adams; Pelicans option to swap 2024 first round picks with Bucks (#21-Yves Missi); 2025 first round pick (from Bucks) (#19-Nolan Traoré); Pelicans option to swap 2026 first round picks with Bucks (not exercised); 2027 first round pick (from Bucks) (?-?),10,6,"4-team trade with Nuggets, Pelicans, Thunder"
2021-03-18,Bucks,Suns,traded player exception; cash considerations,Torrey Craig,2,1,trade with Suns
2021-03-19,Bucks,Rockets,"P.J. Tucker; Rodions Kurucs; Rockets option to swap 2021 second round pick (more favorable of 76ers, Rockets picks) with Bucks 2021 first round pick (#31-Isaiah Todd); 2022 first round pick (#24-MarJon Beauchamp)","D.J. Augustin; D.J. Wilson; Rockets option to swap 2021 second round pick (more favorable of 76ers, Rockets picks) with Bucks 2021 first round pick (#24-Josh Christopher); 2023 first round pick (#30-Kobe Brown)",4,4,trade with Rockets
2021-07-30,Bucks,Pacers,"rights to Sandro Mamukelashvili; rights to Georgios Kalaitzakis; 2024 second round pick (more favorable of (a) Pacers pick and (b) less favorable of Cavaliers, Jazz picks) (#46-Cam Christie); 2026 second round pick (more favorable of Heat; Pacers picks) (?-?)",rights to Isaiah Todd,5,1,trade with Pacers
2021-08-07,Bucks,Grizzlies,Grayson Allen; cash,"Sam Merrill; 2024 second round pick (more favorable of (a) Pacers pick (b) less favorable of Cavaliers, Jazz picks) (#46-Cam Christie); 2026 second round pick (more favorable of Heat, Pacers picks) (?-?)",2,3,trade with Grizzlies
2022-02-10,Bucks,"Clippers, Kings, Pistons","Serge Ibaka; 2023 second round pick (from Pistons) (less favorable of Cavaliers, Warriors picks) (#55-Isaiah Wong); 2024 second round pick (from Kings) (#33-Tyler Smith); cash considerations (from Clippers)",Rodney Hood; Semi Ojeleye; Donte DiVincenzo,4,3,"4-team trade with Clippers, Kings, Pistons"
2022-06-23,Bucks,Pacers,rights to Hugo Besson,$1M cash,1,1,trade with Pacers
2023-02-09,Bucks,"Nets, Pacers, Suns",Jae Crowder,"George Hill; Jordan Nwora; Serge Ibaka; 2023 second round pick (more favorable of (a) Bucks pick and (b) less favorable of Cavaliers, Warriors picks) (#55-Isaiah Wong); 2024 second round pick (#52-Quinten Post); 2025 second round pick (Pacers pick) (#54-Taelon Peter); 2028 second round pick (?-?); 2029 second round pick (?-?)",1,8,"4-team trade with Nets, Pacers, Suns"
2023-06-22,Bucks,Magic,rights to Andre Jackson Jr.,2030 second round pick (?-?); cash considerations,1,2,trade with Magic
2023-09-27,Bucks,"Blazers, Suns",Damian Lillard; Blazers option to swap 2028 first round picks with Bucks (?-?); Blazers option to swap 2030 first round picks with Bucks (?-?),Jrue Holiday; Grayson Allen; Blazers option to swap 2028 first round picks with Bucks (?-?); 2029 first round pick (?-?); Blazers option to swap 2030 first round picks with Bucks (?-?),3,5,"3-team trade with Blazers, Suns"
2024-02-08,Bucks,Kings,rights to Dimitrios Agravanis,Robin Lopez; cash considerations,1,2,trade with Kings
2024-02-08,Bucks,76ers,Patrick Beverley,Cameron Payne; 2027 second round pick (?-?)*,1,2,trade with 76ers
2025-02-06,Bucks,Clippers,Kevin Porter Jr.,MarJon Beauchamp,1,1,trade with Clippers
2025-02-06,Bucks,"Knicks, Spurs, Wizards","Kyle Kuzma; Jericho Sims; 2025 second round pick (from Wizards) (second most favorable of Pistons, Suns, Warriors picks) (#47-Bogoljub Markovic); 2026 second round pick (from Spurs) (protected top 55) (not exercised); Wizards option to swap 2028 first round picks (Wizards pick) with Bucks (least favorable of Blazers, Bucks picks) (?-?)","Khris Middleton; A.J. Johnson; Delon Wright; rights to Hugo Besson; Wizards option to swap 2028 first round picks (Wizards pick) with Bucks (least favorable of Blazers, Bucks picks) (?-?); cash considerations",5,6,"4-team trade with Knicks, Spurs, Wizards"
2025-07-06,Bucks,Hornets,Vasilije Micic / Vasa Micic,Pat Connaughton; 2031 second round pick (?-?); 2032 second round pick (?-?),1,3,trade with Hornets
2026-02-05,Bucks,"Bulls, Suns",Ousmane Dieng; Nigel Hayes-Davis,Cole Anthony; Amir Coffey,2,2,"3-team trade with Bulls, Suns"
2026-06-24,Bucks,"Magic, Wizards",rights to Malique Lewis,cash considerations,1,1,"3-team trade with Magic, Wizards"
2026-07-06,Bucks,Heat,Tyler Herro; Kel'el Ware; Jaime Jaquez Jr.; Kasparas Jakucionis; rights Nate Ament; Bucks option to swap 2030 first round picks with Heat (?-?)**; 2031 first round pick (?-?)**; 2033 first round pick (?-?)**; 2033 second round pick (?-?)**,Giannis Antetokounmpo; Bobby Portis; Bucks option to swap 2030 first round picks with Heat (?-?)**,9,3,trade with Heat
2026-07-08,Bucks,"Clippers, Grizzlies, Mavericks, Pistons, Wizards",Caris LeVert; second round pick (from Pistons) (?-?)**; second round pick (from Pistons) (?-?)**,Taurean Prince; Gary Harris,3,2,"6-team trade with Clippers, Grizzlies, Mavericks, Pistons, Wizards"
2014-06-26,Timberwolves,Rockets,cash,rights to Alessandro Gentile,1,1,trade with Rockets
2014-06-26,Timberwolves,Nets,cash,rights to Markel Brown,1,1,trade with Nets
2014-08-23,Timberwolves,"76ers, Cavaliers",Andrew Wiggins; Anthony Bennett; Thaddeus Young; trade exception,Kevin Love; Luc Richard Mbah a Moute / Luc Mbah a Moute; Alexey Shved,4,3,"3-team trade with 76ers, Cavaliers"
2014-12-19,Timberwolves,"76ers, Rockets",Troy Daniels; 2015 second round pick (protected #50-60) (from Rockets) (#36-Rakeem Christmas); 2016 second round pick (protected top 45) (from Rockets) (not exercised); cash considerations,Corey Brewer; Ronny Turiaf,4,2,"3-team trade with 76ers, Rockets"
2015-02-10,Timberwolves,Hawks,Adreian Payne,"first round pick (protected top 14 and conditional in 2017 if Timberwolves convey 2015 first round pick to Celtics from previous trade, protected top 14 in 2018-20, else 2020 second round pick, 2021 second round pick) (2018 #19-Kevin Huerter)",1,1,trade with Hawks
2015-02-10,Timberwolves,Hornets,Gary Neal; 2019 second round pick (#43-Jaylen Nowell),Maurice Williams / Mo Williams; Troy Daniels; cash,2,3,trade with Hornets
2015-02-19,Timberwolves,Nets,Kevin Garnett,Thaddeus Young,1,1,trade with Nets
2015-06-25,Timberwolves,Cavaliers,rights to Tyus Jones,rights to Cedi Osman; rights to Rakeem Christmas; 2019 second round pick (#40-Justin James),1,3,trade with Cavaliers
2015-07-11,Timberwolves,Pacers,Damjan Rudez,Chase Budinger,1,1,trade with Pacers
2017-06-22,Timberwolves,Bulls,Jimmy Butler; rights to Justin Patton,Zach LaVine; Kris Dunn; rights to Lauri Markkanen,2,3,trade with Bulls
2017-06-30,Timberwolves,Jazz,"draft pick(s) (first round pick protected top 14 in 2018-20, else 2020 second round pick and 2021 second round pick) (2018 #20-Josh Okogie)",Ricky Rubio,1,1,trade with Jazz
2018-11-12,Timberwolves,76ers,"Robert Covington; Dario Saric; Jerryd Bayless; 2022 second round pick (more favorable of 76ers, Nuggets picks) (#50-Matteo Spagnolo)",Jimmy Butler; Justin Patton,4,2,trade with 76ers
2019-07-06,Timberwolves,Suns,rights to Jarrett Culver,Dario Saric; rights to Cameron Johnson,1,2,trade with Suns
2019-07-08,Timberwolves,Warriors,Shabazz Napier; Treveon Graham; cash,rights to Lior Eliyahu,3,1,trade with Warriors
2019-07-08,Timberwolves,Blazers,Jake Layman,rights to Bojan Dubljevic; traded player exception,1,2,trade with Blazers
2020-01-16,Timberwolves,Hawks,Allen Crabbe,Jeff Teague; Treveon Graham,1,2,trade with Hawks
2020-02-05,Timberwolves,"Hawks, Nuggets, Rockets","Malik Beasley; Juancho Hernangomez / Juan Hernangomez; Jarred Vanderbilt; Evan Turner; draft pick(s) (first round pick protected top 14 in 2020-22, else 2022 second round pick, 2024 second round pick) (from Hawks) (2020 #17-Aleksej Pokusevski)",Robert Covington; Jordan Bell; Keita Bates-Diop; Shabazz Napier; Noah Vonleh,5,5,"4-team trade with Hawks, Nuggets, Rockets"
2020-02-06,Timberwolves,Warriors,D'Angelo Russell; Jacob Evans; Omari Spellman,"Andrew Wiggins; first round pick (protected top 3 in 2021, unprotected in 2022) (2021 #7-Jonathan Kuminga); 2021 second round pick (#36-Miles McBride)",3,3,trade with Warriors
2020-02-06,Timberwolves,"Grizzlies, Heat",James Johnson,Gorgui Dieng,1,1,"3-team trade with Grizzlies, Heat"
2020-11-18,Timberwolves,Clippers,rights to Mathias Lessort; 2023 second round pick (#31-James Nnaji),rights to Daniel Oturu,2,1,trade with Clippers
2020-11-20,Timberwolves,"Knicks, Thunder",Ricky Rubio; rights to Leandro Bolmaro; rights to Jaden McDaniels,James Johnson; rights to Mathias Lessort; rights to Aleksej Pokusevski; 2023 second round pick (#31-James Nnaji); 2024 second round pick (#56-Kevin McCullar Jr.),3,5,"3-team trade with Knicks, Thunder"
2020-11-24,Timberwolves,Knicks,Ed Davis (Adam),Jacob Evans; Omari Spellman; 2026 second round pick (?-?),1,3,trade with Knicks
2021-08-02,Timberwolves,Cavaliers,Taurean Prince; 2022 second round pick (#40-Bryce McGowens); cash considerations,Ricky Rubio,3,1,trade with Cavaliers
2021-08-25,Timberwolves,Grizzlies,Patrick Beverley,Jarrett Culver; Juancho Hernangomez / Juan Hernangomez,1,2,trade with Grizzlies
2022-06-23,Timberwolves,Hornets,rights to Josh Minott; 2023 second round pick (#53-Jaylen Clark),rights to Bryce McGowens,2,1,trade with Hornets
2022-06-23,Timberwolves,Pacers,"2026 second round pick (least favorable of Heat, Pacers, Spurs picks) (?-?); cash considerations",rights to Kendall Brown,2,1,trade with Pacers
2022-06-24,Timberwolves,Grizzlies,rights to Walker Kessler; rights to TyTy Washington Jr.,rights to Jake LaRavia; 2023 second round pick (#45-Gregory Jackson II / G.G. Jackson),2,2,trade with Grizzlies
2022-06-24,Timberwolves,Rockets,rights to Wendell Moore Jr.,rights to TyTy Washington Jr.; 2025 second round pick (#51-Mohamed Diawara); 2027 second round pick (?-?),1,3,trade with Rockets
2022-07-06,Timberwolves,Jazz,"Rudy Gobert; Jazz option to swap 2026 first round picks with Timberwolves (unprotected if Jazz has sent first round pick to Thunder by 2025, else Jazz pick protected #9-30) (not exercised)","Malik Beasley; Patrick Beverley; Leandro Bolmaro; Jarred Vanderbilt; rights to Walker Kessler; 2023 first round pick (#16-Keyonte George); 2025 first round pick (#21-Will Riley); Jazz option to swap 2026 first round picks with Timberwolves (unprotected if Jazz has sent first round pick to Thunder by 2025, else Jazz pick protected #9-30) (not exercised); 2027 first round pick (?-?); 2029 draft pick (first round pick protected top 5, else second round pick) (?-?)",2,10,trade with Jazz
2023-02-09,Timberwolves,"Jazz, Lakers","Mike Conley Jr.; Nickeil Alexander-Walker; 2024 second round pick (from Lakers) (less favorable of Grizzlies, Wizards picks) (#37-Bobi Klintman); 2025 second round pick (from Jazz) (#31-Rasheer Fleming); 2026 second round pick (from Jazz) (?-?)",D'Angelo Russell,5,1,"3-team trade with Jazz, Lakers"
2023-06-28,Timberwolves,Spurs,rights to Leonard Miller,2026 second round pick (Jazz pick) (?-?); 2028 second round pick (?-?),1,2,trade with Spurs
2024-02-07,Timberwolves,Pistons,Monte Morris,Troy Brown Jr.; Shake Milton; 2030 second round pick (?-?),1,3,trade with Pistons
2024-06-26,Timberwolves,Spurs,rights to Rob Dillingham; Spurs option to swap 2030 first round picks with Timberwolves (?-?),Spurs option to swap 2030 first round picks with Timberwolves (?-?); 2031 first round pick (?-?),2,2,trade with Spurs
2024-07-06,Timberwolves,"76ers, Hornets, Mavericks, Nuggets, Warriors","2025 second round pick (from Hornets) (less favorable of 76ers, Nuggets picks) (#52-Alex Toohey); Timberwolves option to swap 2031 second round picks with Warriors (?-?); cash considerations (from Warriors)",Kyle Anderson; Timberwolves option to swap 2031 second round picks with Warriors (?-?),3,2,"6-team trade with 76ers, Hornets, Mavericks, Nuggets, Warriors"
2024-07-07,Timberwolves,"Grizzlies, Pistons, Raptors",2030 second round pick (from Grizzlies; protected top 50) (?-?); cash considerations (from Raptors),Wendell Moore Jr.; rights to Bobi Klintman,2,2,"4-team trade with Grizzlies, Pistons, Raptors"
2024-10-02,Timberwolves,"Hornets, Knicks","Julius Randle; Donte DiVincenzo; Keita Bates-Diop; draft pick (from Knicks) (Pistons first round pick protected top 13 in 2025, top 11 in 2026, top 9 in 2027, else 2027 second round pick) (2025 #17-Joan Beringer)","Karl-Anthony Towns; 2025 second round pick (less favorable of 76ers, Nuggets picks) (#52-Alex Toohey)",4,2,"3-team trade with Hornets, Knicks"
2025-07-06,Timberwolves,"Hawks, Lakers, Nets, Rockets, Suns, Warriors","rights to Rocco Zikarsky; 2026 second round pick (from Suns) (least favorable ot Nuggets, Warriors picks) (?-?); 2032 second round pick (more favorable of Rockets, Suns picks) (?-?); cash (from Lakers)",rights to Rasheer Fleming,4,1,"7-team trade with Hawks, Lakers, Nets, Rockets, Suns, Warriors"
2025-07-06,Timberwolves,Hawks,2027 second round pick (Cavaliers pick) (?-?); trade exception; cash,Nickeil Alexander-Walker,3,1,trade with Hawks
2026-02-03,Timberwolves,"Bulls, Pistons",Pistons option to swap 2026 first round picks with Timberwolves (from Timberwolves) (protected top 19) (?-?); cash (from ?),Mike Conley Jr.; Pistons option to swap 2026 first round picks with Timberwolves (protected top 19) (?-?),2,2,"3-team trade with Bulls, Pistons"
2026-02-05,Timberwolves,Bulls,Ayo Dosunmu; Julian Phillips,"Rob Dillingham; Leonard Miller; 2026 second round pick (least favorable of Nuggets, Warriors picks) (#56-Vsevolod Ishchenko); 2027 second round pick (Cavaliers pick) (?-?); 2031 second round pick (most favorable of Timberwolves, Warriors picks) (?-?); 2032 second round pick (most favorable of Rockets, Suns picks) (?-?)",2,6,trade with Bulls
2026-07-10,Timberwolves,"Bulls, Hornets, Nets",LaMelo Ball; Josh Green; rights to Isaiah Evans; Hornets right to swap 2028 first round picks with Timberwolves (?-?)**; Hornets right to swap 2029 first round picks with Timberwolves (protected #6-30) (?-?)**,Julius Randle; Naz Reid; rights to Matteo Spagnolo; rights to Joshua Jefferson; Hornets right to swap 2028 first round picks with Timberwolves (?-?)**; Hornets right to swap 2029 first round picks with Timberwolves (protected #6-30) (?-?)**; 2029 second round pick (?-?)**; 2032 second round pick (?-?)**; 2033 first round pick (?-?)**; 2033 second round pick (?-?)**,5,10,"4-team trade with Bulls, Hornets, Nets"
2014-01-21,Pelicans,Nets,Tyshawn Taylor; cash,rights to Edin Bavcic,2,1,trade with Nets
2014-06-26,Pelicans,76ers,rights to Russ Smith,rights to Pierre Jackson,1,1,trade with 76ers
2014-07-11,Pelicans,Cavaliers,Alonzo Gee,"2016 second round pick (protected top 55 in 2016, else extinguished) (not exercised)",1,1,trade with Cavaliers
2014-07-13,Pelicans,Hornets,Scotty Hopson,cash,1,1,trade with Hornets
2014-07-14,Pelicans,"Rockets, Wizards",Omer Asik; Omri Casspi; $1.5M cash considerations,"Alonzo Gee; Scotty Hopson; first round pick (protected top 3 and 20-30 in 2015-18, top 3 and 25-30 in 2019-20, else 2020 second round pick and 2021 second round pick) (#18-Sam Dekker)",3,3,"3-team trade with Rockets, Wizards"
2015-01-12,Pelicans,"Celtics, Grizzlies",Quincy Pondexter; 2015 second round pick (from Grizzlies) (#56-Branden Dawson),Austin Rivers; Russ Smith,2,2,"3-team trade with Celtics, Grizzlies"
2015-02-19,Pelicans,Thunder,"Ishmael Smith / Ish Smith; rights to Latavious Williams; 2015 second round pick (if this pick is not conveyed from 76ers to Celtics from previous trade, protected top 55 in 2015) (not exercised); cash considerations","2016 second round pick (less favorable of Kings (protected top 55), Pelicans picks) (not exercised)",4,1,trade with Thunder
2015-02-19,Pelicans,"Heat, Suns",Norris Cole (Gene); Justin Hamilton (Anthony); Shawne Williams,John Salmons,3,1,"3-team trade with Heat, Suns"
2015-06-25,Pelicans,Clippers,cash considerations,rights to Branden Dawson,1,1,trade with Clippers
2015-12-24,Pelicans,76ers,2016 second round pick (#39-David Michineau); 2017 second round pick (#34-Frank Mason),Ishmael Smith / Ish Smith,2,1,trade with 76ers
2016-02-18,Pelicans,Heat,Jarnell Stokes; $700K cash,"2018 second round pick (protected top 55, subsequent trade of this pick back to Pelicans effectively removed protection) (#51-Tony Carr (Gregory))",2,1,trade with Heat
2016-06-23,Pelicans,Clippers,rights to Cheick Diallo,rights to David Michineau; rights to Diamond Stone,1,2,trade with Clippers
2016-07-10,Pelicans,Heat,2018 second round pick (#51-Tony Carr (Gregory)); cash,Luke Babbitt,2,1,trade with Heat
2016-07-12,Hornets,Grizzlies,cash; traded player exception,Troy Daniels,2,1,trade with Grizzlies
2017-02-19,Pelicans,Kings,DeMarcus Cousins; Omri Casspi,"Buddy Hield; Tyreke Evans; Langston Galloway; first round pick (protected top 3 in 2017, unprotected in 2018) (2017 #10-Zach Collins); 2017 second round pick (#34-Frank Mason)",2,5,trade with Kings
2017-06-21,Pelicans,Wizards,2017 second round pick (#52-Edmond Sumner),Tim Frazier,1,1,trade with Wizards
2017-06-22,Pelicans,Pacers,$1M cash,rights to Edmond Sumner,1,1,trade with Pacers
2017-06-22,Pelicans,Hornets,rights to Frank Jackson,rights to Dwayne Bacon; $1.8M cash,1,2,trade with Hornets
2017-09-01,Pelicans,Bulls,rights to Ater Majok,Quincy Pondexter; 2018 second round pick (#51-Tony Carr (Gregory)); cash,1,3,trade with Bulls
2018-02-01,Pelicans,Bulls,Nikola Mirotic; 2018 second round pick (#51-Tony Carr (Gregory)); Bulls option to swap 2021 second round picks with Pelicans (#40-Jared Butler),"Omer Asik; Tony Allen; Jameer Nelson (Sr.); first round pick (protected top 5 in 2018, top 8 in 2019, top 10 in 2020, top 9 in 2021, top 6 in 2022, else 2022 second round pick, 2023 second round pick) (2018 #22-Chandler Hutchison); Bulls option to swap 2021 second round picks with Pelicans (#38-Ayo Dosunmu)",3,5,trade with Bulls
2018-02-08,Pelicans,Nets,Rashad Vaughn,Dante Cunningham,1,1,trade with Nets
2018-10-15,Pelicans,Clippers,Wesley Johnson / Wes Johnson,Alexis Ajinca / Alex Ajinca,1,1,trade with Clippers
2019-02-06,Pelicans,Wizards,Markieff Morris; 2023 second round pick (#37-Hunter Tyson),Wesley Johnson,2,1,trade with Wizards
2019-02-07,Pelicans,"Bucks, Pistons",Jason Smith; Stanley Johnson; 2019 second round pick (from Bucks) (protected top 55) (#57-Jordan Bone); 2020 second round pick (from Bucks) (#39-Elijah Hughes); 2020 second round pick (from Bucks) (#60-Sam Merrill); 2021 second round pick (#43-Greg Brown III),Nikola Mirotic,6,1,"3-team trade with Bucks, Pistons"
2019-06-20,Pelicans,Warriors,2021 second round pick (#47-David Johnson (Ricardo)); 2023 second round pick (#49-Emoni Bates); cash considerations,rights to Alen Smailagic,3,1,trade with Warriors
2019-07-06,Pelicans,"Lakers, Wizards","Lonzo Ball; Josh Hart; Brandon Ingram; rights to De'Andre Hunter; first round pick (from Lakers) (protected #8-30 in 2021, unprotected in 2022) (2022 #8-Dyson Daniels); first round pick (from Lakers) (Pelicans option of Lakers 2024 or 2025 pick) (2025 #22-Drake Powell); Pelicans option to swap 2023 first round picks with Lakers (not exercised); $1M cash (from Lakers); $1.1M cash (from Wizards)",Anthony Davis; Pelicans option to swap 2023 first round picks with Lakers (not exercised),9,2,"3-team trade with Lakers, Wizards"
2019-07-06,Pelicans,Hawks,"rights to Jaxson Hayes; rights to Nickeil Alexander-Walker; rights to Marcos Louzada Silva / Didi Louzada Silva / Didi Louzada; draft pick(s) (2020 first round pick (protected top 10 in 2020), else 2021 second round pick, 2022 second round pick) (2021 #35-Herbert Jones / Herb Jones (Keyshawn)) (2022 #47-Vince Williams Jr.)",Solomon Hill; rights to De'Andre Hunter; rights to Jordan Bone; 2023 second round pick (protected top 45) (#46-Seth Lundy),4,4,trade with Hawks
2019-07-07,Pelicans,Jazz,Derrick Favors,2021 second round pick (#47-David Johnson (Ricardo)); 2023 second round pick (#49-Emoni Bates),1,2,trade with Jazz
2020-11-18,Pelicans,Jazz,2022 second round pick (#52-Karlo Matkovic); cash considerations,rights to Elijah Hughes,2,1,trade with Jazz
2020-11-18,Pelicans,Hornets,2024 second round pick (#34-Tyler Kolek),rights to Nick Richards,1,1,trade with Hornets
2020-11-23,Pelicans,"Bucks, Nuggets, Thunder",Eric Bledsoe; Steven Adams; Pelicans option to swap 2024 first round picks with Bucks (#21-Yves Missi); 2025 first round pick (from Bucks) (#19-Nolan Traoré); Pelicans option to swap 2026 first round picks with Bucks (not exercised); 2027 first round pick (from Bucks) (?-?),Jrue Holiday; Zylan Cheatham; Joshia Gray / Josh Gray; Darius Miller; Kenrich Williams; rights to Sam Merrill; 2023 second round pick (#37-Hunter Tyson); Pelicans option to swap 2024 first round picks with Bucks (#23-A.J. Johnson); 2024 second round pick (#34-Tyler Kolek); Pelicans option to swap 2026 first round picks with Bucks (not exercised),6,10,"4-team trade with Bucks, Nuggets, Thunder"
2021-03-25,Pelicans,Mavericks,James Johnson; Wesley Iwundu / Wes Iwundu; 2021 second round pick (#53-Charles Bassey); cash,J.J. Redick; Nicolo Melli,4,2,trade with Mavericks
2021-07-29,Pelicans,76ers,cash considerations,2021 second round pick (#53-Charles Bassey),1,1,trade with 76ers
2021-07-30,Pelicans,Blazers,2026 second round pick (?-?); cash,rights to Greg Brown III,2,1,trade with Blazers
2021-08-07,Pelicans,"Grizzlies, Hornets",Jonas Valanciunas; Devonte' Graham; rights to Trey Murphy III; rights to Brandon Boston Jr. / B.J. Boston Jr.,"Steven Adams; Eric Bledsoe; Wesley Iwundu / Wes Iwundu; rights to Ziaire Williams; rights to Jared Butler; draft pick(s) (2022 first round pick (protected top 10), else 2022 second round pick, 2025 second round pick) (2022 #47-Vince Williams Jr.) (2025 #34-Ryan Kalkbrenner); draft pick(s) (2022 first round pick (protected top 14), else 2022 second round pick, 2024 second round pick) (2022 #15-Mark Williams); cash",4,8,"3-team trade with Grizzlies, Hornets"
2021-08-07,Pelicans,Clippers,2022 second round pick (protected #31-54) (not exercised); cash,rights to Brandon Boston Jr. / B.J. Boston Jr.,2,1,trade with Clippers
2021-08-08,Pelicans,Bulls,Garrett Temple; Tomas Satoransky; 2024 second round pick (#41-Adem Bona); cash,Lonzo Ball,4,1,trade with Bulls
2022-02-08,Pelicans,Blazers,C.J. McCollum; Larry Nance Jr.; Tony Snell,"Josh Hart; Nickeil Alexander-Walker; Tomas Satoransky; Marcos Louzada Silva / Didi Louzada Silva / Didi Louzada; first round pick (protected top 4 and #15-30 in 2022, else 2025 first round pick protected top 4) (2025 #19-Nolan Traoré); 2026 second round pick (more favorable of Blazers, Pelicans picks) (?-?); 2027 second round pick (?-?)",3,7,trade with Blazers
2023-02-09,Pelicans,Spurs,Josh Richardson,"Devonte' Graham; 2024 second round pick (more favorable of Bulls, Pelicans picks) (#41-Adem Bona); 2026 second round pick (less favorable of Blazers, Pelicans picks) (?-?); 2028 second round pick (?-?); 2029 second round pick (?-?)",1,5,trade with Spurs
2024-01-17,Pelicans,"Pacers, Raptors",cash considerations (from Pacers),"Kira Lewis Jr.; 2024 second round pick (less favorable of Bulls, Pelicans picks) (#50-Enrique Freeman)",1,2,"3-team trade with Pacers, Raptors"
2024-06-27,Pelicans,Magic,Antonio Reeves; Magic option to swap 2030 second round picks with Pelicans (?-?); Magic option to swap 2031 second round picks with Pelicans (?-?),Magic option to swap 2030 second round picks with Pelicans (?-?); Magic option to swap 2031 second round picks with Pelicans (?-?),3,2,trade with Magic
2024-07-06,Pelicans,Hawks,Dejounte Murray,"Larry Nance Jr.; Dyson Daniels; E.J. Liddell; Cody Zeller; 2025 first round pick (Lakers pick) (#22-Drake Powell); 2027 first round pick (least favorable of Bucks, Pelicans picks; protected top 4) (?-?)",1,6,trade with Hawks
2024-07-06,Pelicans,Wizards,2027 second round pick (Bulls pick; originally protected top 50 but effectively removed with subsequent trade of pick back to Wizards) (?-?),Jonas Valanciunas,1,1,trade with Wizards
2025-02-05,Pelicans,Thunder,cash considerations,"Daniel Theis; 2031 second round pick (least favorable of Magic, Pelicans picks) (?-?)",1,2,trade with Thunder
2025-02-06,Pelicans,Raptors,"Bruce Brown; Kelly Olynyk; draft pick(s) (Pacers first round pick protected top 4 in 2026, first round pick protected top 4 in 2027, else second round pick, second round pick) (2026 #5-Keaton Wagler); 2031 second round pick (?-?)",Brandon Ingram,4,1,trade with Raptors
2025-06-17,Pelicans,Pacers,rights to Mojave King; 2025 first round pick (#23-Asa Newell),2026 first round pick (Pacers pick) (#5-Keaton Wagler),2,1,trade with Pacers
2025-06-25,Pelicans,Hawks,rights to Derik Queen,"Asa Newell; 2026 first round pick (more favorable of Bucks, Pelicans picks) (#8-Kingston Flemings)",1,2,trade with Hawks
2025-07-06,Pelicans,"Rockets, Wizards",Jordan Poole; Saddiq Bey; rights to Micah Peavy,C.J. McCollum; Kelly Olynyk; rights to Mojave King; 2027 second round pick (Bulls pick) (?-?),3,4,"3-team trade with Rockets, Wizards"
2026-02-05,Pelicans,Knicks,"Dalen Terry; 2026 second round pick (least favorable of Bucks, Magic, Pistons picks) (?-?); 2027 second round pick (second most favorable of Heat, Pacers, Rockets, Thunder picks) (?-?); cash considerations",Jose Alvarado; rights to Latavious Williams,4,2,trade with Knicks
2014-06-25,Knicks,Mavericks,Jose Calderon; Shane Larkin; Wayne Ellington; Samuel Dalembert; 2014 second round pick (#34-Cleanthony Early); 2014 second round pick (#51-Thanasis Antetokounmpo),Tyson Chandler; Raymond Felton,6,2,trade with Mavericks
2014-06-26,Knicks,Pacers,rights to Louis Labeyrie,cash,1,1,trade with Pacers
2014-08-06,Knicks,Kings,Quincy Acy; Travis Outlaw,Wayne Ellington; Jeremy Tyler; removal of protection on Knicks 2016 second round pick,2,3,trade with Kings
2014-10-27,Knicks,76ers,Arnett Moultrie; 76ers option to swap 2018 second round picks with Knicks (#43-Justin Jackson (Nicholas)),Travis Outlaw; 76ers option to swap 2018 second round picks with Knicks (#39-Isaac Bonga); 2019 second round pick (#31-Nicolas Claxton / Nic Claxton),2,3,trade with 76ers
2015-01-05,Knicks,"Cavaliers, Thunder",Lou Amundson; Alex Kirk; Lance Thomas; 2019 second round pick (from Cavaliers) (#33-Carsen Edwards),J.R. Smith; Iman Shumpert,4,2,"3-team trade with Cavaliers, Thunder"
2015-02-19,Knicks,Rockets,Alexey Shved; 2017 second round pick (#58-Ognjen Jaramaz); 2019 second round pick (#55-Kyle Guy),Pablo Prigioni,3,1,trade with Rockets
2015-06-25,Knicks,76ers,rights to Guillermo Hernangomez / Willy Hernangomez,2020 second round pick (#36-Tyler Bey); 2021 second round pick (#50-Filip Petrusev); cash,1,3,trade with 76ers
2015-06-25,Knicks,"Hawks, Wizards",rights to Jerian Grant,Tim Hardaway Jr.,1,1,"3-team trade with Hawks, Wizards"
2015-07-09,Knicks,Magic,Kyle O'Quinn; Magic option to swap 2019 second round picks with Knicks (#47-Ignas Brazdeikis / Iggy Brazdeikis),Magic option to swap 2019 second round picks with Knicks (#33-Carsen Edwards); cash considerations,2,2,trade with Magic
2016-06-22,Knicks,Bulls,Derrick Rose; Justin Holiday; 2017 second round pick (#44-Damyean Dotson),Robin Lopez; Jerian Grant; Jose Calderon,3,3,trade with Bulls
2017-09-25,Knicks,Thunder,Doug McDermott; Enes Kanter / Enes Freedom; 2018 second round pick (#36-Mitchell Robinson),Carmelo Anthony,3,1,trade with Thunder
2018-02-07,Knicks,Hornets,Johnny O'Bryant III; 2020 second round pick (#38-Saben Lee); 2021 second round pick (#42-Isaiah Livers),Guillermo Hernangomez / Willy Hernangomez,3,1,trade with Hornets
2018-02-08,Knicks,"Mavericks, Nuggets",Emmanuel Mudiay,"Doug McDermott; 2018 second round pick (less favorable of Clippers, Knicks picks) (#43-Justin Jackson (Nicholas))",1,2,"3-team trade with Mavericks, Nuggets"
2019-01-31,Knicks,Mavericks,"Dennis Smith Jr.; DeAndre Jordan; Wesley Matthews; first round pick (two years after Mavericks send first round pick to Hawks) (2021 #21-Keon Johnson); first round pick (protected top 10 in 2023-25, else 2025 second round pick) (2024 #24-Kyshawn George)",Kristaps Porzingis; Tim Hardaway Jr.; Courtney Lee; Trey Burke,5,4,trade with Mavericks
2019-06-20,Knicks,Kings,rights to Ignas Brazdeikis / Iggy Brazdeikis,rights to Kyle Guy; $1M cash considerations,1,2,trade with Kings
2020-02-06,Knicks,"Clippers, Wizards",Maurice Harkless / Moe Harkless; rights to Issuf Sanon / Yusuf Sanon; 2020 first round pick (from Clippers) (#27-Udoka Azubuike); Knicks option to swap 2021 first round picks with Clippers (protected top 4) (from Clippers) (not exercised); 2021 second round pick (from Clippers) (#32-Jeremiah Robinson-Earl),Marcus Morris; Knicks option to swap 2021 first round picks with Clippers (protected top 4) (not exercised),5,2,"3-team trade with Clippers, Wizards"
2020-11-18,Knicks,Jazz,rights to Ante Tomic; 2020 first round pick (#23-Leandro Bolmaro),2020 first round pick (#27-Udoka Azubuike); 2020 second round pick (#38-Saben Lee),2,2,trade with Jazz
2020-11-20,Knicks,"Thunder, Timberwolves",rights to Mathias Lessort; rights to Immanuel Quickley; 2023 second round pick (from Timberwolves) (#31-James Nnaji),rights to Leandro Bolmaro,3,1,"3-team trade with Thunder, Timberwolves"
2020-11-23,Knicks,Jazz,"Ed Davis (Adam); 2023 second round pick (#39-Mouhamed Gueye (a)); 2024 second round pick (more favorable of Cavaliers, Jazz picks) (#38-Ajay Mitchell)",cash considerations,3,1,trade with Jazz
2020-11-24,Knicks,Timberwolves,Jacob Evans; Omari Spellman; 2026 second round pick (?-?),Ed Davis (Adam),3,1,trade with Timberwolves
2020-11-27,Knicks,Rockets,Austin Rivers; the rights to Sergio Llull; rights to Tadija Dragicevic; rights to Axel Hervelle,rights to Issuf Sanon / Yusuf Sanon,4,1,trade with Rockets
2021-02-08,Knicks,Pistons,Derrick Rose,Dennis Smith Jr.; 2021 second round pick (#42-Isaiah Livers); traded player exception,1,3,trade with Pistons
2021-03-25,Knicks,"76ers, Thunder","Terrance Ferguson; Vincent Poirier; rights to Emir Preldzic; 2021 second round pick (from 76ers) (less favorable of 76ers, Rockets picks) (#58-Jericho Sims); 2024 second round pick (protected top 55) (from 76ers) (not exercised)",Austin Rivers; Ignas Brazdeikis / Iggy Brazdeikis,5,2,"3-team trade with 76ers, Thunder"
2021-07-30,Knicks,Hornets,"draft pick(s) (first round pick protected top 18 in 2022, top 16 in 2023, top 14 in 2024-25, else 2026 second round pick, 2027 second round pick) (?-?)",rights to Kai Jones,1,1,trade with Hornets
2021-07-30,Knicks,Clippers,rights to Quentin Grimes; 2024 second round pick (#31-Jonathan Mogbo),rights to Keon Johnson,2,1,trade with Clippers
2021-07-30,Knicks,Thunder,rights to Rokas Jokubaitis; rights to Miles McBride,rights to Jeremiah Robinson-Earl,2,1,trade with Thunder
2021-08-17,Knicks,Celtics,"Evan Fournier; 2022 second round pick (protected top 55) (not exercised); 2023 second round pick (least favorable of (a) Thunder (b) Wizards (c) more favorable of Heat, Mavericks picks) (#41-Amari Bailey)",cash,3,1,trade with Celtics
2022-01-03,Knicks,"Cavaliers, Lakers",Denzel Valentine; rights to Wang Zhelin; rights to Brad Newley; cash considerations (from Lakers),rights to Louis Labeyrie,4,1,"3-team trade with Cavaliers, Lakers"
2022-01-13,Knicks,Hawks,Cam Reddish; Solomon Hill; 2025 second round pick (#36-Adou Thiero),"Kevin Knox II; draft pick(s) (first round pick protected top 18 in 2022, top 16 in 2023, top 14 in 2024-25, else 2026 second round pick, 2027 second round pick) (?-?)",3,2,trade with Hawks
2022-06-23,Knicks,Thunder,"draft pick(s) (Nuggets pick) (first round pick protected top 14 in 2023-25, else 2025 second round pick, 2026 second round pick) (2023 #27-Nick Smith Jr.); draft pick (Pistons pick) (first round pick protected top 16 in 2021-22, top 18 in 2023-24, top 13 in 2025, top 11 in 2026, top 9 in 2027, else 2027 second round pick) (2025 #17-Joan Beringer); draft pick(s) (Wizards pick) (first round pick protected top 14 in 2023, top 12 in 2024, top 10 in 2025, top 8 in 2026, else 2026 second round pick, 2027 second round pick) (?-?)",rights to Ousmane Dieng,3,1,trade with Thunder
2022-06-23,Knicks,Hornets,rights to Jalen Duren,"draft pick(s) (Nuggets first round pick protected top 14 in 2023-25, else 2025 second round pick) (2023 #27-Nick Smith Jr.); 2023 second round pick (Jazz pick) (#39-Mouhamed Gueye (a)); 2023 second round pick (least favorable of (a) Thunder (b) Wizards (c) more favorable of Heat, Mavericks picks) (#41-Amari Bailey); 2023 second round pick (#53-Jaylen Clark); 2024 second round pick (#53-Cam Spencer)",1,5,trade with Hornets
2022-07-06,Knicks,Pistons,2025 first round pick (Bucks pick) (protected top 4) (#19-Nolan Traoré),Kemba Walker; rights to Jalen Duren,1,2,trade with Pistons
2022-07-11,Knicks,Pistons,rights to Nikola Radicevic; 2025 second round pick (protected top 55) (?-?),"Alec Burks; Nerlens Noel; 2023 second round pick (Pistons pick) (#31-James Nnaji); 2026 second round pick (more favorable of Knicks, Timberwolves picks) (?-?); cash considerations",2,5,trade with Pistons
2023-02-09,Knicks,"76ers, Blazers, Hornets",Josh Hart; rights to Bojan Dubljevic; rights to Daniel Diez / Dani Diez,"Cam Reddish; Sviatoslav Mykhailiuk / Svi Mykhailiuk; Ryan Arcidiacono; rights to Ante Tomic; draft pick(s) (2023 first round pick protected top 14, else second round pick, second round pick, second round pick, second round pick) (2023 #23-Kris Murray)",3,5,"4-team trade with 76ers, Blazers, Hornets"
2023-07-07,Knicks,Pacers,"2028 second round pick (less favorable of Pacers, Suns picks) (?-?); 2029 second round pick (less favorable of Pacers, Wizards picks) (?-?)",Obi Toppin,2,1,trade with Pacers
2023-12-30,Knicks,Raptors,Ogugua Anunoby / O.G. Anunoby; Malachi Flynn; Precious Achiuwa,R.J. Barrett; Immanuel Quickley; 2024 second round pick (#31-Jonathan Mogbo),3,3,trade with Raptors
2024-02-08,Knicks,Pistons,Alec Burks; Bojan Bogdanovic,Evan Fournier; Malachi Flynn; Quentin Grimes; Ryan Arcidiacono; 2028 second round pick (?-?); 2029 second round pick (?-?),2,6,trade with Pistons
2024-06-27,Knicks,Blazers,rights to Tyler Kolek,"rights to Daniel Diez / Dani Diez; 2027 second round pick (Timberwolves pick) (?-?); 2029 second round pick (less favorable of Pacers, Wizards picks) (?-?); 2030 second round pick (?-?)",1,4,trade with Blazers
2024-06-27,Knicks,Wizards,rights to Melvin Ajinca; rights to Dillon Jones,rights to Kyshawn George,2,1,trade with Wizards
2024-06-27,Knicks,Suns,rights to Kevin McCullar Jr.; 2028 second round pick (Celtics pick; protected top 45) (?-?),rights to Osasere Ighodaro / Oso Ighodaro,2,1,trade with Suns
2024-06-29,Knicks,Mavericks,rights to Petteri Koponen; rights to Ariel Hukporti; cash considerations,rights to Melvin Ajinca,3,1,trade with Mavericks
2024-07-06,Knicks,Nets,"Mikal Bridges; Keita Bates-Diop; rights to Juan Pablo Vaulet; 2026 second round pick (least favorable of Bucks, Magic, Pistons picks) (?-?); Nets option to swap 2028 first round picks with Knicks (?-?)",Bojan Bogdanovic; Mamadi Diakite; Shake Milton; 2025 first round pick (Bucks pick; protected top 4) (#19-Nolan Traoré); 2025 first round pick (#26-Ben Saraf); 2025 second round pick (Nets pick) (#36-Adou Thiero); 2027 first round pick (?-?); Nets option to swap 2028 first round picks with Knicks (?-?); 2029 first round pick (?-?); 2031 first round pick (?-?),5,10,trade with Nets
2024-07-06,Knicks,Thunder,"2025 second round pick (more favorable of Celtics, Grizzlies picks) (#50-Kobe Sanders); 2026 second round pick (Warriors pick) (?-?); 2027 second round pick (Timberwolves pick) (?-?); 2027 second round pick (second most favorable of Heat, Pacers, Rockets, Thunder picks) (?-?); 2027 second round pick (third most favorable of Heat, Pacers, Rockets, Thunder picks) (?-?)",rights to Dillon Jones,5,1,trade with Thunder
2024-10-02,Knicks,"Hornets, Timberwolves",Karl-Anthony Towns; rights to James Nnaji,"Julius Randle; Donte DiVincenzo; Keita Bates-Diop; Charles Brown Jr. / Charlie Brown Jr.; DaQuan Jeffries; Duane Washington Jr.; draft pick (Pistons first round pick protected top 13 in 2025, top 11 in 2026, top 9 in 2027, else 2027 second round pick) (2025 #17-Joan Beringer); 2026 second round pick (Warriors pick) (?-?); 2031 second round pick (?-?)",2,9,"3-team trade with Hornets, Timberwolves"
2025-02-06,Knicks,"Bucks, Spurs, Wizards",Delon Wright; rights to Hugo Besson; cash considerations (from Bucks),Jericho Sims; rights to Mathias Lessort,3,2,"4-team trade with Bucks, Spurs, Wizards"
2025-06-26,Knicks,Clippers,rights to Mohamed Diawara; rights to Luka Mitrovic,rights to Kobe Sanders,2,1,trade with Clippers
2026-02-05,Knicks,Bulls,Dalen Terry,Guerschon Yabusele; cash considerations,1,2,trade with Bulls
2026-02-05,Knicks,Pelicans,Jose Alvarado; rights to Latavious Williams,"Dalen Terry; 2026 second round pick (least favorable of Bucks, Magic, Pistons picks) (?-?); 2027 second round pick (second most favorable of Heat, Pacers, Rockets, Thunder picks) (?-?); cash considerations",2,4,trade with Pelicans
2026-06-24,Knicks,"Lakers, Mavericks, Suns",rights to Tyler Nickel; rights to Melvin Ajinca; second round pick (from Suns) (?-?)**; second round pick (from Suns) (?-?)**; second round pick (from Mavericks) (?-?)**; second round pick (from Mavericks) (?-?)**; cash considerations (from Lakers),rights to Cameron Carr,7,1,"4-team trade with Lakers, Mavericks, Suns"
2026-06-24,Knicks,"Clippers, Pistons, Rockets",rights to Mojave King; rights to Jack Kayil; 2029 second round pick (Kings pick; from Rockets) (?-?)**; cash considerations (from Pistons),rights to Bruce Thornton; rights to Ugonna Onyenso; rights to Nick Martinelli,4,3,"4-team trade with Clippers, Pistons, Rockets"
2014-01-07,Thunder,"Celtics, Grizzlies","2014 second round pick (protected top 50 and 56-60, else extinguished) (from Grizzlies) (not exercised); second round pick (from Grizzlies, protected top 35 in 2017, unprotected in 2018) (2017 #49-Vlatko Cancar)",Ryan Gomes; cash considerations,2,2,"3-team trade with Celtics, Grizzlies"
2014-06-26,Thunder,Hornets,rights to Semaj Christon,cash,1,1,trade with Hornets
2014-07-15,Thunder,Hawks,rights to Sofoklis Schortsanitis,Thabo Sefolosha; rights to Giorgos Printezis; cash considerations,1,3,trade with Hawks
2014-08-26,Thunder,76ers,"2015 second round pick (if this pick is not conveyed from 76ers to Celtics from previous trade, protected top 55 in 2015) (not exercised); trade exception",Hasheem Thabeet; cash considerations,2,2,trade with 76ers
2015-01-05,Thunder,"Cavaliers, Knicks",Dion Waiters,"Lance Thomas; first round pick (protected top 18 in 2015, top 15 in 2016-17, else 2018 second round pick and 2019 second round pick) (2016 #26-Furkan Korkmaz)",1,2,"3-team trade with Cavaliers, Knicks"
2015-02-19,Thunder,Pelicans,"2016 second round pick (less favorable of Kings (protected top 55), Pelicans picks) (not exercised)","Ishmael Smith / Ish Smith; rights to Latavious Williams; 2015 second round pick (if this pick is not conveyed from 76ers to Celtics from previous trade, protected top 55 in 2015) (not exercised); cash considerations",1,4,trade with Pelicans
2015-02-19,Thunder,"Jazz, Pistons",D.J. Augustin; Enes Kanter / Enes Freedom; Steve Novak; Kyle Singler; 2019 second round pick (from Pistons) (#45-Isaiah Roby),"Reggie Jackson (Shon); Kendrick Perkins; Grant Jerrett; rights to Tibor Pleiss; first round pick (pick can be conveyed only 2 years after Thunder convey first round pick to 76ers from earlier trade, protected top 14 in 2017-20, else 2020 second round pick, 2021 second round pick) (#20-Josh Okogie)",5,5,"3-team trade with Jazz, Pistons"
2015-06-25,Thunder,Hornets,"Luke Ridnour; second round pick (protected #56-60 in 2016, unprotected in 2017) (2016 #53-Petr Cornelie)",Jeremy Lamb,2,1,trade with Hornets
2015-06-30,Thunder,Raptors,rights to Tomislav Zubcic; trade exception,Luke Ridnour; cash,2,2,trade with Raptors
2015-07-14,Thunder,Celtics,2018 second round pick (protected top 55) (#57-Kevin Hervey),Perry Jones III; 2019 second round pick (#45-Isaiah Roby); cash,1,3,trade with Celtics
2016-02-18,Thunder,Nuggets,Randy Foye,"D.J. Augustine; Steve Novak; 2016 second round pick (protected #56-60 in 2016, unprotected in 2017) (2016 #53-Petr Cornelie); 2016 second round pick (#56-Daniel Hamilton); cash",1,5,trade with Nuggets
2016-06-23,Thunder,Magic,Victor Oladipo; Ersan Ilyasova; rights to Domantas Sabonis,Serge Ibaka,3,1,trade with Magic
2016-06-23,Thunder,Nuggets,rights to Daniel Hamilton,$730K cash,1,1,trade with Nuggets
2016-08-30,Thunder,Nuggets,Joffrey Lauvergne,"second round pick (protected top 35 in 2017, unprotected in 2018) (2017 #49-Vlatko Cancar); second round pick (protected top 35 in 2017, unprotected in 2018) (2017 #51-Monte Morris)",1,2,trade with Nuggets
2016-11-01,Thunder,76ers,Jerami Grant,"Ersan Ilyasova; draft pick(s) (first round pick protected top 20 in 2020, else 2022 second round pick, 2023 second round pick) (2020 #21-Tyrese Maxey)",1,2,trade with 76ers
2017-02-23,Thunder,Bulls,Taj Gibson; Doug McDermott; 2018 second round pick (#36-Mitchell Robinson),Cameron Payne; Joffrey Lauvergne; Anthony Morrow,3,3,trade with Bulls
2017-07-06,Thunder,Pacers,Paul George,Victor Oladipo; Domantas Sabonis,1,2,trade with Pacers
2017-09-25,Thunder,Knicks,Carmelo Anthony,Doug McDermott; Enes Kanter / Enes Freedom; 2018 second round pick (#36-Mitchell Robinson),1,3,trade with Knicks
2018-07-06,Thunder,Hornets,rights to Hamidou Diallo,2019 second round pick (#52-Jalen McDaniels); cash,1,2,trade with Hornets
2018-07-20,Thunder,Magic,Rodney Purvis,Dakari Johnson; cash,1,2,trade with Magic
2018-07-23,Thunder,Celtics,Abdel Nader; $450K cash,Rodney Purvis,2,1,trade with Celtics
2018-07-25,Thunder,"76ers, Hawks",Dennis Schröder; Timothe Luwawu-Cabarrot,"Carmelo Anthony; Justin Anderson; draft pick(s) (2022 first round pick, protected top 14 in 2022, else 2024 second round pick, 2025 second round pick)) (from Thunder) (2024 #57-Ulrich Chomche) (2025 #59-Jahmai Mashack)",2,3,"3-team trade with 76ers, Hawks"
2019-02-01,Thunder,Bulls,2020 second round pick (protected top 55) (not exercised),Timothe Luwawu-Cabarrot; $2.6M cash,1,2,trade with Bulls
2019-07-06,Thunder,Grizzles,rights to Darius Bazley; 2024 second round pick (#37-Bobi Klintman),rights to Brandon Clarke,2,1,trade with Grizzles
2019-07-08,Thunder,Nuggets,"draft pick(s) (first round pick protected top 10 in 2020-22, else 2023 second round pick, 2024 second round pick) (2020 #25-Immanuel Quickley); traded player exception",Jerami Grant,2,1,trade with Nuggets
2019-07-10,Thunder,Clippers,"Danilo Gallinari; Shai Gilgeous-Alexander; 2021 first round pick (#18-Tre Mann); 2022 first round pick (#12-Jalen Williams); first round pick (protected top 14 in 2023-25, unprotected in 2026) (2023 #18-Jaime Jaquez Jr.); Thunder option to swap 2023 first round picks with Clippers (not exercised); 2024 first round pick (#26-Dillon Jones); Thunder option to swap 2025 first round pick with Clippers (#24-Nique Clifford); 2026 first round pick (#12-Aday Mara)",Paul George; Thunder option to swap 2023 first round picks with Clippers (not exercised); Thunder option to swap 2025 first round picks with Clippers (#30-Yanic Konan Niederhauser),9,3,trade with Clippers
2019-07-16,Thunder,Rockets,"Chris Paul; Thunder option to swap 2021 first round picks (Thunder option of Heat, Thunder picks) with Rockets (Rockets pick protected top 4) (not exercised); draft pick(s) (2024 first round pick protected top 4, else 2025 second round pick) (2024 #12-Nikola Topic); Thunder option to swap 2025 first round picks with Rockets (Rockets pick protected top 10) (?-?); 2026 draft pick (first round protected top 4, else second round) (?-?)","Russell Westbrook; Thunder option to swap 2021 first round picks (Thunder option of Heat, Thunder picks) with Rockets (Rockets pick protected top 4) (not exercised); Thunder option to swap 2025 first round picks with Rockets (Rockets pick protected top 10) (?-?)",5,3,trade with Rockets
2020-01-24,Thunder,Mavericks,Isaiah Roby,Justin Patton; cash,1,2,trade with Mavericks
2020-11-16,Thunder,Suns,"Ricky Rubio; Kelly Oubre Jr.; Ty Jerome; Jalen Lecque; first round pick (protected top 12 in 2022, top 10 in 2023, top 8 in 2024, unprotected in 2025) (2022 #30-Peyton Watson)",Chris Paul; Abdel Nader,5,2,trade with Suns
2020-11-19,Thunder,Celtics,Vincent Poirier; cash,2021 second round pick (protected top 55) (not exercised),2,1,trade with Celtics
2020-11-19,Thunder,Wizards,Admiral Schofield; rights to Vit Krejci,rights to Cassius Winston; 2024 second round pick (#37-Bobi Klintman),2,2,trade with Wizards
2020-11-19,Thunder,Lakers,Danny Green; rights to Jaden McDaniels; traded player exception,Dennis Schröder,3,1,trade with Lakers
2020-11-20,Thunder,,James Johnson; rights to Aleksej Pokusevski; 2024 second round pick (from Timberwolves) (#56-Kevin McCullar Jr.); traded player exception,Ricky Rubio; rights to Jaden McDaniels; rights to Immanuel Quickley,4,3,"3-team trade Knicks, Timberwolves"
2020-11-22,Thunder,Warriors,"2021 draft pick (first round protected top 20, else second round pick) (#36-Miles McBride); 2021 second round pick (#55-Aaron Wiggins)",Kelly Oubre Jr.,2,1,trade with Warriors
2020-11-23,Thunder,"Bucks, Nuggets, Pelicans","George Hill; Zylan Cheatham; Joshia Gray / Josh Gray; Darius Miller; Kenrich Williams; draft pick(s) (from Nuggets) (first round pick protected top 14 in 2023-25, else 2025 second round pick, 2026 second round pick) (2023 #27-Nick Smith Jr.); 2023 second round pick (from Pelicans) (#37-Hunter Tyson); 2024 second round pick (from Pelicans) (#34-Tyler Kolek)",Steven Adams,8,1,"4-team trade with Bucks, Nuggets, Pelicans"
2020-11-24,Thunder,Hawks,2025 second round pick (originally protected top 55; modified to protected top 40 in subsequent trade) (#44-Brooks Barnhizer),Danilo Gallinari; cash considerations,1,2,trade with Hawks
2020-11-25,Thunder,Pacers,T.J. Leaf; 2027 second round pick (?-?),Jalen Lecque,2,1,trade with Pacers
2020-11-27,Thunder,"Mavericks, Pistons","Trevor Ariza; Justin Jackson (Aaron); 2023 second round pick (from Mavericks) (more favorable of Heat, Mavericks picks) (#40-Maxwell Lewis); 2026 second round pick (from Mavericks) (?-?)",James Johnson,4,1,"3-team trade with Mavericks, Pistons"
2020-12-08,Thunder,76ers,"Al Horford; rights to Theo Maledon; rights to Vasilije Micic / Vasa Micic; draft pick (first round pick protected top 6 in 2025, top 4 in 2026-27, else 2027 second round) (2026 #17-Ebuka Okorie); cash",Danny Green; Terrance Ferguson; Vincent Poirier,5,3,trade with 76ers
2021-03-13,Thunder,Pistons,Sviatoslav Mykhailiuk / Svi Mykhailiuk; 2027 second round pick (?-?),Hamidou Diallo,2,1,trade with Pistons
2021-03-17,Thunder,Heat,Meyers Leonard; 2027 second round pick (?-?); traded player exception,Trevor Ariza,3,1,trade with Heat
2021-03-25,Thunder,"76ers, Knicks",Austin Rivers; Tony Bradley; 2025 second round pick (from 76ers) (#35-Johni Broome); 2026 second round pick (from 76ers) (?-?),George Hill,4,1,"3-team trade with 76ers, Knicks"
2021-06-18,Thunder,Celtics,"Kemba Walker; 2021 first round pick (#16-Alperen Sengun); 2025 second round pick (more favorable of Celtics, Grizzlies picks) (#50-Kobe Sanders)","Al Horford; Moses Brown; 2023 second round pick (least favorable of (a) Thunder, (b) Wizards, (c) more favorable of Heat, Mavericks) (#41-Amari Bailey)",3,3,trade with Celtics
2021-07-30,Thunder,Jazz,"Derrick Favors; draft pick (first round pick transferable 2 years after Jazz send first round pick to Grizzlies from earlier trade; protected top 10 in 2024-25, top 8 in 2026, else 2028 second round pick) (?-?)","2027 second round pick (least favorable of Heat, Pacers, Rockets, Thunder picks) (?-?); cash",2,2,trade with Jazz
2021-07-30,Thunder,Rockets,"draft pick (first round pick protected top 16 in 2021-22, top 18 in 2023-24, top 13 in 2025, top 11 in 2026, top 9 in 2027, else 2027 second round pick) (2025 #17-Joan Beringer); draft pick(s) (first round pick protected top 14 in 2023, top 12 in 2024, top 10 in 2025, top 8 in 2026, else 2026 second round pick, 2027 second round pick) (?-?)",rights to Alperen Sengun,2,1,trade with Rockets
2021-07-30,Thunder,Knicks,rights to Jeremiah Robinson-Earl,rights to Rokas Jokubaitis; rights to Miles McBride,1,2,trade with Knicks
2022-01-04,Thunder,Jazz,Miye Oni; 2028 second round pick (?-?),cash,2,1,trade with Jazz
2022-02-09,Thunder,Heat,"K.Z. Okpala; first round pick (lottery protected in 2025, unprotected in 2026) (2025 #15-Thomas Sorber)","2023 first round pick (#18-Jaime Jaquez Jr.); 2026 second round pick (least favorable of 76ers, Mavericks, Thunder picks) (?-?)",2,2,trade with Heat
2022-06-23,Thunder,Nuggets,"JaMychal Green; first round pick (at least 2 years after Nuggets send first round pick to Magic in earlier trade; protected top 5 in 2027-29, else 2029 second round pick) (?-?)","rights to Peyton Watson; 2023 second round pick (second most favorable of (a) Thunder, (b) Wizards, (c) more favorable of Heat, Mavericks picks) (#40-Maxwell Lewis); 2024 second round pick (more favorable of Hornets, Timberwolves picks) (#34-Tyler Kolek)",2,3,trade with Nuggets
2022-06-23,Thunder,Knicks,rights to Ousmane Dieng,"draft pick(s) (Nuggets pick) (first round pick protected top 14 in 2023-25, else 2025 second round pick, 2026 second round pick) (2023 #27-Nick Smith Jr.); draft pick (Pistons pick) (first round pick protected top 16 in 2021-22, top 18 in 2023-24, top 13 in 2025, top 11 in 2026, top 9 in 2027, else 2027 second round pick) (2025 #17-Joan Beringer); draft pick(s) (Wizards pick) (first round pick protected top 14 in 2023, top 12 in 2024, top 10 in 2025, top 8 in 2026, else 2026 second round pick, 2027 second round pick) (?-?)",1,3,trade with Knicks
2022-09-29,Thunder,Rockets,David Nwaba; Sterling Brown; Trey Burke; Marquese Chriss,"Derrick Favors; Ty Jerome; Theo Maledon; Maurice Harkless / Moe Harkless; 2026 second round pick (second-least favorable of 76ers, Mavericks, Thunder picks) (?-?); cash considerations",4,6,trade with Rockets
2023-02-09,Thunder,Suns,Dario Saric; 2029 second round pick (?-?)*; $1M cash,Darius Bazley,3,1,trade with Suns
2023-02-09,Thunder,Celtics,Justin Jackson (Aaron); 2023 second round pick (least favorable pick Celtics have) (#50-Keyontae Johnson); 2029 second round pick (?-?),Mike Muscala,3,1,trade with Celtics
2023-06-23,Thunder,"Lakers, Nuggets, Pacers","draft pick (from Nuggets) (at least 2 years after Thunder receive previously owed first round pick from Nuggets; first round pick protected top 5 in 2029-30, else 2030 second round pick) (?-?)","rights to Hunter Tyson; 2024 first round pick (least favorable of Clippers, Jazz (protected top 10), Rockets (protected top 4), Thunder, picks) (#29-Isaiah Collier); 2024 second round pick (least favorable of Hornets, Timberwolves picks) (#56-Kevin McCullar Jr.)",1,3,"4-team trade with Lakers, Nuggets, Pacers"
2023-07-06,Thunder,Heat,Victor Oladipo; 2029 second round pick (?-?); 2030 second round pick (?-?),cash considerations / trade exception,3,1,trade with Heat
2023-07-06,Thunder,Mavericks,Davis Bertans; rights to Cason Wallace,Dereck Lively II,2,1,trade with Mavericks
2023-07-08,Thunder,"Clippers, Grizzlies, Hawks, Rockets",Patrick Mills / Patty Mills; 2024 second round pick (from Rockets) (#42-K.J. Simpson); 2029 second round pick (from Rockets) (?-?); 2030 second round pick (from Rockets) (?-?),$1.1M cash,4,1,"5-team trade with Clippers, Grizzlies, Hawks, Rockets"
2023-07-12,Thunder,Hawks,TyTy Washington Jr.; Usman Garuba; Rudy Gay; 2026 second round pick (Warriors pick) (?-?),Patrick Mills / Patty Mills,4,1,trade with Hawks
2023-10-17,Thunder,Rockets,Kevin Porter Jr.; 2027 second round pick (?-?); 2028 second round pick (?-?),Victor Oladipo; Jeremiah Robinson-Earl,3,2,trade with Rockets
2023-11-01,Thunder,"76ers, Clippers",Thunder option to swap 2027 first round picks (Nuggets pick (protected top 5) or Thunder pick) with Clippers (from Clippers) ( (?-?); cash (from Clippers),"2026 first round pick (least favorable of Clippers, Rockets (protected top 4), Thunder picks) (?-?); Thunder option to swap 2027 first round picks (Nuggets pick (protected top 5) or Thunder pick) with Clippers (from Clippers) ( (?-?)",2,2,"3-team trade with 76ers, Clippers"
2024-02-08,Thunder,Mavericks,Thunder option to swap 2028 first round picks with Mavericks (?-?),"2024 first round pick (second least favorable of Clippers, Jazz (protected top 10), Rockets (protected top 4), Thunder picks) (#26-Dillon Jones); Thunder option to swap 2028 first round picks with Mavericks (?-?)",1,2,trade with Mavericks
2024-02-08,Thunder,Hornets,Gordon Hayward,Vasilije Micic / Vasa Micic; Tre Mann; Davis Bertans; 2024 second round pick (#42-K.J. Simpson); 2025 second round pick (#35-Johni Broome); cash considerations,1,6,trade with Hornets
2024-06-21,Thunder,Bulls,Alex Caruso,Josh Giddey,1,1,trade with Bulls
2024-06-27,Thunder,Warriors,rights to Quinten Post,Lindy Waters,1,1,trade with Warriors
2024-06-27,Thunder,Blazers,rights to Osasere Ighodaro / Oso Ighodaro,rights to Quinten Post; cash,1,2,trade with Blazers
2024-07-06,Thunder,Knicks,rights to Dillon Jones,"2025 second round pick (more favorable of Celtics, Grizzlies picks) (#50-Kobe Sanders); 2026 second round pick (Warriors pick) (?-?); 2027 second round pick (Timberwolves pick) (?-?); 2027 second round pick (second most favorable of Heat, Pacers, Rockets, Thunder picks) (?-?); 2027 second round pick (third most favorable of Heat, Pacers, Rockets, Thunder picks) (?-?)",1,5,trade with Knicks
2025-02-03,Thunder,Hornets,2030 second round pick (Nuggets pick?) (?-?),2029 second round pick (Suns pick?) (?-?),1,1,trade with Hornets
2025-02-05,Thunder,Pelicans,"Daniel Theis; 2031 second round pick (least favorable of Magic, Pelicans picks) (?-?)",cash considerations,2,1,trade with Pelicans
2025-06-25,Thunder,Kings,"2027 first round pick (Spurs pick) (protected top 16, else 2027 second round pick, 2027 second round pick (Hornets pick)) (?-?)",rights to Nique Clifford,1,1,trade with Kings
2025-06-28,Thunder,Wizards,Colby Jones,Dillon Jones; 2029 second round pick (Rockets pick) (?-?),1,2,trade with Wizards
2026-02-04,Thunder,Hornets,Mason Plumlee,"Ousmane Dieng; 2029 second round pick (most favorable of Hawks, Heat picks) (?-?)",1,2,trade with Hornets
2026-02-04,Thunder,76ers,Jared McCain,"2026 first round pick (second most favorable of Clippers, Rockets, Thunder picks if Rockets pick is transferred to Thunder, else more favorable of Clippers, Thunder picks) (?-?); 2027 second round pick (most favorable of Heat, Pacers, Rockets, Thunder picks) (?-?); 2028 second round pick (?-?); 2028 second round pick (Bucks pick) (?-?)",1,4,trade with 76ers
2026-02-04,Thunder,Jazz,rights to Balsa Koprivica,cash considerations,1,1,trade with Jazz
2026-06-24,Thunder,"Gruzzlies, Pistons",rights to Bennett Stirtz,rights to Ebuka Okorie; second round pick (?-?)**; second round pick (?-?)**,1,3,"3-team trade with Gruzzlies, Pistons"
2026-06-24,Thunder,Heat,rights to Otega Oweh; cash considerations,rights to Ryan Conwell,2,1,trade with Heat
2026-07-06,Thunder,Hawks,"2030 second round pick (?-?)**; 2032 second round pick (less favorable of Hawks, Lakers picks) (?-?)**",Aaron Wiggins,2,1,trade with Hawks
2026-07-06,Thunder,Pistons,2030 second round pick (Timberwolves pick) (?-?)**; 2031 second round pick (?-?)**,Isaiah Joe,2,1,trade with Pistons
2026-07-19,Thunder,"Hawks, Mavericks",2027 second round pick (from Mavericks) (Bulls pick) (?-?); 2031 second round pick (from Hawks) (?-?); 2032 second round pick (from Hawks) (?-?),Luguentz Dort,3,1,"3-team trade with Hawks, Mavericks"
2014-06-26,Magic,Nuggets,Evan Fournier; rights to Roy Devyn Marble / Roy Marble (Devyn),Arron Afflalo,2,1,trade with Nuggets
2014-06-26,Magic,76ers,rights to Elfrid Payton,rights to Dario Saric; 2015 second round pick (#35-Guillermo Hernangomez / Willy Hernangomez); 2017 first round pick (#5-De'Aaron Fox),1,3,trade with 76ers
2014-07-14,Magic,Bulls,"Anthony Randolph; 2015 second round pick (more favorable of Bulls, Nuggets picks) (#51-Tyler Harvey); 2016 second round pick (more favorable of Blazers, Bulls picks) (#47-Jake Layman); cash",rights to Milovan Rakovic,4,1,trade with Bulls
2015-06-24,Magic,Grizzlies,rights to Janis Timma,Luke Ridnour,1,1,trade with Grizzlies
2015-07-09,Magic,Knicks,Magic option to swap 2019 second round picks with Knicks (#33-Carsen Edwards); cash considerations,Kyle O'Quinn; Magic option to swap 2019 second round picks with Knicks (#47-Ignas Brazdeikis / Iggy Brazdeikis),2,2,trade with Knicks
2015-07-13,Magic,Blazers,2020 second round pick (protected top 55) (not exercised),Maurice Harkless / Moe Harkless,1,1,trade with Blazers
2015-07-27,Magic,Heat,Shabazz Napier; cash considerations,"2016 second round pick (protected top 55 in 2016, else extinguished) (not exercised)",2,1,trade with Heat
2016-01-12,Magic,Cavaliers,Joe Harris; 2017 second round pick (protected top 55) (not exercised),2020 second round pick (protected top 55) (not exercised),2,1,trade with Cavaliers
2016-02-16,Magic,Pistons,Brandon Jennings; Ersan Ilyasova,Tobias Harris,2,1,trade with Pistons
2016-02-18,Magic,"Blazers, Cavaliers",Jared Cunningham; 2020 second round pick (from Blazers) (#32-Vernon Carey Jr.),Channing Frye,2,1,"3-team trade with Blazers, Cavaliers"
2016-06-23,Magic,Thunder,Serge Ibaka,Victor Oladipo; Ersan Ilyasova; rights to Domantas Sabonis,1,3,trade with Thunder
2016-06-23,Magic,Blazers,2019 second round pick (#56-Jaylen Hands); $1.2M cash,rights to Jake Layman,2,1,trade with Blazers
2016-06-29,Magic,Pistons,Jodie Meeks,2019 conditional second round pick (less favorable of (a) Blazers pick and (b) most favorable of Cavaliers; Magic; Rockets picks) (#56-Jaylen Hands),1,3,trade with Pistons
2016-07-07,Magic,Blazers,cash considerations,Shabazz Napier,1,1,trade with Blazers
2016-07-15,Magic,Clippers,C.J. Wilcox; cash,Roy Devyn Marble / Roy Marble (Devyn); 2020 second round pick (#32-Vernon Carey Jr.),2,2,trade with Clippers
2017-02-14,Magic,Raptors,"Terrence Ross; draft pick(s) (less favorable of Clippers, Raptors first round picks, Clippers pick protected top 14 in 2017-19, Raptors pick protected top 10 in 2017, top 14 in 2018-22, else Raptors 2022 second round pick, Raptors 2023 second round pick) (2017 #25-Anzejs Pasecniks)",Serge Ibaka,2,1,trade with Raptors
2017-06-22,Magic,Grizzlies,2019 second round pick (#46-Talen Horton-Tucker),rights to Ivan Rabb,1,1,trade with Grizzlies
2017-06-22,Magic,76ers,"draft pick(s) (first round pick exactly two years after Thunder conveys first round pick to Jazz, protected top 20 in 2020-22, else 2022 second round pick and 2023 second round pick) (2020 #21-Tyrese Maxey); 2020 second round pick (less favorable of Knicks, Nets picks) (#47-Yam Madar)",rights to Anzejs Pasecniks,2,1,trade with 76ers
2018-02-08,Magic,Suns,"2018 second round pick (second least favorable of Grizzlies, Heat, Hornets picks) (#41-Jarred Vanderbilt)",Elfrid Payton,1,1,trade with Suns
2018-06-21,Magic,Nuggets,"rights to Justin Jackson (Nicholas); 2019 second round pick (less favorable of Nuggets (protected #56-60), Wizards picks; if Nuggets pick is less favorable but falls within protected range, then Wizards pick) (#36-Cody Martin)",rights to Jarred Vanderbilt,2,1,trade with Nuggets
2018-07-07,Magic,"Bulls, Hornets",Timofey Mozgov; Jerian Grant,"Bismack Biyombo; 2019 second round pick (less favorable of Nuggets (protected #56-60), Wizards picks; if Nuggets pick is less favorable but falls within protected range, then Wizards pick) (#36-Cody Martin); 2020 second round pick (less favorable of Knicks, Nets picks) (#47-Yam Madar)",2,3,"3-team trade with Bulls, Hornets"
2018-07-20,Magic,Thunder,Dakari Johnson; cash,Rodney Purvis,2,1,trade with Thunder
2018-07-23,Magic,Grizzlies,Jarell Martin; cash,Dakari Johnson; rights to Tyler Harvey,2,2,trade with Grizzlies
2019-02-07,Magic,76ers,Markelle Fultz,"Jonathon Simmons; 2019 second round pick (most favorable of Blazers, Cavaliers, Magic, Rockets picks) (#33-Carsen Edwards); draft pick(s) (2020 first round protected top 20, else 2022 second round pick, 2023 second round pick) (2020 #21-Tyrese Maxey)",1,3,trade with 76ers
2019-06-20,Magic,Lakers,2020 second round pick (#58-Paul Reed); $2.2M cash considerations,rights to Talen Horton-Tucker,2,1,trade with Lakers
2020-02-06,Magic,76ers,James Ennis III,2020 second round pick (#58-Paul Reed),1,1,trade with 76ers
2020-11-18,Magic,Bucks,second round pick (one year after Pacers send second round pick to Nets (2022 #35-Max Christie); 2026 second round pick (?-?),2020 second round pick (#45-Jordan Nwora),2,1,trade with Bucks
2021-03-25,Magic,Bulls,"Wendell Carter Jr.; Otto Porter Jr.; 2021 first round pick (protected top 4 in 2021) (#8-Franz Wagner); draft pick(s) (first round pick protected top 4 in 2023, top 3 in 2024, else 2026 second round pick, 2027 second round pick) (2023 #11-Jett Howard)",Nikola Vucevic; Al-Farouq Aminu,4,2,trade with Bulls
2021-03-25,Magic,Celtics,"Jeff Teague; 2025 second round pick (less favorable of Celtics, Grizzlies picks) (#57-Max Shulga); 2027 second round pick (?-?)",Evan Fournier,3,1,trade with Celtics
2021-03-25,Magic,Nuggets,"R.J. Hampton; Gary Harris; first round pick (2 years after Nuggets transfer first round pick to Thunder, protected top 5 in 2025-27) (2025 #25-Jase Richardson)",Aaron Gordon; Gary Clark Jr.,3,2,trade with Nuggets
2021-07-29,Magic,Clippers,2026 second round pick (?-?); cash,rights to Jason Preston,2,1,trade with Clippers
2022-02-10,Magic,Celtics,Bol Bol; P.J. Dozier; 2028 second round pick (protected top 45) (?-?); cash considerations,2023 second round pick (protected top 55) (not exercised),4,1,trade with Celtics
2022-06-23,Magic,Lakers,"2028 second round pick (more favorable of Lakers, Wizards picks (?-?); $2.15M cash",2022 second round pick (#35-Max Christie),2,1,trade with Lakers
2023-02-09,Magic,"Clippers, Lakers, Nuggets",Patrick Beverley; 2024 second round pick (from Nuggets) (pick rescinded); cash,Mohamed Bamba / Mo Bamba,3,1,"4-team trade with Clippers, Lakers, Nuggets"
2023-06-22,Magic,Bucks,2030 second round pick (?-?); cash considerations,rights to Andre Jackson Jr.,2,1,trade with Bucks
2023-07-17,Magic,Suns,"Magic option to swap 2026 first round picks with Suns (less favorable of Suns, Wizards picks) (#16-Bennett Stirtz)","2024 second round pick (pick rescinded); Magic option to swap 2026 first round picks with Suns (less favorable of Suns, Wizards picks) (?-?); 2026 second round pick (least favorable of Bucks, Magic, Pistons picks) (?-?); 2028 second round pick (protected top 45) (?-?)",1,4,trade with Suns
2024-06-27,Magic,Pelicans,Magic option to swap 2030 second round picks with Pelicans (?-?); Magic option to swap 2031 second round picks with Pelicans (?-?),Antonio Reeves; Magic option to swap 2030 second round picks with Pelicans (?-?); Magic option to swap 2031 second round picks with Pelicans (?-?),2,3,trade with Pelicans
2025-06-15,Magic,Grizzlies,Desmond Bane; Grizzlies option to swap 2029 first round picks with Magic (?-?),"Cole Anthony; Kentavious Caldwell-Pope; 2025 first round pick (#16-Yang Hansen / Hansen Yang); 2026 first round pick (more favorable of (a) Magic pick, (b) less favorable of Suns, Wizards picks) (#16-Bennett Stirtz); 2028 first round pick (?-?); Grizzlies option to swap 2029 first round picks with Magic (?-?); 2030 first round pick (?-?)",2,7,trade with Grizzlies
2025-06-26,Magic,Celtics,Noah Penda,"rights to Amari Williams; rights to Max Shulga; 2026 second round pick (most favorable of Bucks, Magic, Pistons picks) (?-?); 2027 second round pick (more favorable of Celtics, Magic picks) (?-?)",1,4,trade with Celtics
2026-02-04,Magic,Hornets,cash considerations,"Tyus Jones; 2027 second round pick (less favorable of Celtics, Magic picks) (?-?); 2028 second round pick (?-?)",1,3,trade with Hornets
2026-06-24,Magic,"Bucks, Wizards",rights to Izaiyah Nelson; cash considerations (from Bucks),rights to Felix Okpara; rights to Malique Lewis,2,2,"3-team trade with Bucks, Wizards"
2014-02-20,76ers,Clippers,Byron Mullens / B.J. Mullens; 2018 second round pick (#43-Justin Jackson (Nicholas)),2014 second round pick (protected top 40 and #46-60) (not exercised),2,1,trade with Clippers
2014-02-20,76ers,Pacers,Danny Granger; 2015 second round pick (#60-Luka Mitrovic),Evan Turner; Lavoy Allen,2,2,trade with Pacers
2014-02-20,76ers,"Nuggets, Wizards",Eric Maynor; 2015 second round pick (from Wizards) (#47-Arturas Gudaitis); 2016 second round pick (from Nuggets) (#39-David Michineau),"2014 second round pick (protected top 45 and #51-60 in 2014, else extinguished) (not exercised)",3,1,"3-team trade with Nuggets, Wizards"
2014-02-20,76ers,Cavaliers,Earl Clark; Henry Sims; 2014 second round pick (#39-Jerami Grant); 2014 second round pick (#52-Vasilije Micic / Vasa Micic),Spencer Hawes,4,1,trade with Cavaliers
2014-06-26,76ers,Spurs,rights to Cory Jefferson; rights to Jordan McRae,rights to Nemanja Dangubic,2,1,trade with Spurs
2014-06-26,76ers,Magic,rights to Dario Saric; 2015 second round pick (#35-Guillermo Hernangomez / Willy Hernangomez); 2017 first round pick (#5-De'Aaron Fox),rights to Elfrid Payton,3,1,trade with Magic
2014-06-26,76ers,Pelicans,rights to Pierre Jackson,rights to Russ Smith,1,1,trade with Pelicans
2014-06-26,76ers,Nets,cash,rights to Cory Jefferson,1,1,trade with Nets
2014-08-23,76ers,"Cavaliers, Timberwolves","Luc Richard Mbah a Moute / Luc Mbah a Moute; Alexey Shved; first round pick (from Cavaliers, protected top 10 in 2015-16, unprotected in 2017) (2016 #24-Timothe Luwawu-Cabarrot)",Thaddeus Young,3,1,"3-team trade with Cavaliers, Timberwolves"
2014-08-26,76ers,Thunder,Hasheem Thabeet; cash considerations,"2015 second round pick (if this pick is not conveyed from 76ers to Celtics from previous trade, protected top 55 in 2015) (not exercised); trade exception",2,2,trade with Thunder
2014-09-27,76ers,Cavaliers,Keith Bogans; 2018 second round pick (#55-Arnoldas Kulboka),"2015 second round pick (conditional if pick is not conveyed to Celtics, protected top 50 and #56-60) (not exercised)",2,1,trade with Cavaliers
2014-10-24,76ers,Nets,"Marquis Teague; 2019 second round pick (more favorable of Bucks, Kings picks) (#42-Admiral Schofield)",Casper Ware,2,1,trade with Nets
2014-10-27,76ers,Knicks,Travis Outlaw; 76ers option to swap 2018 second round picks with Knicks (#39-Isaac Bonga); 2019 second round pick (#31-Nicolas Claxton / Nic Claxton),Arnett Moultrie; 76ers option to swap 2018 second round picks with Knicks (#43-Justin Jackson (Nicholas)),3,2,trade with Knicks
2014-12-11,76ers,Nets,Andrei Kirilenko; Jorge Gutierrez; 76ers option to swap 2018 second round picks with Nets (#38-Khyri Thomas); 2020 second round pick (#47-Yam Madar); cash,Brandon Davies; 76ers option to swap 2018 second round picks with Nets (#55-Arnoldas Kulboka),5,2,trade with Nets
2014-12-19,76ers,"Rockets, Timberwolves",Ronny Turiaf; rights to Sergei Lishouk / Sergei Lishchuk; 2015 second round pick (from Rockets) (#58-J.P. Tokoto),Alexey Shved,3,1,"3-team trade with Rockets, Timberwolves"
2015-01-07,76ers,Clippers,Jared Cunningham; rights to Cenk Akyol; cash,rights to Sergei Lishouk / Sergei Lishchuk,3,1,trade with Clippers
2015-02-19,76ers,Rockets,"Isaiah Canaan; 2015 second round pick (less favorable of Nuggets, Timberwolves) (#37-Richaun Holmes)",K.J. McDaniels,2,1,trade with Rockets
2015-02-19,76ers,Nuggets,"JaVale McGee; rights to rights to Chukwudiebere Maduabum / Chu Chu Maduabum; first round pick (protected top 18 in 2015, top 15 in 2016-17, else 2018 second round pick, 2019 second round pick) (2016 #26-Furkan Korkmaz)",rights to Cenk Akyol; cash,3,2,trade with Nuggets
2015-02-19,76ers,"Bucks, Suns","first round pick (protected top 5 in 2015, top 3 in 2016-17, unprotected in 2018) (from Suns) (2018 #10-Mikal Bridges)",Michael Carter-Williams,1,1,"3-team trade with Bucks, Suns"
2015-06-25,76ers,Knicks,2020 second round pick (#36-Tyler Bey); 2021 second round pick (#50-Filip Petrusev); cash,rights to Guillermo Hernangomez / Willy Hernangomez,3,1,trade with Knicks
2015-07-09,76ers,Kings,"Nik Stauskas; Jason Thompson; Carl Landry; 76ers option to swap 2016 first round picks with Kings (Kings pick protected #11-30, else extinguished) (not exercised); 76ers option to swap 2017 first round picks with Kings (Kings pick protected #11-30 if Kings do not convey first round pick to Cavaliers in 2016) (#3-Jayson Tatum); first round pick (at least 2 years after Kings convey first round pick to Cavaliers from earlier trade, protected top 10 in 2018, unprotected in 2019) (2019 #14-Romeo Langford)",rights to Arturas Gudaitis; rights to Luka Mitrovic; 76ers option to swap 2016 first round picks with Kings (Kings pick protected #11-30) (not exercised); 76ers option to swap 2017 first round picks with Kings (Kings pick protected #11-30 if Kings do not convey first round pick to Cavaliers in 2016) (#5-De'Aaron Fox),6,4,trade with Kings
2015-07-31,76ers,Warriors,Gerald Wallace; 76ers option to swap 2016 first round picks with Warriors (not exercised); cash considerations,"Jason Thompson; 76ers option to swap 2016 first round picks (less favorable of Heat (protected top 10), Thunder (protected top 15) picks) with Warriors (not exercised)",3,2,trade with Warriors
2015-12-24,76ers,Pelicans,Ishmael Smith / Ish Smith,2016 second round pick (#39-David Michineau); 2017 second round pick (#34-Frank Mason),1,2,trade with Pelicans
2016-02-18,76ers,Rockets (trade later voided),Joel Anthony; 2017 second round pick (not exercised),rights to Chukwudiebere Maduabum / Chu Chu Maduabum,2,1,trade with Rockets (trade later voided)
2016-02-22,76ers,Rockets rescinded,rights to Chukwudiebere Maduabum / Chu Chu Maduabum,Joel Anthony; 2017 second round pick (not exercised),1,2,earlier trade with Rockets rescinded
2016-07-15,76ers,Cavaliers,Sasha Kaun; cash,rights to Chukwudiebere Maduabum / Chu Chu Maduabum,2,1,trade with Cavaliers
2016-08-26,76ers,Jazz,"Tibor Pleiss; 2017 second round pick (most favorable of Jazz, Knicks, Pistons, Warriors picks) (#36-Jonah Bolden); 2017 second round pick (least favorable of Jazz, Knicks, Pistons, Warriors picks) (#60-Alpha Kaba)",Kendall Marshall,3,1,trade with Jazz
2016-11-01,76ers,Thunder,"Ersan Ilyasova; draft pick(s) (first round pick protected top 20 in 2020, else 2022 second round pick, 2023 second round pick) (2020 #21-Tyrese Maxey)",Jerami Grant,2,1,trade with Thunder
2017-02-22,76ers,Hawks,"Tiago Splitter; second round pick (protected top 40 in 2017, unprotected in 2018) (2017 #46-Sterling Brown); 76ers option to swap 2017 second round picks (least favorable of Jazz, Knicks, Pistons, Warriors picks received in earlier trade with Jazz) with Hawks (Hawks pick protected #56-60) (#50-Mathias Lessort)","Ersan Ilyasova; 76ers option to swap 2017 second round picks (least favorable of Jazz, Knicks, Pistons, Warriors picks received in earlier trade with Jazz) with Hawks (Hawks pick protected #56-60) (#60-Alpha Kaba)",3,2,trade with Hawks
2017-02-23,76ers,Mavericks,"Andrew Bogut; Justin Anderson; conditional draft pick(s) (2017 first round pick protected top 18, else 2017 second round pick, 2020 second round pick (protected #56-60)) (2017 #39-Jawun Evans) (2020 #48-Nico Mannion)",Nerlens Noel,3,1,trade with Mavericks
2017-06-19,76ers,Celtics,2017 first round pick (#1-Markelle Fultz),"2017 first round pick (#3-Jayson Tatum); first round pick (Lakers 2018 pick if it is #2-5, else more favorable of 76ers, Kings 2019 first round picks unless that pick is #1 overall in which case less favorable of 76ers, Kings picks) (2019 #14-Romeo Langford)",1,2,trade with Celtics
2017-06-22,76ers,Magic,rights to Anzejs Pasecniks,"draft pick(s) (first round pick exactly two years after Thunder conveys first round pick to Jazz, protected top 20 in 2020-22, else 2022 second round pick and 2023 second round pick) (2020 #21-Tyrese Maxey); 2020 second round pick (less favorable of Knicks, Nets picks) (#47-Yam Madar)",1,2,trade with Magic
2017-06-28,76ers,Rockets,2018 second round pick (#60-Kostas Antetokounmpo); cash considerations,Shawn Long,2,1,trade with Rockets
2017-07-06,76ers,Bucks,cash considerations,rights to Sterling Brown,1,1,trade with Bucks
2017-07-06,76ers,Clippers,cash,rights to Jawun Evans,1,1,trade with Clippers
2017-12-07,76ers,Nets,Trevor Booker,Jahlil Okafor; Nik Stauskas; 2019 second round pick (#31-Nicolas Claxton / Nic Claxton),1,3,trade with Nets
2018-06-21,76ers,Pistons,2021 second round pick (#32-Jeremiah Robinson-Earl); 2023 second round pick (#31-James Nnaji),rights to Khyri Thomas,2,1,trade with Pistons
2018-06-21,76ers,Mavericks,rights to Shake Milton,rights to Raymond Spalding / Ray Spalding; rights to Kostas Antetokounmpo,1,2,trade with Mavericks
2018-06-21,76ers,Suns,rights to Zhaire Smith; 2021 first round pick (#18-Tre Mann),rights to Mikal Bridges,2,1,trade with Suns
2018-07-06,76ers,Lakers,2019 second round pick (#34-Bruno Fernando); cash,rights to Isaac Bonga,2,1,trade with Lakers
2018-07-06,76ers,Nuggets,Wilson Chandler; 2021 second round pick (#55-Aaron Wiggins); 76ers option to swap 2022 second round picks with Nuggets (#50-Matteo Spagnolo),76ers option to swap 2022 second round picks with Nuggets (pick forfeited); cash,3,2,trade with Nuggets
2018-07-20,76ers,Suns,$1M cash,Richaun Holmes,1,1,trade with Suns
2018-07-25,76ers,"Hawks, Thunder",Mike Muscala,Justin Anderson; Timothe Luwawu-Cabarrot,1,2,"3-team trade with Hawks, Thunder"
2018-11-12,76ers,Timberwolves,Jimmy Butler; Justin Patton,"Robert Covington; Dario Saric; Jerryd Bayless; 2022 second round pick (more favorable of 76ers, Nuggets picks) (#50-Matteo Spagnolo)",2,4,trade with Timberwolves
2019-02-06,76ers,Clippers,Tobias Harris; Boban Marjanovic; (James) Mike Scott,"Landry Shamet; Wilson Chandler; Mike Muscala; draft pick(s) (first round pick protected top 14 in 2020-22, else 2023 second round pick, 2024 second round pick (2020 #19-Saddiq Bey); 2021 first round pick (#18-Tre Mann); 2021 second round pick (#32-Jeremiah Robinson-Earl); 2023 second round pick (#31-James Nnaji)",3,7,trade with Clippers
2019-02-06,76ers,Raptors,Malachi Richardson; rights to Emir Preldžic; 2022 second round pick (#51-Tyrese Martin),cash considerations,3,1,trade with Raptors
2019-02-07,76ers,Rockets,James Ennis III; Rockets option to swap 2021 second round picks with 76ers (not exercised),Rockets option to swap 2021 second round picks with 76ers (not exercised),2,1,trade with Rockets
2019-02-07,76ers,Magic,"Jonathon Simmons; 2019 second round pick (most favorable of Blazers, Cavaliers, Magic, Rockets picks) (#33-Carsen Edwards); draft pick(s) (2020 first round protected top 20, else 2022 second round pick, 2023 second round pick) (2020 #21-Tyrese Maxey)",Markelle Fultz,3,1,trade with Magic
2019-06-21,76ers,Wizards,$2M cash,Jonathon Simmons; rights to Admiral Schofield,1,2,trade with Wizards
2019-06-21,76ers,Celtics,rights to Matisse Thybulle,rights to Carsen Edwards; rights to Ty Jerome,1,2,trade with Celtics
2019-07-06,76ers,Hawks,"rights to Jordan Bone; 2020 second round pick (protected #56-60) (#34-Theo Maledon); 2023 second round pick (most favorable of Hawks, Hornets, Nets picks) (#34-Colby Jones)",rights to Bruno Fernando,3,1,trade with Hawks
2019-07-06,76ers,"Blazers, Clippets, Heat",Josh Richardson,Jimmy Butler; rights to Mathias Lessort,1,2,"4-team trade with Blazers, Clippets, Heat"
2019-07-08,76ers,Pistons,2024 second round pick (protected top 55) (not exercised); cash considerations,rights to Jordan Bone,2,1,trade with Pistons
2020-02-06,76ers,Magic,2020 second round pick (#58-Paul Reed),James Ennis III,1,1,trade with Magic
2020-02-06,76ers,Warriors,Alec Burks; Glenn Robinson III,2020 second round pick (#48-Nico Mannion); 2021 second round pick (#55-Aaron Wiggins); 2022 second round pick (#51-Tyrese Martin),2,3,trade with Warriors
2020-11-18,76ers,Mavericks,Seth Curry; traded player exception,Josh Richardson; rights to Tyler Bey,2,2,trade with Mavericks
2020-11-23,76ers,Pistons,Tony Bradley,Zhaire Smith,1,1,trade with Pistons
2020-12-08,76ers,Thunder,Danny Green; Terrance Ferguson; Vincent Poirier,"Al Horford; rights to Theo Maledon; rights to Vasilije Micic / Vasa Micic; draft pick (first round pick protected top 6 in 2025, top 4 in 2026-27, else 2027 second round) (2026 #17-Ebuka Okorie); cash",3,5,trade with Thunder
2021-03-25,76ers,"Knicks, Thunder",George Hill; Ignas Brazdeikis / Iggy Brazdeikis,"Terrance Ferguson; Vincent Poirier; Tony Bradley; rights to Emir Preldzic; 2021 second round pick (less favorable of 76ers, Rockets picks) (#58-Jericho Sims); 2024 second round pick (protected top 55) (not exercised); 2025 second round pick (#35-Johni Broome); 2026 second round pick (?-?)",2,8,"3-team trade with Knicks, Thunder"
2021-07-29,76ers,Pelicans,2021 second round pick (#53-Charles Bassey),cash considerations,1,1,trade with Pelicans
2022-02-10,76ers,Nets,James Harden; Paul Millsap,"Ben Simmons; Seth Curry; Andre Drummond; 2022 or 2023 first round pick (Nets option) (2023 #28-Brice Sensabaugh); first round pick (at least 2 years after 76ers send first round pick owed to Thunder; protected top 8 in 2027-28, else 2028 second round pick, cash) (?-?)",2,5,trade with Nets
2022-06-24,76ers,Grizzlies,De'Anthony Melton,Danny Green; rights to David Roddy,1,2,trade with Grizzlies
2023-02-09,76ers,"Blazers, Hornets, Knicks",Jalen McDaniels; 2024 second round pick (from Hornets) (#53-Cam Spencer); 2029 second round pick (from Blazers) (?-?),"Matisse Thybulle; 2023 second round pick (most favorable of Hawks, Hornets, Nets picks) (#34-Colby Jones)",3,2,"4-team trade with Blazers, Hornets, Knicks"
2023-11-01,76ers,"Clippers, Thunder","Robert Covington; Nicolas Batum; Kenyon Martin Jr. / K.J. Martin; Marcus Morris; 2024 second round pick (from Clippers) (more favorable of (a) Raptors pick, (b) more favorable of (1) Pacers pick (2) less favorable of Cavaliers, Jazz pick) (#36-Juan Nunez); 2026 first round pick (least favorable of Clippers, Rockets (protected top 4), Thunder picks) (from Thunder) (?-?); 2028 first round pick (from Clippers) (?-?); 76ers option to swap 2029 first round picks with Clippers (from Clippers) (Clippers pick protected top 3) (?-?); 2029 second round pick (from Clippers) (?-?); cash (from Clippers)",James Harden; P.J. Tucker; Filip Petrusev; 76ers option to swap 2029 first round picks with Clippers (from Clippers) (Clippers pick protected top 3) (?-?),10,4,"3-team trade with Clippers, Thunder"
2024-02-08,76ers,Pistons,2028 second round pick (protected top 55) (?-?),Danuel House Jr.; 2024 second round pick (#53-Cam Spencer); cash considerations,1,3,trade with Pistons
2024-02-08,76ers,Celtics,"2024 second round pick (more favorable of Bulls, Pelicans picks) (#41-Adem Bona)",Jaden Springer,1,1,trade with Celtics
2024-02-08,76ers,Bucks,Cameron Payne; 2027 second round pick (?-?)*,Patrick Beverley,2,1,trade with Bucks
2024-02-08,76ers,"Pacers, Spurs",Buddy Hield,"Furkan Korkmaz; Marcus Morris; 2024 second round pick (more favorable of (a) Raptors pick, (b) more favorable of (1) Pacers pick (2) less favorable of Cavaliers, Jazz picks) (#36-Juan Nunez); 2029 second round pick (?-?); 2029 second round pick (?-?); cash considerations",1,6,"3-team trade with Pacers, Spurs"
2024-07-06,76ers,"Hornets, Mavericks, Nuggets, Timberwolves, Warriors",2031 second round pick (from Mavericks) (?-?),Buddy Hield,1,1,"6-team trade with Hornets, Mavericks, Nuggets, Timberwolves, Warriors"
2025-02-04,76ers,Mavericks,"Quentin Grimes; 2025 second round pick (more favorable of 76ers, Nuggets picks) (#35-Johni Broome)",Caleb Martin; 2030 second round pick (?-?),2,2,trade with Mavericks
2025-02-06,76ers,Pistons,cash considerations,Kenyon Martin Jr. / K.J. Martin; 2027 second round pick (Bucks pick) (?-?); 2031 second round pick (Mavericks pick) (?-?),1,3,trade with Pistons
2025-02-06,76ers,Wizards,"Jared Butler; 2027 second round pick (more favorable of Suns, Warriors picks) (?-?); 2028 second round pick (Warriors pick) (?-?); 2030 second round pick (more favorable of Blazers, Suns picks) (?-?); 2030 second round pick (?-?)","Reggie Jackson; 2026 first round pick (least favorable of Clippers, Rockets (protected top 4), Thunder picks) (?-?)",5,2,trade with Wizards
2026-02-04,76ers,Thunder,"2026 first round pick (second most favorable of Clippers, Rockets, Thunder picks if Rockets pick is transferred to Thunder, else more favorable of Clippers, Thunder picks) (?-?); 2027 second round pick (most favorable of Heat, Pacers, Rockets, Thunder picks) (?-?); 2028 second round pick (?-?); 2028 second round pick (Bucks pick) (?-?)",Jared McCain,4,1,trade with Thunder
2026-02-05,76ers,Grizzlies,Justinian Jessup; 76ers option to swap 2032 second round picks with Grizzlies (?-?),Eric Gordon; 76ers option to swap 2032 second round picks with Grizzlies (?-?),2,2,trade with Grizzlies
2026-07-06,76ers,Celtics,Jaylen Brown,Paul George; 2028 first round pick (?-?)**; 2028 conditional second round pick (?-?)**; 2030 conditional second round pick (?-?)**; 2031 first round pick (?-?)**,1,5,trade with Celtics
2026-07-28,76ers,Clippers,cash considerations,"Johni Broome; 2027 second round pick (second-most favorable of (a) 76ers pick, (b) more favorable of Suns, Warriors picks, (c) most favorable of Heat, Pacers, Rockets, Thunder picks) (?-?)",1,2,trade with Clippers
2014-07-12,Suns,Kings,Isaiah Thomas,rights to Alex Oriakhi; $7M trade exemption,1,2,trade with Kings
2014-12-24,Suns,Pistons,Tony Mitchell (LaShae),Anthony Tolliver,1,1,trade with Pistons
2015-01-09,Suns,Celtics,Brandan Wright,"draft pick(s) (first round pick (protected top 12 in 2015-16, else 2016 second round pick and 2017 second round pick)) (2016 #35-Rade Zagorac) (2017 #37-Semi Ojeleye)",1,1,trade with Celtics
2015-01-15,Suns,"Celtics, Clippers",Reggie Bullock,Shavlik Randolph,1,1,"3-team trade with Celtics, Clippers"
2015-02-19,Suns,Celtics,"Marcus Thornton (Terrell); first round pick (protected top 10 in 2016-18, unprotected in 2019) (2016 #28-Skal Labissiere)",Isaiah Thomas,2,1,trade with Celtics
2015-02-19,Suns,"76ers, Bucks",Brandon Knight; Kendall Marshall,"Tyler Ennis; Miles Plumlee; first round pick (protected top 5 in 2015, top 3 in 2016-17, unprotected in 2018) (2018 #10-Mikal Bridges)",2,3,"3-team trade with 76ers, Bucks"
2015-02-19,Suns,"Heat, Pelicans","Danny Granger; John Salmons; first round pick (from Heat) (in first draft 2 years after Heat convey first round pick to Cavaliers from ealier trade, protected top 7 in 2017-18, unprotected in 2019) (2018 #16-Zhaire Smith); 2021 first round pick (from Heat) (#18-Tre Mann)",Goran Dragic; Zoran Dragic,4,2,"3-team trade with Heat, Pelicans"
2015-06-25,Suns,Grizzlies,Jon Leuer,rights to Andrew Harrison,1,1,trade with Grizzlies
2015-07-09,Suns,Pistons,2020 second round pick (#35-Xavier Tillman),Marcus Morris; Reggie Bullock; Danny Granger,1,3,trade with Pistons
2016-02-11,Suns,Wizards,Kris Humphries; DeJuan Blair; first round pick (protected top 9 in 2016-21) (2016 #13-Georgios Papagiannis / Giorgios Papagiannis / George Papagiannis),Markieff Morris,3,1,trade with Wizards
2016-06-23,Suns,Kings,rights to Marquese Chriss,rights to Bogdan Bogdanovic; rights to Georgios Papagiannis / Giorgios Papagiannis / George Papagiannis; rights to Skal Labissiere; 2020 second round pick (#35-Xavier Tillman),1,4,trade with Kings
2017-02-23,Suns,Raptors,Jared Sullinger; 2017 second round pick (#54-Alec Peters); 2018 second round pick (#59-George King),P.J. Tucker,3,1,trade with Raptors
2017-02-23,Suns,Hawks,(James) Mike Scott; rights to Cenk Akyol; cash,2017 second round pick (protected top 55) (not exercised),3,1,trade with Hawks
2017-09-22,Suns,Grizzlies,"Troy Daniels; 2018 second round pick (second least favorable of Grizzlies, Heat, Hornets picks) (#41-Jarred Vanderbilt)",2018 second round pick (protected top 55) (not exercised),2,1,trade with Grizzlies
2017-11-07,Suns,Bucks,"Greg Monroe; 2018 second round pick (protected top 47) (not exercised); first round pick (protected top 10 and #17-30 in 2018, top 3 and #17-30 in 2019, top 7 in 2020, unprotected in 2021) (2020 #30-Desmond Bane)",Eric Bledsoe,3,1,trade with Bucks
2018-02-08,Suns,Magic,Elfrid Payton,"2018 second round pick (second least favorable of Grizzlies, Heat, Hornets picks) (#41-Jarred Vanderbilt)",1,1,trade with Magic
2018-06-21,Suns,76ers,rights to Mikal Bridges,rights to Zhaire Smith; 2021 first round pick (#18-Tre Mann),1,2,trade with 76ers
2018-07-20,Suns,Nets,Darrell Arthur,Jared Dudley; 2021 second round pick (protected #31-35) (#59-RaiQuan Gray),1,2,trade with Nets
2018-07-20,Suns,76ers,Richaun Holmes,$1M cash,1,1,trade with 76ers
2018-08-31,Suns,Rockets,Ryan Anderson; rights to De'Anthony Melton,Marquese Chriss; Brandon Knight,2,2,trade with Rockets
2018-12-17,Suns,Wizards,Kelly Oubre Jr.; Austin Rivers,Trevor Ariza,2,1,trade with Wizards
2019-02-06,Suns,Heat,Tyler Johnson; Wayne Ellington; cash,Ryan Anderson,3,1,trade with Heat
2019-07-06,Suns,Celtics,Aron Baynes; rights to Ty Jerome,"first round pick (protected top 7 in 2020, unprotected in 2021) (2020 #30-Desmond Bane); traded player exception",2,2,trade with Celtics
2019-07-06,Suns,Timberwolves,Dario Saric; rights to Cameron Johnson,rights to Jarrett Culver,2,1,trade with Timberwolves
2019-07-07,Suns,Grizzlies,Jevon Carter; Kyle Korver,Josh Jackson; De'Anthony Melton; 2020 second round pick (#40-Robert Woodard II); 2021 second round pick (protected #36-60) (not exercised),2,4,trade with Grizzlies
2020-11-16,Suns,Thunder,Chris Paul; Abdel Nader,"Ricky Rubio; Kelly Oubre Jr.; Ty Jerome; Jalen Lecque; first round pick (protected top 12 in 2022, top 10 in 2023, top 8 in 2024, unprotected in 2025) (2022 #30-Peyton Watson)",2,5,trade with Thunder
2021-03-18,Suns,Bucks,Torrey Craig,traded player exception; cash considerations,1,2,trade with Bucks
2021-08-06,Suns,Nets,Landry Shamet,Jevon Carter; rights to Day'Ron Sharpe,1,2,trade with Nets
2022-02-10,Suns,Wizards,Aaron Holiday,cash considerations,1,1,trade with Wizards
2022-02-10,Suns,Pacers,Torrey Craig; cash considerations,Jalen Smith; 2022 second round pick (#58-Hugo Besson),2,2,trade with Pacers
2022-07-06,Suns,Hawks,Jock Landale,cash considerations,1,1,trade with Hawks
2023-02-09,Suns,"Bucks, Nets, Pacers",Kevin Durant; T.J. Warren; Nets option to swap 2028 first round picks (76ers or Nets) with Suns (?-?),Mikal Bridges; Cameron Johnson; Jae Crowder; 2023 first round pick (#21-Noah Clowney); 2025 first round pick (#10-Khaman Maluach); 2027 first round pick (?-?); Nets option to swap 2028 first round picks with Suns (76ers or Nets) (?-?); 2029 first round pick (?-?),3,8,"4-team trade with Bucks, Nets, Pacers"
2023-02-09,Suns,Thunder,Darius Bazley,Dario Saric; 2029 second round pick (?-?)*; $1M cash,1,3,trade with Thunder
2023-06-24,Suns,"Pacers, Wizards","Bradley Beal; Jordan Goodwin; Isaiah Todd; Wizards option to swap 2024 first round picks (Wizards pick protected #13-30) with Suns (not exercised); Wizards option to swap 2026 first round picks with Suns (?-?); Wizards option to swap 2028 first round picks with Suns (less favorable of Nets, Suns picks) (?-?); Wizards option to swap 2030 first round picks with Suns (?-?)","Chris Paul; Landry Shamet; Wizards option to swap 2024 first round picks (Wizards pick protected #13-30) with Suns (not exercised); 2024 second round pick (#51-Melvin Ajinca); 2025 second round pick (#40-Micah Peavy); Wizards option to swap 2026 first round picks with Suns (?-?); 2026 second round pick (?-?); 2027 second round pick (?-?); Wizards option to swap 2028 first round picks with Suns (less favorable of Nets, Suns picks) (?-?); 2028 second round pick (?-?); Wizards option to swap 2030 first round picks with Suns (?-?); 2030 second round pick (?-?); ~$3.5M cash",7,13,"3-team trade with Pacers, Wizards"
2023-07-11,Suns,Grizzlies,"Grizzlies option to swap 2024 first round picks with Suns (less favorable of Suns, Wizards picks) (?-?); 2025 second round pick (Pelicans pick) (#34-Ryan Kalkbrenner); 2028 second round pick (?-?); 2029 second round pick (?-?); Grizzlies option to swap 2030 first round picks with Suns (less favorable of Suns, Wizards picks) (?-?)","Isaiah Todd; Grizzlies option to swap 2024 first round picks with Suns (less favorable of Suns, Wizards picks) (?-?); Grizzlies option to swap 2030 first round picks with Suns (less favorable of Suns, Wizards picks) (?-?)",5,3,trade with Grizzlies
2023-07-17,Suns,Spurs,2024 second round pick (protected #31-49 and #55-59) (not exercised),Cameron Payne; 2025 second round pick (#34-Ryan Kalkbrenner); cash,1,3,trade with Spurs
2023-07-17,Suns,Magic,"2024 second round pick (pick rescinded); Magic option to swap 2026 first round picks with Suns (less favorable of Suns, Wizards picks) (?-?); 2026 second round pick (least favorable of Bucks, Magic, Pistons picks) (?-?); 2028 second round pick (protected top 45) (?-?)","Magic option to swap 2026 first round picks with Suns (less favorable of Suns, Wizards picks) (#16-Bennett Stirtz)",4,1,trade with Magic
2023-09-27,Suns,"Blazers, Bucks",Jusuf Nurkic; Nassir Little; Keon Johnson; Grayson Allen,DeAndre Ayton; Toumani Camara,4,2,"3-team trade with Blazers, Bucks"
2024-02-08,Suns,"Grizzlies, Nets",Royce O'Neale; David Roddy,"Chimezie Metu; Yuta Watanabe; Keita Bates-Diop; Jordan Goodwin; 2026 second round pick (least favorable of Bucks, Magic, Pistons picks) (?-?); 2028 second round pick (?-?); 2029 second round pick (?-?)",2,7,"3-team trade with Grizzlies, Nets"
2024-06-27,Suns,Nuggets,rights to Ryan Dunn; rights to Kevin McCullar Jr.; 2026 second round pick (?-?); 2031 second round pick (?-?),rights to DaRon Holmes II,4,1,trade with Nuggets
2024-06-27,Suns,Knicks,rights to Osasere Ighodaro / Oso Ighodaro,rights to Kevin McCullar Jr.; 2028 second round pick (Celtics pick; protected top 45) (?-?),1,2,trade with Knicks
2024-07-29,Suns,Hawks,E.J. Liddell,David Roddy,1,1,trade with Hawks
2025-01-15,Suns,Hornets,"Nick Richards; 2025 second round pick (least favorable of 76ers, Nuggets picks) (#52-Alex Toohey)",Josh Okogie; 2026 second round pick (Nuggets pick) (?-?); 2031 second round pick (Nuggets pick) (?-?); 2031 second round pick (?-?),2,4,trade with Hornets
2025-01-21,Suns,Jazz,"2025 first round pick (least favorable of Cavaliers, Timberwolves picks) (#29-Liam McNeeley); 2027 first round pick (least favorable of Cavaliers, Jazz, Timberwolves picks) (?-?); 2029 first round pick (least favorable of Cavaliers, Jazz, Timberwolves (protected top 5) picks) (?-?)",2031 first round pick (?-?),3,1,trade with Jazz
2025-02-06,Suns,Hornets,"Cody Martin; Vasilije Micic / Vasa Micic; 2026 second round pick (least favorable of Nuggets, Warriors picks) (?-?)","Jusuf Nurkic; 2026 first round pick (least favorable of Grizzlies, Magic, Suns, Wizards) (?-?)",3,2,trade with Hornets
2025-06-30,Suns,Hornets,Mark Williams,"Vasilije Micic / Vasa Micic; rights to Liam McNeeley; 2029 first round pick (least favorable of Cavaliers, Jazz, Timberwolves picks) (?-?)",1,3,trade with Hornets
2025-07-06,Suns,"Hawks, Lakers, Nets, Rockets, Timberwolves, Warriors","Jalen Green; Dillon Brooks; Daeqwon Plowden; rights to Khaman Maluach; rights to Rasheer Fleming; rights to Koby Brea; 2026 second round pick (from Rockets) (second most favorable of 76ers, Mavericks, Thunder picks) (?-?); 2032 second round pick (from Rockets) (?-?)","Kevin Durant; rights to Alex Toohey; 2026 second round pick (least favorable ot Nuggets, Warriors picks) (?-?); 2032 second round pick (more favorable of Rockets, Suns picks) (?-?)",8,4,"7-team trade with Hawks, Lakers, Nets, Rockets, Timberwolves, Warriors"
2026-02-05,Suns,"Bucks, Bulls",Cole Anthony; Amir Coffey,Nick Richards; Nigel Hayes-Davis,2,2,"3-team trade with Bucks, Bulls"
2026-06-24,Suns,"Knicks, Lakers, Mavericks",rights to Koa Peat,rights to Tyler Nickel; second round pick (?-?)**; second round pick (?-?)**,1,3,"4-team trade with Knicks, Lakers, Mavericks"
2026-07-13,Suns,Hornets,"Miles Bridges; 2027 second round pick (less favorable of Celtics, Magic picks) (?-?); 2029 first round pick (least favorable of Cavaliers, Hornets, Jazz, Timberwolves (protected top 5) picks) (?-?)",Grayson Allen; Royce O'Neale; 2033 first round pick (?-?),3,3,trade with Hornets
2014-02-19,Kings,Nets,Jason Terry; Reggie Evans,Marcus Thornton (Terrell),2,1,trade with Nets
2014-02-20,Kings,Heat,Roger Mason Jr.; cash considerations,2015 second round pick (protected #31-49 and #56-60) (not exercised),2,1,trade with Heat
2014-07-12,Kings,Suns,rights to Alex Oriakhi; $7M trade exemption,Isaiah Thomas,2,1,trade with Suns
2014-08-06,Kings,Knicks,Wayne Ellington; Jeremy Tyler; removal of protection on Knicks 2016 second round pick,Quincy Acy; Travis Outlaw,3,2,trade with Knicks
2014-09-17,Kings,Rockets,Alonzo Gee; Scotty Hopson; trade exception,Jason Terry; 2015 second round pick (protected #50-60) (#36-Rakeem Christmas); 2016 second round pick (#37-Chinanu Onuaku),3,3,trade with Rockets
2015-02-19,Kings,Wizards,Andre Miller,Ramon Sessions,1,1,trade with Wizards
2015-07-09,Kings,Spurs,2016 second round pick (#59-Isaiah Cousins),Ray McCallum Jr.,1,1,trade with Spurs
2015-07-09,Kings,76ers,rights to Arturas Gudaitis; rights to Luka Mitrovic; 76ers option to swap 2016 first round picks with Kings (Kings pick protected #11-30) (not exercised); 76ers option to swap 2017 first round picks with Kings (Kings pick protected #11-30 if Kings do not convey first round pick to Cavaliers in 2016) (#5-De'Aaron Fox),"Nik Stauskas; Jason Thompson; Carl Landry; 76ers option to swap 2016 first round picks with Kings (Kings pick protected #11-30, else extinguished) (not exercised); 76ers option to swap 2017 first round picks with Kings (Kings pick protected #11-30 if Kings do not convey first round pick to Cavaliers in 2016) (#3-Jayson Tatum); first round pick (at least 2 years after Kings convey first round pick to Cavaliers from earlier trade, protected top 10 in 2018, unprotected in 2019) (2019 #14-Romeo Langford)",4,6,trade with 76ers
2016-06-23,Kings,Suns,rights to Bogdan Bogdanovic; rights to Georgios Papagiannis / Giorgios Papagiannis / George Papagiannis; rights to Skal Labissiere; 2020 second round pick (#35-Xavier Tillman),rights to Marquese Chriss,4,1,trade with Suns
2016-07-07,Kings,Hornets,rights to Malachi Richardson,Marco Belinelli,1,1,trade with Hornets
2017-02-19,Kings,Pelicans,"Buddy Hield; Tyreke Evans; Langston Galloway; first round pick (protected top 3 in 2017, unprotected in 2018) (2017 #10-Zach Collins); 2017 second round pick (#34-Frank Mason)",DeMarcus Cousins; Omri Casspi,5,2,trade with Pelicans
2017-06-22,Kings,Blazers,rights to Justin Jackson (Aaron); rights to Harry Giles III,rights to Zach Collins,2,1,trade with Blazers
2018-02-08,Kings,Raptors,Bruno Caboclo,Malachi Richardson,1,1,trade with Raptors
2018-02-08,Kings,"Cavaliers, Jazz",Joe Johnson; Iman Shumpert; rights to Dimitrios Agravanis; 2020 second round pick (from Cavaliers) (#50-Skylar Mays); $2.1M cash (from Cavaliers); $1.1M cash (from Jazz),George Hill; rights to Arturas Gudaitis,6,2,"3-team trade with Cavaliers, Jazz"
2018-06-21,Kings,Blazers,"2019 second round pick (more favorable of Lakers, Timberwolves picks) (#40-Justin James); 2021 second round pick (#48-Sharife Cooper); cash",rights to Gary Trent Jr.,3,1,trade with Blazers
2018-07-17,Kings,Grizzlies,Ben McLemore; Deyonta Davis; 2021 second round pick (#46-Dalano Banton); $1.5M cash,Garrett Temple,4,1,trade with Grizzlies
2019-02-07,Kings,Mavericks,Harrison Barnes,Justin Jackson (Aaron); Zach Randolph,1,2,trade with Mavericks
2019-02-07,Kings,Kings,Caleb Swanigan,Skal Labissiere,1,1,trade with Kings
2019-02-07,Kings,"Cavaliers, Rockets",Alec Burks; 2020 second round pick (from Rockets) (#52-Kenyon Martin Jr. / K.J. Martin),Iman Shumpert,2,1,"3-team trade with Cavaliers, Rockets"
2019-06-20,Kings,Knicks,rights to Kyle Guy; $1M cash considerations,rights to Ignas Brazdeikis / Iggy Brazdeikis,2,1,trade with Knicks
2020-01-21,Kings,Blazers,Kent Bazemore; Anthony Tolliver; 2024 second round pick (#33-Tyler Smith); 2025 second round pick (#39-Alijah Martin),Trevor Ariza; Wenyen Gabriel; Caleb Swanigan,4,3,trade with Blazers
2020-02-06,Kings,Hawks,Jabari Parker; Alex Len,"Dewayne Dedmon; 2020 second round pick (more favorable of (a) Heat pick, (b) less favorable of Rockets, Warriors picks) (#50-Skylar Mays); 2021 second round pick (#48-Sharife Cooper)",2,3,trade with Hawks
2020-11-18,Kings,Grizzlies,"rights to Robert Woodard II; 2022 second round pick (less favorable of Bulls, Pistons picks) (#49-Isaiah Mobley)",rights to Xavier Tillman,2,1,trade with Grizzlies
2020-11-25,Kings,Rockets,2021 second round pick (#52-Luka Garza); cash,rights to Kenyon Martin Jr. / K.J. Martin,2,1,trade with Rockets
2021-03-22,Kings,Clippers,Mfiondu Kabengele; 2022 second round pick (protected top 55) (not exercised); $2.75M cash,2022 second round pick (protected #31-54) (not exercised),3,1,trade with Clippers
2021-03-25,Kings,Heat,Maurice Harkless / Moe Harkless; Chris Silva,Nemanja Bjelica,2,1,trade with Heat
2021-03-25,Kings,Raptors,Terence Davis,2021 second round pick (#46-Dalano Banton),1,1,trade with Raptors
2021-03-25,Kings,Pistons,Delon Wright,Cory Joseph; 2021 second round pick (#52-Luka Garza),1,2,trade with Pistons
2021-08-07,Kings,"Celtics, Hawks",Tristan Thompson,Delon Wright,1,1,"3-team trade with Celtics, Hawks"
2022-02-08,Kings,Pacers,Domantas Sabonis; Justin Holiday; Jeremy Lamb; 2023 second round pick (protected #56-60) (#38-Jordan Walsh),Tyrese Haliburton; Buddy Hield; Tristan Thompson,4,3,trade with Pacers
2022-02-10,Kings,"Bucks, Clippers, Pistons",Donte DiVincenzo; Josh Jackson; Trey Lyles; rights to David Michineau,Marvin Bagley III; rights to Vanja Marinkovic; 2024 second round pick (#33-Tyler Smith),4,3,"4-team trade with Bucks, Clippers, Pistons"
2022-06-23,Kings,Cavaliers,rights to Aleksandar Vezenkov / Sasha Vezenkov; cash considerations,2022 second round pick (#49-Isaiah Mobley),2,1,trade with Cavaliers
2022-06-23,Kings,Mavericks,2024 second round pick (#54-Anton Watson); 2028 second round pick (?-?),rights to Jaden Hardy,2,1,trade with Mavericks
2022-07-06,Kings,Hawks,Kevin Huerter,"Justin Holiday; Maurice Harkless / Moe Harkless; draft pick(s) (first round pick protected top 14 in 2024, top 12 in 2025, top 10 in 2026, else 2026 second round pick, 2027 second round pick) (2025 #13-Derik Queen)",1,3,trade with Hawks
2023-02-07,Kings,Nets,Kessler Edwards; cash,David Michineau,2,1,trade with Nets
2023-06-28,Kings,Celtics,rights to Colby Jones,rights to Jordan Walsh; 2024 second round pick (Mavericks pick) (#54-Anton Watson),1,2,trade with Celtics
2023-07-06,Kings,Mavericks,cash considerations,Richaun Holmes; rights to Olivier-Maxence Prosper,1,2,trade with Mavericks
2023-07-06,Kings,Pacers,Chris Duarte,2028 second round pick (?-?); 2030 second round pick (?-?),1,2,trade with Pacers
2023-11-09,Kings,Clippers,Filip Petrusev; cash,rights to Luka Mitrovic,2,1,trade with Clippers
2024-02-08,Kings,Bucks,Robin Lopez; cash considerations,rights to Dimitrios Agravanis,2,1,trade with Bucks
2024-06-28,Kings,Raptors,Jalen McDaniels,Davion Mitchell; Aleksandar Vezenkov / Sasha Vezenkov; rights to Jamal Shead; 2025 second round pick (#39-Alijah Martin),1,4,trade with Raptors
2024-07-08,Kings,"Bulls, Spurs",DeMar DeRozan; Spurs option to swap 2031 first round picks with Kings (?-?),Chris Duarte; Harrison Barnes; 2025 second round pick (#45-Rocco Zikarsky); 2028 second round pick (?-?); Spurs option to swap 2031 first round picks with Kings (?-?),2,5,"3-team trade with Bulls, Spurs"
2024-10-15,Kings,Spurs,2025 second round pick (Bulls pick; protected top 55) (not exercised),Jalen McDaniels; 2031 second round pick (?-?); $1M / $2M cash,1,3,trade with Spurs
2025-02-03,Kings,"Bulls, Spurs","Zach LaVine; Sidy Cissoko; 2025 first round pick (from Spurs) (Hornets pick protected top 14 in 2025 else 2026 second round pick, 2027 second round pick) (?-?); 2025 second round pick (from Spurs) (Bulls pick) (#42-Maxime Raynaud); 2027 first round pick (from Spurs) (?-?); 2028 second round pick (from Bulls) (Kings pick) (?-?); 2028 second round pick (from Spurs) (Nuggets pick) (?-?); 2031 first round pick (from Spurs) (Timberwolves pick) (?-?)",De'Aaron Fox; Kevin Huerter; Jordan McLaughlin,8,3,"3-team trade with Bulls, Spurs"
2025-02-05,Kings,Wizards,Jonas Valanciunas,Sidy Cissoko; 2028 second round pick (?-?); 2029 second round pick (?-?),1,3,trade with Wizards
2025-02-06,Kings,"Grizzlies, Wizards",Jake LaRavia,Colby Jones; Alex Len; 2028 second round pick (?-?),1,3,"3-team trade with Grizzlies, Wizards"
2025-06-25,Kings,Thunder,rights to Nique Clifford,"2027 first round pick (Spurs pick) (protected top 16, else 2027 second round pick, 2027 second round pick (Hornets pick)) (?-?)",1,1,trade with Thunder
2025-07-07,Kings,Pistons,"Dennis Schröder; 2029 second round pick (least favorable of Bucks, Knicks, Pistons picks) (?-?)",2026 second round pick (Hornets pick) (protected top 55) (?-?),2,1,trade with Pistons
2025-07-13,Kings,Nuggets,Dario Saric,Jonas Valanciunas,1,1,trade with Nuggets
2026-02-01,Kings,"Bulls, Cavaliers",De'Andre Hunter,"Dario Saric; Dennis Schröder; Keon Ellis; 2029 second round pick (least favorable of Bucks, Knicks, Pistons picks) (?-?)",1,4,"3-team trade with Bulls, Cavaliers"
2026-06-24,Kings,Cavaliers,rights to Alex Karaban,rights to Meleek Thomas; 2032 second round pick (?-?)**,1,2,trade with Cavaliers
2026-06-30,Kings,Hawks,rights to Alpha Kaba,Devin Carter; 2033 second round pick (?-?)**,1,2,trade with Hawks
2014-02-20,Spurs,Raptors,Austin Daye,Nando De Colo,1,1,trade with Raptors
2014-06-26,Spurs,76ers,rights to Nemanja Dangubic,rights to Cory Jefferson; rights to Jordan McRae,1,2,trade with 76ers
2015-07-09,Spurs,Kings,Ray McCallum Jr.,2016 second round pick (#59-Isaiah Cousins),1,1,trade with Kings
2015-07-09,Spurs,Hawks,rights to Giorgos Printezis; 2017 second round pick (protected top 55) (not exercised),Tiago Splitter,2,1,trade with Hawks
2016-07-07,Spurs,Jazz,rights to Olivier Hanlan; traded player exception,Boris Diaw; 2022 second round pick (#39-Khalifa Diop); cash considerations,2,3,trade with Jazz
2018-07-18,Spurs,Raptors,"DeMar DeRozan; Jakob Poeltl; draft pick(s) (2019 first round pick protected top 20 in 2019, else 2020 second round pick, 2023 second round pick) (2019 #29-Keldon Johnson)",Kawhi Leonard; Danny Green; $5M cash,3,3,trade with Raptors
2019-07-06,Spurs,"Nets, Wizards",DeMarre Carroll,Davis Bertans; rights to Nemanja Dangubic,1,2,"3-team trade with Nets, Wizards"
2021-03-25,Spurs,Warriors,Marquese Chriss; cash considerations,rights to Cady Lalanne,2,1,trade with Warriors
2021-08-06,Spurs,"Lakers, Nets, Pacers, Wizards","Chandler Hutchison; 2022 second round pick (from Wizards) (most favorable of Bulls, Lakers, Pistons picks) (#33-Christian Koloko)",rights to Nikola Milutinov,2,1,"5-team trade with Lakers, Nets, Pacers, Wizards"
2021-08-08,Spurs,Pacers,"Doug McDermott; 2023 second round pick (protected top 55) (not exercised); Spurs option to swap 2026 second round picks with Pacers (less favorable of Heat, Pacers picks) (?-?)",2023 second round pick (protected top 55) (not exercised); Spurs option to swap 2026 second round picks with Pacers (?-?),3,2,trade with Pacers
2021-08-11,Spurs,Bulls,"Thaddeus Young; Al-Farouq Aminu; 2022 second round pick (#38-Kennedy Chandler); draft pick (first round pick 2 years after Bulls send first round pick to Magic from earlier trade; protected top 10 in first year, top 8 in second and third year, else 2028 second round pick) (2025 #12-Noa Essengue); 2025 second round pick (#42-Maxime Raynaud)",DeMar DeRozan,5,1,trade with Bulls
2022-01-19,Spurs,"Celtics, Nuggets",Juancho Hernangomez / Juan Hernangomez; 2028 second round pick (protected top 33) (from Nuggets) (?-?); $2.15M cash (from Celtics); $200K cash (from Nuggets),Bryn Forbes,4,1,"3-team trade with Celtics, Nuggets"
2022-02-09,Spurs,"Blazers, Jazz","Tomas Satoransky; 2027 second round pick (from Jazz) (least favorable of Heat, Pacers, Rockets, Thunder picks) (?-?)",Juancho Hernangomez / Juan Hernangomez,2,1,"3-team trade with Blazers, Jazz"
2022-02-10,Spurs,Raptors,"Goran Dragic; draft pick(s) (first round pick protected top 14 in 2022, top 13 in 2023, else 2023 second round pick, 2026 second round pick) (2022 #20-Malaki Branham)","Thaddeus Young; Drew Eubanks; 2022 second round pick (more favorable of Bulls, Pistons picks) (#33-Christian Koloko)",2,3,trade with Raptors
2022-02-10,Spurs,Celtics,"Josh Richardson; Romeo Langford; draft pick (from Celtics) (first round pick protected top 4 in 2022-23, else 2023 second round pick) (2022 #25-Blake Wesley); Spurs option to swap 2028 first round picks with Celtics (protected top 1, else 2028 second round pick (protected #46-60)) (?-?)",Derrick White; Spurs option to swap 2028 first round picks with Celtics (protected top 1) (?-?),4,2,trade with Celtics
2022-06-23,Spurs,Grizzlies,2024 second round pick (#48-Harrison Ingram); $1M cash,rights to Kennedy Chandler,2,1,trade with Grizzlies
2022-06-30,Spurs,Hawks,"Danilo Gallinari; draft pick(s) (first round pick protected top 16 in 2023, top 14 in 2024-25, else 2026 second round pick, 2027 second round pick) (?-?); 2025 first round pick (#14-Carter Bryant); Spurs option to swap 2026 first round picks with Hawks (?-?); 2027 first round pick (?-?)",Dejounte Murray; Jock Landale; Spurs option to swap 2026 first round picks with Hawks (?-?),5,3,trade with Hawks
2023-01-05,Spurs,Celtics,Noah Vonleh; cash considerations,2024 second round pick (protected top 55) (not exercised),2,1,trade with Celtics
2023-02-07,Spurs,Heat,Dewayne Dedmon; 2028 second round pick (?-?)*,cash considerations,2,1,trade with Heat
2023-02-09,Spurs,Raptors,"Khem Birch; 2023 second round pick (#44-Sidy Cissoko); draft pick(s) (first round pick protected top 6 in 2024-26, else 2026 second round pick, 2027 second round pick) (2024 #8-Rob Dillingham); 2025 second round pick (#37-Chaz Lanier)",Jakob Poeltl,4,1,trade with Raptors
2023-02-09,Spurs,Pelicans,"Devonte' Graham; 2024 second round pick (more favorable of Bulls, Pelicans picks) (#41-Adem Bona); 2026 second round pick (less favorable of Blazers, Pelicans picks) (?-?); 2028 second round pick (?-?); 2029 second round pick (?-?)",Josh Richardson,5,1,trade with Pelicans
2023-06-28,Spurs,Timberwolves,2026 second round pick (Jazz pick) (?-?); 2028 second round pick (?-?),rights to Leonard Miller,2,1,trade with Timberwolves
2023-07-06,Spurs,"Cavaliers, Heat","Cedi Osman; Lamar Stevens; 2026 second round pick (from Heat) (least favorable of 76ers, Mavericks, Thunder picks) (?-?); 2030 second round pick (from Cavaliers) (?-?); cash considerations","2027 second round pick (least favorable of Heat, Pacers, Rockets, Spurs, Thunder picks) (?-?)",5,1,"3-team trade with Cavaliers, Heat"
2023-07-12,Spurs,"Celtics, Mavericks",Reggie Bullock; Spurs option to swap 2030 first round picks with Mavericks (?-?),"2024 second round pick (more favorable of Bulls, Pelicans picks) (#41-Adem Bona); 2025 second round pick (Raptors pick) (#37-Chaz Lanier); 2028 second round pick (Heat pick) (?-?); Spurs option to swap 2030 first round picks with Mavericks (?-?)",2,4,"3-team trade with Celtics, Mavericks"
2023-07-17,Spurs,Suns,Cameron Payne; 2025 second round pick (#34-Ryan Kalkbrenner); cash,2024 second round pick (protected #31-49 and #55-59) (not exercised),3,1,trade with Suns
2024-02-08,Spurs,"76ers, Pacers",Marcus Morris; 2029 second round pick (from 76ers) (?-?),Doug McDermott,2,1,"3-team trade with 76ers, Pacers"
2024-06-26,Spurs,Timberwolves,Spurs option to swap 2030 first round picks with Timberwolves (?-?); 2031 first round pick (?-?),rights to Rob Dillingham; Spurs option to swap 2030 first round picks with Timberwolves (?-?),2,2,trade with Timberwolves
2024-07-06,Spurs,Hornets,cash considerations,Devonte' Graham; 2025 second round pick (Pelicans pick) (#34-Ryan Kalkbrenner),1,2,trade with Hornets
2024-07-06,Spurs,Pacers,rights to Juan Nunez; cash considerations,rights to Johnny Furphy,2,1,trade with Pacers
2024-07-08,Spurs,"Bulls, Kings",Harrison Barnes; Spurs option to swap 2031 first round picks with Kings (?-?),RaiQuan Gray; Spurs option to swap 2031 first round picks with Kings (?-?),2,2,"3-team trade with Bulls, Kings"
2024-10-15,Spurs,Kings,Jalen McDaniels; 2031 second round pick (?-?); $1M / $2M cash,2025 second round pick (Bulls pick; protected top 55) (not exercised),3,1,trade with Kings
2025-02-03,Spurs,"Bulls, Kings",De'Aaron Fox; Jordan McLaughlin,"Zach Collins; Tre Jones; Sidy Cissoko; 2025 first round pick (from Spurs) (Hornets pick protected top 14 in 2025 else 2026 second round pick, 2027 second round pick) (?-?); 2025 second round pick (Bulls pick) (#42-Maxime Raynaud); 2027 first round pick (?-?); 2028 second round pick (from Bulls) (Kings pick) (?-?); 2028 second round pick (Nuggets pick) (?-?); 2031 first round pick (from Spurs) (Timberwolves pick) (?-?)",2,9,"3-team trade with Bulls, Kings"
2025-02-06,Spurs,"Bucks, Knicks, Wizards",Patrick Baldwin Jr.; cash considerations (from Bucks),2026 second round pick (protected top 55) (not exercised),2,1,"4-team trade with Bucks, Knicks, Wizards"
2025-07-06,Spurs,Pacers,2030 second round pick (Kings pick) (?-?); cash considerations,rights to Kam Jones,2,1,trade with Pacers
2025-07-09,Spurs,Wizards,Kelly Olynyk,"Malaki Branham; Blake Wesley; 2026 second round pick (least favorable of 76ers, Spurs, Thunder picks) (?-?)",1,3,trade with Wizards
2026-06-24,Spurs,Nuggets,rights to Tarris Reed Jr.,rights to Trevon Brazile; second round pick (?-?)**; second round pick (?-?)**,1,3,trade with Nuggets
2014-02-20,Raptors,Spurs,Nando De Colo,Austin Daye,1,1,trade with Spurs
2014-06-26,Raptors,Nets,cash,rights to Xavier Thames,1,1,trade with Nets
2014-06-30,Raptors,Hawks,Louis Williams / Lou Williams; rights to Lucas Nogueira,John Salmons; 2015 second round pick (#50-Marcus Eriksson),2,2,trade with Hawks
2014-07-10,Raptors,Jazz,Diante Garrett,Steve Novak; 2017 second round pick (#36-Jonah Bolden),1,2,trade with Jazz
2015-06-25,Raptors,Bucks,"rights to Norman Powell; first round pick (protected top 14 in 2017-19, else 2020 second round pick, 2021 second round pick) (2017 #23-Ogugua Anunoby / O.G. Anunoby)",Greivis Vasquez,2,1,trade with Bucks
2015-06-30,Raptors,Thunder,Luke Ridnour; cash,rights to Tomislav Zubcic; trade exception,2,2,trade with Thunder
2017-02-14,Raptors,Magic,Serge Ibaka,"Terrence Ross; draft pick(s) (less favorable of Clippers, Raptors first round picks, Clippers pick protected top 14 in 2017-19, Raptors pick protected top 10 in 2017, top 14 in 2018-22, else Raptors 2022 second round pick, Raptors 2023 second round pick) (2017 #25-Anzejs Pasecniks)",1,2,trade with Magic
2017-02-23,Raptors,Suns,P.J. Tucker,Jared Sullinger; 2017 second round pick (#54-Alec Peters); 2018 second round pick (#59-George King),1,3,trade with Suns
2017-07-13,Raptors,Nets,Justin Hamilton (Anthony),"DeMarre Carroll; draft pick(s) (first round pick protected top 14 in 2018-23, else 2023 second round pick and 2024 second round pick) (2018 #29-Dzanan Musa); 2018 second round pick (less favorable of Lakers, Magic picks) (#40-Rodions Kurucs)",1,3,trade with Nets
2017-07-14,Raptors,Pacers,rights to Emir Preldžic,Cory Joseph,1,1,trade with Pacers
2018-02-08,Raptors,Kings,Malachi Richardson,Bruno Caboclo,1,1,trade with Kings
2018-07-18,Raptors,Spurs,Kawhi Leonard; Danny Green; $5M cash,"DeMar DeRozan; Jakob Poeltl; draft pick(s) (2019 first round pick protected top 20 in 2019, else 2020 second round pick, 2023 second round pick) (2019 #29-Keldon Johnson)",3,3,trade with Spurs
2019-02-06,Raptors,76ers,cash considerations,Malachi Richardson; rights to Emir Preldžic; 2022 second round pick (#51-Tyrese Martin),1,3,trade with 76ers
2019-02-07,Raptors,Grizzlies,Marc Gasol,Jonas Valanciunas; Delon Wright; C.J. Miles; 2024 second round pick (#36-Juan Nunez),1,4,trade with Grizzlies
2019-02-07,Raptors,Nets,cash considerations,Greg Monroe; 2021 second round pick (#37-J.T. Thor),1,2,trade with Nets
2021-03-25,Raptors,Blazers,Gary Trent Jr.; Rodney Hood,Norman Powell,2,1,trade with Blazers
2021-03-25,Raptors,Kings,2021 second round pick (#46-Dalano Banton),Terence Davis,1,1,trade with Kings
2021-03-25,Raptors,Jazz,2021 second round pick (#47-David Johnson (Ricardo)),Matt Thomas,1,1,trade with Jazz
2021-08-06,Raptors,Heat,Precious Achiuwa; Goran Dragic,Kyle Lowry,2,1,trade with Heat
2022-02-10,Raptors,Spurs,"Thaddeus Young; Drew Eubanks; 2022 second round pick (more favorable of Bulls, Pistons picks) (#33-Christian Koloko)","Goran Dragic; draft pick(s) (first round pick protected top 14 in 2022, top 13 in 2023, else 2023 second round pick, 2026 second round pick) (2022 #20-Malaki Branham)",3,2,trade with Spurs
2023-02-09,Raptors,Spurs,Jakob Poeltl,"Khem Birch; 2023 second round pick (#44-Sidy Cissoko); draft pick(s) (first round pick protected top 6 in 2024-26, else 2026 second round pick, 2027 second round pick) (2024 #8-Rob Dillingham); 2025 second round pick (#37-Chaz Lanier)",1,4,trade with Spurs
2023-12-30,Raptors,Knicks,R.J. Barrett; Immanuel Quickley; 2024 second round pick (#31-Jonathan Mogbo),Ogugua Anunoby / O.G. Anunoby; Malachi Flynn; Precious Achiuwa,3,3,trade with Knicks
2024-01-17,Raptors,"Pacers, Pelicans","Bruce Brown; Kira Lewis Jr.; Jordan Nwora; draft pick(s) (from Pacers) (first round pick protected top 3 in 2024, else 2024 second round pick (least favorable of Cavaliers, Jazz, Pacers picks), 2025 second round pick (2024 #19-Ja'Kobe Walter); 2024 first round pick (from Pacers) (least favorable of Clippers, Jazz (protected top 10), Rockets (protected top 4), Thunder picks) (#29-Isaiah Collier); draft pick(s) (from Pacers) (first round protected top 4 in 2026-27, else 2027 second round pick (Jazz pick), 2028 second round pick (Mavericks pick)) (2026 #5-Keaton Wagler)",Pascal Siakam,6,1,"3-team trade with Pacers, Pelicans"
2024-02-08,Raptors,Jazz,Kelly Olynyk; Ochai Agbaji,"Otto Porter Jr.; Kira Lewis Jr.; 2024 first round pick (least favorable of Clippers, Jazz (protected top 10), Rockets (protected top 4), Thunder picks) (#29-Isaiah Collier)",2,3,trade with Jazz
2024-02-08,Raptors,Nets,Spencer Dinwiddie,Dennis Schröder; Thaddeus Young,1,2,trade with Nets
2024-06-28,Raptors,Kings,Davion Mitchell; Aleksandar Vezenkov / Sasha Vezenkov; rights to Jamal Shead; 2025 second round pick (#39-Alijah Martin),Jalen McDaniels,4,1,trade with Kings
2024-07-07,Raptors,"Grizzlies, Pistons, Timberwolves",rights to Ulrich Chomche,cash considerations,1,1,"4-team trade with Grizzlies, Pistons, Timberwolves"
2025-02-06,Raptors,Pacers,James Wiseman; cash considerations,2026 second round pick (protected top 55) (?-?),2,1,trade with Pacers
2025-02-06,Raptors,"Heat, Jazz, Pistons, Warriors",P.J. Tucker; 2026 second round pick (from Heat) (Lakers pick) (?-?); cash (from Heat),Davion Mitchell,3,1,"5-team trade with Heat, Jazz, Pistons, Warriors"
2025-02-06,Raptors,Pelicans,Brandon Ingram,"Bruce Brown; Kelly Olynyk; draft pick(s) (Pacers first round pick protected top 4 in 2026, first round pick protected top 4 in 2027, else second round pick, second round pick) (2026 #5-Keaton Wagler); 2031 second round pick (?-?)",1,4,trade with Pelicans
2026-02-05,Raptors,Warriors,Trayce Jackson-Davis,2026 second round pick (Lakers pick) (?-?),1,1,trade with Warriors
2026-02-05,Raptors,"Clippers, Nets",Chris Paul,Ochai Agbaji; 2032 second round pick (?-?),1,2,"3-team trade with Clippers, Nets"
2014-06-26,Jazz,Grizzlies,"2016 second round pick (more favorable of Celtics, Raptors picks) (#52-Joel Bolomboy)",rights to Jarnell Stokes,1,1,trade with Grizzlies
2014-07-10,Jazz,Raptors,Steve Novak; 2017 second round pick (#36-Jonah Bolden),Diante Garrett,2,1,trade with Raptors
2014-07-22,Jazz,Cavaliers,Carrick Felix; 2015 second round pick (#54-Daniel Diez / Dani Diez); cash,John Lucas III; Malcolm Thomas (b. 1988-11-08); Erik Murphy,3,3,trade with Cavaliers
2015-02-19,Jazz,"Pistons, Thunder","Grant Jerrett; Kendrick Perkins; rights to Tibor Pleiss; 2017 second round pick (from Pistons) (#42-Thomas Bryant); first round pick (from Thunder) (pick can be conveyed only 2 years after Thunder convey first round pick to 76ers from earlier trade, protected top 14 in 2017-20, else 2020 second round pick, 2021 second round pick) (2018 #20-Josh Okogie)",Enes Kanter / Enes Freedom; Steve Novak,5,2,"3-team trade with Pistons, Thunder"
2015-06-25,Jazz,Blazers,cash considerations,rights to Daniel Diez / Dani Díez,1,1,trade with Blazers
2016-02-18,Jazz,"Bulls, Hawks",Shelvin Mack,2018 second round pick (#47-Sviatoslav Mykhailiuk / Svi Mykhailiuk),1,1,"3-team trade with Bulls, Hawks"
2016-06-23,Jazz,Nets,rights to Marcus Paige; $3M cash,rights to Isaiah Whitehead,2,1,trade with Nets
2016-07-07,Jazz,"Hawks, Pacers",George Hill,rights to Taurean Prince,1,1,"3-team trade with Hawks, Pacers"
2016-07-07,Jazz,Wizards,2021 second round pick (#43-Greg Brown III),Trey Burke,1,1,trade with Wizards
2016-07-07,Jazz,Spurs,Boris Diaw; 2022 second round pick (#39-Khalifa Diop); cash considerations,rights to Olivier Hanlan; traded player exception,3,2,trade with Spurs
2016-08-26,Jazz,76ers,Kendall Marshall,"Tibor Pleiss; 2017 second round pick (most favorable of Jazz, Knicks, Pistons, Warriors picks) (#36-Jonah Bolden); 2017 second round pick (least favorable of Jazz, Knicks, Pistons, Warriors picks) (#60-Alpha Kaba)",1,3,trade with 76ers
2017-06-22,Jazz,Lakers,rights to Tony Bradley,rights to Josh Hart; rights to Thomas Bryant,1,2,trade with Lakers
2017-06-22,Jazz,Nuggets,rights to Donovan Mitchell,Trey Lyles; rights to Tyler Lydon,1,2,trade with Nuggets
2017-06-30,Jazz,Timberwolves,Ricky Rubio,"draft pick(s) (first round pick protected top 14 in 2018-20, else 2020 second round pick and 2021 second round pick) (2018 #20-Josh Okogie)",1,1,trade with Timberwolves
2018-02-08,Jazz,"Cavaliers, Kings",Derrick Rose; Jae Crowder; Jazz option to swap 2024 second round picks with Cavaliers (?-?),Rodney Hood; Joe Johnson; Jazz option to swap 2024 second round picks with Cavaliers (?-?); $1.1M cash,3,4,"3-team trade with Cavaliers, Kings"
2018-06-21,Jazz,Rockets,cash,rights to Vincent Edwards / Vince Edwards,1,1,trade with Rockets
2018-11-29,Jazz,Cavaliers,Kyle Korver,Alec Burks; 2020 second round pick (#51-Justinian Jessup); 2021 second round pick (#43-Greg Brown III),1,3,trade with Cavaliers
2019-06-20,Jazz,"Pacers, Warriors",rights to Jarrell Brantley; rights to Miye Oni,2021 second round pick (#60-Georgios Kalaitzakis); $3M cash considerations,2,2,"3-team trade with Pacers, Warriors"
2019-07-06,Jazz,Grizzlies,Mike Conley Jr.,"Grayson Allen; Jae Crowder; Kyle Korver; rights to Darius Bazley; draft pick(s) (first round pick protected top 7, #15-30 in 2020-21, top 6 in 2022, top 3 in 2023, top 1 in 2024, else 2025 second round pick, 2026 second round pick) (2022 #22-Walker Kessler); traded player exception",1,6,trade with Grizzlies
2019-07-07,Jazz,Pelicans,2021 second round pick (#47-David Johnson (Ricardo)); 2023 second round pick (#49-Emoni Bates),Derrick Favors,2,1,trade with Pelicans
2019-12-23,Jazz,Cavaliers,Jordan Clarkson,Dante Exum; 2022 second round pick (#39-Khalifa Diop); 2023 second round pick (#49-Emoni Bates),1,3,trade with Cavaliers
2020-11-18,Jazz,Knicks,2020 first round pick (#27-Udoka Azubuike); 2020 second round pick (#38-Saben Lee),rights to Ante Tomic; 2020 first round pick (#23-Leandro Bolmaro),2,2,trade with Knicks
2020-11-18,Jazz,Pelicans,rights to Elijah Hughes,2022 second round pick (#52-Karlo Matkovic); cash considerations,1,2,trade with Pelicans
2020-11-22,Jazz,Pistons,cash; traded player exception,Tony Bradley; rights to Saben Lee,2,2,trade with Pistons
2020-11-23,Jazz,Knicks,cash considerations,"Ed Davis (Adam); 2023 second round pick (#39-Mouhamed Gueye (a)); 2024 second round pick (more favorable of Cavaliers, Jazz picks) (#38-Ajay Mitchell)",1,3,trade with Knicks
2020-11-27,Jazz,Cavaliers,cash considerations,Rayjon Tucker; 2027 second round pick (?-?),1,2,trade with Cavaliers
2021-03-25,Jazz,Raptors,Matt Thomas,2021 second round pick (#47-David Johnson (Ricardo)),1,1,trade with Raptors
2021-07-30,Jazz,Thunder,"2027 second round pick (least favorable of Heat, Pacers, Rockets, Thunder picks) (?-?); cash","Derrick Favors; draft pick (first round pick transferable 2 years after Jazz send first round pick to Grizzlies from earlier trade; protected top 10 in 2024-25, top 8 in 2026, else 2028 second round pick) (?-?)",2,2,trade with Thunder
2021-08-07,Jazz,Grizzlies,rights to Jared Butler; 2022 second round pick (#57-Jabari Walker); 2026 second round pick (protected #43-60) (?-?),rights to Santi Aldama,3,1,trade with Grizzlies
2021-08-07,Jazz,Warriors,Eric Paschall,2026 second round pick (protected #31-42) (?-?),1,1,trade with Warriors
2022-01-04,Jazz,Thunder,cash,Miye Oni; 2028 second round pick (?-?),1,2,trade with Thunder
2022-02-09,Jazz,"Blazers, Spurs",Nickeil Alexander-Walker; Juancho Hernangomez / Juan Hernangomez,"Joe Ingles; 2022 second round pick (#57-Jabari Walker); 2027 second round pick (least favorable of Heat, Pacers, Rockets, Thunder picks) (?-?)",2,3,"3-team trade with Blazers, Spurs"
2022-06-30,Jazz,Nets,"2023 first round pick (least favorable of 76ers, Nets, Rockets picks) (#28-Brice Sensabaugh)",Royce O'Neale,1,1,trade with Nets
2022-07-06,Jazz,Timberwolves,"Malik Beasley; Patrick Beverley; Leandro Bolmaro; Jarred Vanderbilt; rights to Walker Kessler; 2023 first round pick (#16-Keyonte George); 2025 first round pick (#21-Will Riley); Jazz option to swap 2026 first round picks with Timberwolves (unprotected if Jazz has sent first round pick to Thunder by 2025, else Jazz pick protected #9-30) (not exercised); 2027 first round pick (?-?); 2029 draft pick (first round pick protected top 5, else second round pick) (?-?)","Rudy Gobert; Jazz option to swap 2026 first round picks with Timberwolves (unprotected if Jazz has sent first round pick to Thunder by 2025, else Jazz pick protected #9-30) (not exercised)",10,2,trade with Timberwolves
2022-08-25,Jazz,Lakers,Talen Horton-Tucker; Stanley Johnson,Patrick Beverley,2,1,trade with Lakers
2022-09-03,Jazz,Cavaliers,"Lauri Markkanen; Collin Sexton; Ochai Agbaji; 2025 first round pick (#29-Liam McNeeley); Jazz option to swap 2026 first round pick (Timberwolves pick, if Jazz have the pick from prior conditional trade) with Cavaliers (?-?); 2027 first round pick (?-?); Jazz option to swap 2028 first round pick with Cavaliers (?-?); 2029 first round pick (?-?)","Donovan Mitchell; Jazz option to swap 2026 first round pick (Timberwolves pick, if Jazz have the pick from prior conditional trade) with Cavaliers (?-?); Jazz option to swap 2028 first round pick with Cavaliers (?-?)",8,3,trade with Cavaliers
2022-09-22,Jazz,Pistons,Kelly Olynyk; Saben Lee; cash,Bojan Bogdanovic,3,1,trade with Pistons
2023-02-09,Jazz,"Lakers, Timberwolves","Russell Westbrook; Juan Toscano-Anderson; Damian Jones; 2027 draft pick (from Lakers) (first round pick protected top 4, else second round pick) (?-?)",Malik Beasley; Jarred Vanderbilt; Mike Conley Jr.; Nickeil Alexander-Walker; 2025 second round pick (#31-Rasheer Fleming); 2026 second round pick (?-?),4,6,"3-team trade with Lakers, Timberwolves"
2023-07-07,Jazz,Hawks,John Collins (Martin),Rudy Gay; 2026 second round pick (protected #43-60) (?-?),1,2,trade with Hawks
2023-07-08,Jazz,Cavaliers,cash,Damian Jones,1,1,trade with Cavaliers
2024-02-08,Jazz,Raptors,"Otto Porter Jr.; Kira Lewis Jr.; 2024 first round pick (least favorable of Clippers, Jazz (protected top 10), Rockets (protected top 4), Thunder picks) (#29-Isaiah Collier)",Kelly Olynyk; Ochai Agbaji,3,2,trade with Raptors
2024-02-08,Jazz,Pistons,"Kevin Knox II; rights to Gabriele Procida; 2024 second round pick (more favorable of Grizzlies, Wizards picks) (#32-Kyle Filipowski)",Simone Fontecchio,3,1,trade with Pistons
2024-07-18,Jazz,Clippers,Russell Westbrook; rights to Balsa Koprivica; Jazz option to swap 2030 second round picks with Clippers (not exercised); cash considerations,Kris Dunn; Jazz option to swap 2030 second round picks with Clippers (not exercised),4,2,trade with Clippers
2025-01-21,Jazz,Suns,2031 first round pick (?-?),"2025 first round pick (least favorable of Cavaliers, Timberwolves picks) (#29-Liam McNeeley); 2027 first round pick (least favorable of Cavaliers, Jazz, Timberwolves picks) (?-?); 2029 first round pick (least favorable of Cavaliers, Jazz, Timberwolves (protected top 5) picks) (?-?)",1,3,trade with Suns
2025-02-01,Jazz,Clippers,P.J. Tucker; Mohamed Bamba / Mo Bamba; 2030 second round pick (?-?); cash considerations,Drew Eubanks; Patrick Mills / Patty Mills,4,2,trade with Clippers
2025-02-02,Jazz,"Lakers, Mavericks",Jalen Hood-Schifino; 2025 second round pick (from Mavericks) (#43-Jamir Watkins); 2025 second round pick (from Lakers) (Clippers pick) (#53-John Tonje),cash,3,1,"3-team trade with Lakers, Mavericks"
2025-02-06,Jazz,"Heat, Pistons, Raptors, Warriors","Kenyon Martin Jr. / K.J. Martin; Josh Richardson; 2028 second round pick (from Pistons) (least favorable of (a) Pistons pick (protected #56-60), (b) less favorable of Clippers, Hornets picks, (c) Heat pick, (d) Knicks pick) (?-?); 2031 second round pick (from Heat) (most favorable of Heat, Pacers picks) (?-?); cash (from Heat)",Dennis Schröder; P.J. Tucker,5,2,"5-team trade with Heat, Pistons, Raptors, Warriors"
2025-06-26,Jazz,Wizards,rights to Walter Clayton Jr.,"rights to Will Riley; rights to Jamir Watkins; 2031 second round pick (more favorable of Heat, Pacers picks) (?-?); 2032 second round pick (?-?)",1,4,trade with Wizards
2025-06-29,Jazz,Hornets,Jusuf Nurkic,"Collin Sexton; 2030 second round pick (most favorable of Clippers, Jazz picks) (?-?)",1,2,trade with Hornets
2025-07-07,Jazz,"Clippers, Heat",Kevin Love; Kyle Anderson; 2027 second round pick (from Clippers) (?-?),John Collins (Martin),3,1,"3-team trade with Clippers, Heat"
2025-08-06,Jazz,Celtics,"Georges Niang; 2027 second round pick (more favorable of Celtics, Magic picks) (?-?); 2031 second round pick (more favorable of (Cavaliers, Celtics picks) (?-?)",Reggie Luis Jr. / R.J. Luis,3,1,trade with Celtics
2026-02-03,Jazz,Grizzlies,Jaren Jackson Jr.; Vince Williams Jr.; John Konchar; Jock Landale,"Walter Clayton Jr.; Kyle Anderson; Taylor Hendricks; Georges Niang; 2027 draft pick (Lakers pick; first round pick protected top 4, else second round pick) (?-?); 2027 first round pick (most favorable of Cavaliers, Jazz, Timberwolves picks) (?-?); 2031 first round pick (Suns pick) (?-?)",4,7,trade with Grizzlies
2026-02-04,Jazz,Thunder,cash considerations,rights to Balsa Koprivica,1,1,trade with Thunder
2026-02-05,Jazz,Celtics,Chris Boucher; 2027 second round pick (Nuggets pick) (?-?); cash considerations,John Tonje,3,1,trade with Celtics
2026-02-05,Jazz,"Cavaliers, Hawks",Lonzo Ball; 2028 second round pick (from Cavaliers) (?-?); 2032 second round pick (from Cavaliers) (?-?); cash considerations (from Hawks),Jock Landale; cash considerations,4,2,"3-team trade with Cavaliers, Hawks"
2026-07-08,Jazz,Lakers,Jazz option to swap 2028 first round picks with Lakers (?-?); Jazz option to swap 2030 first round picks with Lakers (?-?); 2031 first round pick (?-?); 2033 first round pick (?-?),Walker Kessler; Jazz option to swap 2028 first round picks with Lakers (?-?); Jazz option to swap 2030 first round picks with Lakers (?-?),4,3,trade with Lakers
2014-02-20,Wizards,"76ers, Nuggets","Andre Miller; 2014 second round pick (protected top 45 and #51-60 in 2014, else extinguished) (from 76ers) (not exercised)",Jan Vesely; Eric Maynor; 2015 second round pick (#47-Arturas Gudaitis),2,3,"3-team trade with 76ers, Nuggets"
2014-06-26,Wizards,Lakers,cash,rights to Jordan Clarkson,1,1,trade with Lakers
2014-07-14,Wizards,"Pelicans, Rockets",Melvin Ely; trade exception,Trevor Ariza,2,1,"3-team trade with Pelicans, Rockets"
2014-07-16,Wizards,Mavericks,DeJuan Blair,rights to Emir Preldžic,1,1,trade with Mavericks
2014-07-19,Wizards,Celtics,Kris Humphries,"2015 second round pick (protected top 49 in 2015, else extinguished) (not exercised); trade exception",1,2,trade with Celtics
2015-02-19,Wizards,Kings,Ramon Sessions,Andre Miller,1,1,trade with Kings
2015-06-25,Wizards,"Hawks, Knicks",rights to Kelly Oubre Jr.,rights to Jerian Grant; 2016 second round pick (#44-Isaia Cordinier); 2019 second round pick (#36-Cody Martin),1,3,"3-team trade with Hawks, Knicks"
2015-07-09,Wizards,Bucks,Jared Dudley,"2020 second round pick (protected top 55; modified in subsequent trade to protected top 45 in 2020, else unprotected in 2022) (#39-Elijah Hughes)",1,1,trade with Bucks
2016-02-11,Wizards,Suns,Markieff Morris,Kris Humphries; DeJuan Blair; first round pick (protected top 9 in 2016-21) (2016 #13-Georgios Papagiannis / Giorgios Papagiannis / George Papagiannis),1,3,trade with Suns
2016-07-07,Wizards,Jazz,Trey Burke,2021 second round pick (#43-Greg Brown III),1,1,trade with Jazz
2017-02-22,Wizards,Nets,Bojan Bogdanovic; Chris McCullough,"Andrew Nicholson; Marcus Thornton (Terrell); first round pick (protected top 14 in 2017-21, top 10 in 2022, else 2022 second round pick, 2023 second round pick) (2017 #22-Jarrett Allen)",2,3,trade with Nets
2017-06-21,Wizards,Pelicans,Tim Frazier,2017 second round pick (#52-Edmond Sumner),1,1,trade with Pelicans
2018-02-08,Wizards,Hawks,2019 second round pick (protected top 55) (not exercised),Sheldon McClellan / Sheldon Mac; cash,1,2,trade with Hawks
2018-06-26,Wizards,Clippers,Austin Rivers,Marcin Gortat,1,1,trade with Clippers
2018-10-15,Wizards,Bucks,"modification of protection on 2020 second round pick previously traded from Wizards to Bucks in Jared Dudley trade (now protected top 45 in 2020, else unprotected in 2022)","Jodie Meeks; modification of protection on 2020 second round pick previously traded from Wizards to Bucks in Jared Dudley trade (now protected top 45 in 2020, else unprotected in 2022); cash",1,3,trade with Bucks
2018-12-07,Wizards,"Bucks, Cavaliers",Sam Dekker,Jason Smith; 2022 second round pick (#40-Bryce McGowens),1,2,"3-team trade with Bucks, Cavaliers"
2018-12-17,Wizards,Suns,Trevor Ariza,Kelly Oubre Jr.; Austin Rivers,1,2,trade with Suns
2019-02-06,Wizards,Pelicans,Wesley Johnson,Markieff Morris; 2023 second round pick (#37-Hunter Tyson),1,2,trade with Pelicans
2019-02-06,Wizards,Bulls,"Jabari Parker; Bobby Portis; 2023 second round pick (originally protected top 36, protection removed as part of subsequent trade) (#42-Tristan Vukcevic)",Otto Porter Jr.,3,1,trade with Bulls
2019-02-07,Wizards,"Bucks, Cavaliers",Sam Dekker,Jason Smith; 2022 second round pick (?-?); cash considerations,1,3,"3-team trade with Bucks, Cavaliers"
2019-02-07,Wizards,"Bucks, Cavaliers",Sam Dekker,Jason Smith; modification of protection on 2020 second round pick previously traded to Bucks (pick now unprotected); 2022 second round pick (?-?); cash,1,4,"3-team trade with Bucks, Cavaliers"
2019-06-21,Wizards,76ers,Jonathon Simmons; rights to Admiral Schofield,$2M cash,2,1,trade with 76ers
2019-07-06,Wizards,"Nets, Spurs",Davis Bertans,rights to Aaron White,1,1,"3-team trade with Nets, Spurs"
2019-07-06,Wizards,"Lakers, Pelicans",Isaac Bonga; Jemerrio Jones; Moritz Wagner; 2022 second round pick (from Lakers) (#38-Kennedy Chandler),$1.1M cash,4,1,"3-team trade with Lakers, Pelicans"
2019-07-06,Wizards,Grizzlies,C.J. Miles,Dwight Howard; traded player exception,1,2,trade with Grizzlies
2019-07-07,Wizards,Bulls,"2020 second round pick (more favorable of Bulls pick (protected #56-60), Grizzlies pick (protected #56-60); if one of the picks is protected, Wizards receive the other team's pick) (#37-Vit Krejci); Wizards option to swap Lakers 2022 second round picks with Bulls (#33-Christian Koloko); Bulls removed protection on 2023 second round pick owed to Wizards from previous trade","Tomas Satoransky; Wizards option to swap Lakers 2022 second round pick with Bulls (more favorable of Bulls, Pistons picks) (#38-Kennedy Chandler)",3,2,trade with Bulls
2020-02-06,Wizards,Nuggets,Shabazz Napier,Jordan McRae,1,1,trade with Nuggets
2020-02-06,Wizards,"Clippers, Knicks",Jerome Robinson,Isaiah Thomas; rights to Issuf Sanon / Yusuf Sanon,1,2,"3-team trade with Clippers, Knicks"
2020-11-19,Wizards,Thunder,rights to Cassius Winston; 2024 second round pick (#37-Bobi Klintman),Admiral Schofield; rights to Vit Krejci,2,2,trade with Thunder
2020-12-02,Wizards,Rockets,Russell Westbrook,"John Wall (Hildred); draft pick(s) (first round pick protected top 14 in 2023, top 12 in 2024, top 10 in 2025, top 8 in 2026, else 2026 second round pick, 2027 second round pick) (?-?)",1,2,trade with Rockets
2021-03-25,Wizards,"Bulls, Celtics",Daniel Gafford; Chandler Hutchison,Moritz Wagner / Moe Wagner; Troy Brown Jr.; cash,2,3,"3-team trade with Bulls, Celtics"
2021-08-06,Wizards,"Lakers, Nets, Pacers, Spurs",Kentavious Caldwell-Pope; Kyle Kuzma; Montrezl Harrell; Spencer Dinwiddie; Aaron Holiday; rights to Isaiah Todd; Nets option to swap 2025 second round picks (Warriors pick) with Wizards (from Wizards) (#48-Javon Small); cash (from Pacers),"Russell Westbrook; Chandler Hutchison; 2022 second round pick (most favorable of Bulls, Lakers, Pistons picks) (#33-Christian Koloko); 2023 second round pick (#42-Tristan Vukcevic); 2024 second round pick (less favorable of Grizzlies, Wizards picks) (#37-Bobi Klintman); 2024 second round pick (more favorable of Grizzlies, Wizards picks) (#32-Kyle Filipowski); Nets option to swap 2025 second round picks (Warriors pick) with Wizards (from Wizards) (#32-Noah Penda); 2028 second round pick (?-?)",8,8,"5-team trade with Lakers, Nets, Pacers, Spurs"
2022-02-10,Wizards,Suns,cash considerations,Aaron Holiday,1,1,trade with Suns
2022-02-10,Wizards,Hornets,"Vernon Carey Jr.; Ishmael Smith / Ish Smith; second round pick (protected top 45 in 2023, else Celtics 2024 second round pick) (2023 #57-Trayce Jackson-Davis)",Montrezl Harrell,3,1,trade with Hornets
2022-02-10,Wizards,Mavericks,Kristaps Porzingis; 2022 second round pick (protected top 45) (#54-Yannick Nzosa),Spencer Dinwiddie; Davis Bertans,2,2,trade with Mavericks
2022-07-06,Wizards,Nuggets,Will Barton; Monte Morris,Kentavious Caldwell-Pope; Ishmael Smith / Ish Smith,2,2,trade with Nuggets
2023-01-23,Wizards,Lakers,"Kendrick Nunn; 2023 second round pick (Bulls pick) (#42-Tristan Vukcevic); 2028 second round pick (less favorable of Lakers, Wizards) (?-?); 2029 second round pick (Lakers) (?-?)",Rui Hachimura,4,1,trade with Lakers
2023-06-23,Wizards,"Celtics, Grizzlies",Tyus Jones; Danilo Gallinari; Mike Muscala; rights to Julian Phillips,Kristaps Porzingis,4,1,"3-team trade with Celtics, Grizzlies"
2023-06-23,Wizards,Warriors,cash considerations,rights to Trayce Jackson-Davis,1,1,trade with Warriors
2023-06-24,Wizards,"Pacers, Suns","Chris Paul; Landry Shamet; rights to Bilal Coulibaly; Wizards option to swap 2024 first round picks (Wizards pick protected #13-30) with Suns (not exercised); 2024 second round pick (from Suns) (#51-Melvin Ajinca); 2025 second round pick (from Suns) (#40-Micah Peavy); Wizards option to swap 2026 first round picks with Suns (?-?); 2026 second round pick (from Suns) (?-?); 2027 second round pick (from Suns) (?-?); Wizards option to swap 2028 first round picks with Suns (less favorable of Nets, Suns picks) (?-?); Wizards option to swap 2030 first round picks with Suns (?-?); 2030 second round pick (from Suns) (?-?); ~$3.5M cash (from Suns)","Bradley Beal; Jordan Goodwin; Isaiah Todd; rights to Jarace Walker; Wizards option to swap 2024 first round picks (Wizards pick protected #13-30) with Suns (not exercised); Wizards option to swap 2026 first round picks with Suns (?-?); Wizards option to swap 2028 first round picks with Suns (less favorable of Nets, Suns picks) (?-?); 2029 second round pick (?-?); Wizards option to swap 2030 first round picks with Suns (?-?)",13,9,"3-team trade with Pacers, Suns"
2023-06-28,Wizards,Bulls,2026 second round pick (?-?); 2027 second round pick (?-?),rights to Julian Phillips,2,1,trade with Bulls
2023-07-06,Wizards,Warriors,"Patrick Baldwin Jr.; Jordan Poole; Ryan Rollins; 2027 second round pick (?-?); 2030 draft pick (first round protected top 20, else second round) (?-?); cash considerations",Chris Paul,6,1,trade with Warriors
2023-07-06,Wizards,Pistons,"2027 second round pick (more favorable of Mavericks, Nets picks) (?-?)",Monte Morris,1,1,trade with Pistons
2024-01-14,Wizards,Pistons,"Marvin Bagley III; Isaiah Livers; 2025 second round pick (more favorable of Pistons, Warriors picks) (#47-Bogoljub Markovic); 2026 second round pick (less favorable of (a) more favorable of Knicks, Timberwolves pick and (b) more favorable of Blazers, Pelicans picks) (?-?)",Danilo Gallinari; Mike Muscala,4,2,trade with Pistons
2024-02-08,Wizards,Mavericks,"Richaun Holmes; 2024 first round pick (second least favorable of Clippers, Jazz, Rockets, Thunder picks) (#26-Dillon Jones)",Daniel Gafford,2,1,trade with Mavericks
2024-06-27,Wizards,Knicks,rights to Kyshawn George,rights to Melvin Ajinca; rights to Dillon Jones,1,2,trade with Knicks
2024-07-06,Wizards,Blazers,"Malcolm Brogdon; rights to Carlton Carrington / Bub Carrington; 2028 second round pick (?-?); 2029 first round pick (second most favorable of Blazers, Bucks, Celtics picks) (?-?); 2030 second round pick (?-?)",Deni Avdija,5,1,trade with Blazers
2024-07-06,Wizards,Pelicans,Jonas Valanciunas,2027 second round pick (Bulls pick; originally protected top 50 but effectively removed with subsequent trade of pick back to Wizards) (?-?),1,1,trade with Pelicans
2025-02-05,Wizards,Kings,Sidy Cissoko; 2028 second round pick (Nuggets pick) (protected top 33) (?-?); 2029 second round pick (?-?),Jonas Valanciunas,3,1,trade with Kings
2025-02-06,Wizards,76ers,"Reggie Jackson; 2026 first round pick (least favorable of Clippers, Rockets (protected top 4), Thunder picks) (?-?)","Jared Butler; 2027 second round pick (more favorable of Suns, Warriors picks) (?-?); 2028 second round pick (Warriors pick) (?-?); 2030 second round pick (more favorable of Blazers, Suns picks) (?-?); 2030 second round pick (?-?)",2,5,trade with 76ers
2025-02-06,Wizards,"Grizzlies, Kings",Marcus Smart; Colby Jones; Alex Len; 2025 first round pick (from Grizzlies) (#18-Walter Clayton Jr.),Marvin Bagley III; Johnny Davis (Christian); 2025 second round pick (#48-Javon Small)*,4,3,"3-team trade with Grizzlies, Kings"
2025-02-06,Wizards,"Bucks, Knicks, Spurs","Khris Middleton; A.J. Johnson; rights to Mathias Lessort; Wizards option to swap 2028 first round picks (Wizards pick) with Bucks (least favorable of Blazers, Bucks picks) (?-?)","Kyle Kuzma; Patrick Baldwin Jr.; 2025 second round pick (second most favorable of Pistons, Suns, Warriors picks) (#47-Bogoljub Markovic); Wizards option to swap 2028 first round picks (Wizards pick) with Bucks (least favorable of Blazers, Bucks picks) (?-?)",4,4,"4-team trade with Bucks, Knicks, Spurs"
2025-06-26,Wizards,Jazz,"rights to Will Riley; rights to Jamir Watkins; 2031 second round pick (more favorable of Heat, Pacers picks) (?-?); 2032 second round pick (?-?)",rights to Walter Clayton Jr.,4,1,trade with Jazz
2025-06-28,Wizards,Thunder,Dillon Jones; 2029 second round pick (Rockets pick) (?-?),Colby Jones,2,1,trade with Thunder
2025-07-06,Wizards,"Pelicans, Rockets",C.J. McCollum; Kelly Olynyk; Cam Whitmore; 2027 second round pick (from Pelicans) (Bulls pick) (?-?),Jordan Poole; Saddiq Bey; rights to Micah Peavy; 2026 second round pick (Bulls pick) (?-?); 2029 second-round pick (Kings pick) (?-?),4,5,"3-team trade with Pelicans, Rockets"
2025-07-09,Wizards,Spurs,"Malaki Branham; Blake Wesley; 2026 second round pick (least favorable of 76ers, Spurs, Thunder picks) (?-?)",Kelly Olynyk,3,1,trade with Spurs
2026-01-09,Wizards,Hawks,Trae Young,C.J. McCollum; Corey Kispert,1,2,trade with Hawks
2026-02-05,Wizards,"Hornets, Mavericks",Anthony Davis; Jaden Hardy; D'Angelo Russell; Dante Exum,"Khris Middleton; A.J. Johnson; Marvin Bagley III; Malaki Branham; 2026 first round pick (least favorable of Clippers, Rockets (protected top 4), Thunder picks) (?-?); 2026 second round pick (Suns pick) (?-?); 2027 second round pick (Bulls pick) (?-?); 2029 second round pick (Rockets pick) (?-?); 2030 first round pick (from Wizards) (Warriors pick; protected top 20) (?-?)",4,9,"3-team trade with Hornets, Mavericks"
2026-06-24,Wizards,"Bucks, Magic",rights to Felix Okpara,rights to Izaiyah Nelson,1,1,"3-team trade with Bucks, Magic"
2026-07-07,Wizards,Lakers,DeAndre Ayton,Jaden Hardy; 2031 second round pick (?-?); 2032 second round pick (?-?),1,3,trade with Lakers
2026-07-08,Wizards,"Bucks, Clippers, Grizzlies, Mavericks, Pistons",Khris Middleton; Grizzlies option to swap 2032 second round picks with Wizards) (from Wizards) (?-?)**; 2033 second round pick (from Mavericks) (?-?)**,D'Angelo Russell; 2029 second round pick (?-?)**; Grizzlies option to swap 2032 second round picks with Wizards) (?-?)**; 2033 second round pick (?-?)**,3,4,"6-team trade with Bucks, Clippers, Grizzlies, Mavericks, Pistons"
